Accident_Index,Age_Band_of_Driver,Age_of_Vehicle,Driver_Home_Area_Type,Driver_IMD_Decile,Engine_Capacity_.CC.,Hit_Object_in_Carriageway,Hit_Object_off_Carriageway,Journey_Purpose_of_Driver,Junction_Location,make,model,Propulsion_Code,Sex_of_Driver,Skidding_and_Overturning,Towing_and_Articulation,Vehicle_Leaving_Carriageway,Vehicle_Location.Restricted_Lane,Vehicle_Manoeuvre,Vehicle_Reference,Vehicle_Type,Was_Vehicle_Left_Hand_Drive,X1st_Point_of_Impact,Year_x,Severity_Label,Weather_Conditions,Road_Surface_Conditions,Light_Conditions,Speed_limit,Urban_or_Rural_Area,Year_y
2007930003475,16 - 20,2.0,Urban area,,1995.0,,,Other/Not known (2005-10),Not at or within 20 metres of junction,BMW,X3 D SE,Heavy oil,Male,,No tow/articulation,Did not leave carriageway,0.0,Going ahead other,1.0,Car,No,Front,2007.0,Fatal,Raining no high winds,Wet or damp,Darkness - lights lit,30.0,Urban,2007.0
2007120550185,21 - 25,15.0,Rural,9.0,6871.0,,,Journey as part of work,Approaching junction or waiting/parked at junction approach,MAN,,Heavy oil,Male,,No tow/articulation,Did not leave carriageway,0.0,Parked,3.0,Goods 7.5 tonnes mgw and over,No,Back,2007.0,Slight,Fine no high winds,Dry,Daylight,30.0,Urban,2007.0
2007460145616,16 - 20,2.0,Urban area,8.0,1994.0,,Entered ditch,Other/Not known (2005-10),Not at or within 20 metres of junction,MG,ZR+ TD 115,Heavy oil,Male,Overturned,No tow/articulation,Nearside,0.0,Going ahead other,1.0,Car,No,Front,2007.0,Slight,Raining no high winds,Wet or damp,Darkness - lights lit,70.0,Rural,2007.0
200704AN07058,36 - 45,5.0,Urban area,1.0,1587.0,,,Other/Not known (2005-10),Not at or within 20 metres of junction,CITROEN,XSARA PICASSO LX 8V,Petrol,Male,,No tow/articulation,Did not leave carriageway,0.0,Going ahead other,2.0,Car,No,Nearside,2007.0,Slight,Fine no high winds,Dry,Daylight,20.0,Urban,2007.0
200797UC08906,36 - 45,,Rural,,1999.0,,Entered ditch,Other/Not known (2005-10),Not at or within 20 metres of junction,MAZDA,6 TS2 AUTO,Petrol,Male,,No tow/articulation,Did not leave carriageway,0.0,Going ahead other,1.0,Car,No,Front,2007.0,Serious,Raining no high winds,Wet or damp,Darkness - no lighting,60.0,Rural,2007.0
200511AK22020,21 - 25,16.0,Rural,8.0,123.0,Central island of roundabout,Road sign or traffic signal,Other/Not known (2005-10),Entering roundabout,KAWASAKI,,Petrol,Male,Skidded,No tow/articulation,Offside,0.0,Going ahead other,2.0,Motorcycle 125cc and under,No,Front,2005.0,Slight,Fine no high winds,Dry,Darkness - lights lit,60.0,Rural,2005.0
200797NC04004,36 - 45,2.0,Urban area,,1364.0,,,Commuting to/from work,Not at or within 20 metres of junction,VAUXHALL,ASTRA BREEZE,Petrol,Female,,No tow/articulation,Did not leave carriageway,0.0,Going ahead other,2.0,Car,No,Back,2007.0,Slight,Fine no high winds,Dry,Daylight,70.0,Rural,2007.0
200701ZD66017,26 - 35,6.0,Urban area,4.0,1000.0,,,Other/Not known (2005-10),Approaching junction or waiting/parked at junction approach,APRILIA,,Petrol,Male,,No tow/articulation,Did not leave carriageway,0.0,Waiting to go - held up,1.0,Motorcycle over 500cc,No,Did not impact,2007.0,Slight,Fine no high winds,Dry,Daylight,30.0,Urban,2007.0
2007920700531,36 - 45,8.0,Rural,,1781.0,,Tree,Other/Not known (2005-10),Not at or within 20 metres of junction,AUDI,A3 1.8T SPORT,Petrol,Female,Skidded and overturned,No tow/articulation,Nearside,0.0,Going ahead left-hand bend,1.0,Car,No,Front,2007.0,Slight,Raining no high winds,Wet or damp,Daylight,60.0,Rural,2007.0
2006440453071,Data missing or out of range,9.0,Data missing or out of range,,,,,Journey as part of work,Not at or within 20 metres of junction,DENNIS,,Heavy oil,Not known,,No tow/articulation,Did not leave carriageway,0.0,Overtaking moving vehicle - offside,2.0,Bus or coach (17 or more pass seats),No,Nearside,2006.0,Slight,Fine no high winds,Dry,Daylight,30.0,Urban,2006.0
200463AC16504,36 - 45,,Rural,,,,,Data missing or out of range,Data missing or out of range,TATA,LOADBETA TDI,,Male,,No tow/articulation,Did not leave carriageway,0.0,Going ahead other,3.0,109,Data missing or out of range,Nearside,2004.0,,,,,,,
200443S081044,46 - 55,2.0,Urban area,1.0,1686.0,,,Data missing or out of range,Data missing or out of range,VAUXHALL,ASTRA LS DTI,Heavy oil,Male,,No tow/articulation,Did not leave carriageway,0.0,Going ahead left-hand bend,1.0,109,Data missing or out of range,Front,2004.0,,,,,,,
200650F51N919,Data missing or out of range,12.0,Small town,4.0,1392.0,,,Data missing or out of range,Data missing or out of range,NISSAN,SUNNY INSPIRATION,Petrol,Female,,No tow/articulation,Did not leave carriageway,0.0,Parked,2.0,Car,Data missing or out of range,Back,2006.0,Slight,Fine no high winds,Wet or damp,Daylight,30.0,Rural,2006.0
200614B050206,56 - 65,4.0,Urban area,3.0,1124.0,,,Other/Not known (2005-10),Not at or within 20 metres of junction,PEUGEOT,106 XN ZEST 2,Petrol,Male,,No tow/articulation,Did not leave carriageway,0.0,Going ahead other,1.0,Car,No,Nearside,2006.0,Slight,Fine no high winds,Dry,Daylight,30.0,Urban,2006.0
2006100022506,26 - 35,2.0,Urban area,1.0,2300.0,,,Journey as part of work,Cleared junction or waiting/parked at junction exit,IVECO,DAILY 35S15 LWB,Heavy oil,Male,,No tow/articulation,Did not leave carriageway,0.0,Going ahead other,1.0,Van / Goods 3.5 tonnes mgw or under,No,Front,2006.0,Slight,Fine no high winds,Dry,Darkness - lights lit,30.0,Urban,2006.0
200742I126303,21 - 25,2.0,Urban area,9.0,1388.0,Bollard or refuge,,Other/Not known (2005-10),Approaching junction or waiting/parked at junction approach,FORD,FIESTA STYLE,Petrol,Female,Skidded,No tow/articulation,Offside,0.0,Turning right,1.0,Car,No,Front,2007.0,Slight,Fine no high winds,Dry,Daylight,60.0,Rural,2007.0
2007470704075,16 - 20,8.0,Urban area,9.0,1390.0,,,Other/Not known (2005-10),Not at or within 20 metres of junction,RENAULT,CLIO ALIZE,Petrol,Male,,No tow/articulation,Did not leave carriageway,0.0,Going ahead other,1.0,Car,No,Front,2007.0,Slight,Raining no high winds,Wet or damp,Daylight,60.0,Rural,2007.0
2005620131210,16 - 20,14.0,Rural,,248.0,Other object,,Other/Not known (2005-10),Not at or within 20 metres of junction,KAWASAKI,KR250-C2,Petrol,Male,Skidded,No tow/articulation,Did not leave carriageway,0.0,Turning right,2.0,Motorcycle over 125cc and up to 500cc,No,Offside,2005.0,Slight,Fine no high winds,Dry,Daylight,30.0,Rural,2005.0
2006131203606,26 - 35,,Urban area,3.0,1896.0,,,Other/Not known (2005-10),Not at or within 20 metres of junction,AUDI,A3 SPORT TDI,Heavy oil,Female,,No tow/articulation,Did not leave carriageway,0.0,Slowing or stopping,2.0,Car,No,Back,2006.0,Slight,Fine no high winds,Dry,Darkness - lights lit,40.0,Urban,2006.0
200501ZD30126,36 - 45,,Urban area,2.0,,Bollard or refuge,Road sign or traffic signal,Other/Not known (2005-10),Mid Junction - on roundabout or on main road,VAUXHALL,OMEGA 16V SPORT AUTO,,Male,Skidded,No tow/articulation,Nearside,0.0,Turning right,1.0,Goods over 3.5t. and under 7.5t,No,Front,2005.0,Slight,Fine no high winds,Dry,Daylight,30.0,Urban,2005.0
200701ZD30467,46 - 55,,Urban area,4.0,919.0,,,Other/Not known (2005-10),Mid Junction - on roundabout or on main road,HONDA,CB 900 F-5,Petrol,Male,,No tow/articulation,Did not leave carriageway,0.0,Going ahead left-hand bend,1.0,Motorcycle 125cc and under,No,Back,2007.0,Slight,Fine no high winds,Dry,Daylight,30.0,Urban,2007.0
200601SX20061,26 - 35,5.0,Urban area,9.0,998.0,,,Other/Not known (2005-10),Leaving roundabout,TOYOTA,,Petrol,Male,,No tow/articulation,Did not leave carriageway,0.0,Turning right,2.0,Car,No,Front,2006.0,Slight,Fine no high winds,Dry,Daylight,30.0,Urban,2006.0
200501QK50435,Data missing or out of range,17.0,Data missing or out of range,,2500.0,,,Other/Not known (2005-10),Approaching junction or waiting/parked at junction approach,MITSUBISHI,,Heavy oil,Not known,,No tow/articulation,Did not leave carriageway,0.0,Going ahead other,2.0,Car,No,Front,2005.0,Slight,Fine no high winds,Dry,Daylight,30.0,Urban,2005.0
200501VK30283,Data missing or out of range,,Urban area,6.0,,,,Other/Not known (2005-10),Approaching junction or waiting/parked at junction approach,VOLKSWAGEN,LT 35 TDI LWB,,Female,,No tow/articulation,Did not leave carriageway,0.0,Going ahead other,2.0,Car,No,Front,2005.0,Slight,Fine no high winds,Dry,Daylight,30.0,Urban,2005.0
200597GC00211,46 - 55,4.0,Urban area,,1242.0,,,Taking pupil to/from school,Approaching junction or waiting/parked at junction approach,FIAT,PUNTO ELX 8V,Petrol,Female,,No tow/articulation,Did not leave carriageway,0.0,Going ahead other,1.0,Car,No,Front,2005.0,Slight,Fine no high winds,Dry,Daylight,30.0,Urban,2005.0
200406X903975,21 - 25,4.0,Urban area,5.0,998.0,Kerb,Near/Offside crash barrier,Data missing or out of range,Data missing or out of range,NISSAN,MICRA CELEBRATION 16V,Petrol,Female,,No tow/articulation,Nearside and rebounded,0.0,Going ahead other,2.0,109,Data missing or out of range,Nearside,2004.0,,,,,,,
2008070216359,26 - 35,,Urban area,1.0,,,,Commuting to/from work,Approaching junction or waiting/parked at junction approach,VAUXHALL,ASTRA LS DTI,,Male,,No tow/articulation,Did not leave carriageway,0.0,Going ahead left-hand bend,1.0,Car,No,Front,2008.0,Serious,Fine no high winds,Dry,Daylight,30.0,Rural,2008.0
2007440456253,16 - 20,5.0,Urban area,3.0,49.0,,,Commuting to/from work,Approaching junction or waiting/parked at junction approach,YAMAHA,XQ 125,Petrol,Female,,No tow/articulation,Did not leave carriageway,0.0,Waiting to go - held up,1.0,Motorcycle 50cc and under,No,Back,2007.0,Slight,Fine no high winds,Dry,Daylight,70.0,Urban,2007.0
2004400B00396,66 - 75,10.0,Rural,3.0,1794.0,,,Data missing or out of range,Data missing or out of range,VOLVO,440 SE,Petrol,Female,,No tow/articulation,Nearside,0.0,Going ahead other,2.0,109,Data missing or out of range,Front,2004.0,,,,,,,
200505ET01688,46 - 55,5.0,Urban area,3.0,1124.0,,,Other/Not known (2005-10),Not at or within 20 metres of junction,CITROEN,SAXO FORTE,Petrol,Female,,No tow/articulation,Did not leave carriageway,0.0,Turning right,1.0,Car,No,Back,2005.0,Slight,Fine no high winds,Dry,Daylight,30.0,Urban,2005.0
200501RY10421,56 - 65,,Urban area,10.0,1149.0,,,Other/Not known (2005-10),Mid Junction - on roundabout or on main road,RENAULT,CLIO EXPRESSION 16V QS5,Petrol,Male,,No tow/articulation,Did not leave carriageway,0.0,Turning left,1.0,Car,No,Nearside,2005.0,Slight,Fine no high winds,Dry,Daylight,30.0,Urban,2005.0
200801CW10785,36 - 45,,Small town,6.0,582.0,,,Other/Not known (2005-10),Entering main road,HONDA,FJS 600 A-7,Petrol,Male,,No tow/articulation,Did not leave carriageway,0.0,Going ahead other,2.0,Motorcycle over 500cc,No,Front,2008.0,Slight,Raining no high winds,Wet or damp,Daylight,30.0,Urban,2008.0
200614A275606,26 - 35,1.0,Urban area,3.0,102.0,,,Other/Not known (2005-10),Approaching junction or waiting/parked at junction approach,HONDA,SCV 100 F-5,Petrol,Male,,No tow/articulation,Did not leave carriageway,0.0,Going ahead other,2.0,Motorcycle 125cc and under,No,Front,2006.0,Serious,Fine no high winds,Wet or damp,Darkness - lights lit,30.0,Urban,2006.0
200601CW10962,26 - 35,,Urban area,1.0,,,,Other/Not known (2005-10),Mid Junction - on roundabout or on main road,NISSAN,VANETTE E MWB,,Male,,No tow/articulation,Did not leave carriageway,0.0,Waiting to go - held up,1.0,Car,No,Back,2006.0,Slight,Fine no high winds,Dry,Daylight,30.0,Urban,2006.0
2004230490183,21 - 25,2.0,Data missing or out of range,,1149.0,,,Data missing or out of range,Data missing or out of range,RENAULT,CLIO DYNAMIQUE 16V,Petrol,Male,,No tow/articulation,Did not leave carriageway,0.0,Going ahead other,2.0,109,Data missing or out of range,Back,2004.0,,,,,,,
2006170L22786,46 - 55,5.0,Urban area,1.0,1796.0,,,Other/Not known (2005-10),Mid Junction - on roundabout or on main road,MG,MGF FREESTYLE,Petrol,Male,,No tow/articulation,Did not leave carriageway,0.0,Going ahead other,2.0,Car,No,Front,2006.0,Slight,Fine no high winds,Dry,Daylight,30.0,Urban,2006.0
200606F062753,26 - 35,6.0,Data missing or out of range,,1850.0,,,Other/Not known (2005-10),Not at or within 20 metres of junction,HONDA,ACCORD VTEC S,Petrol,Male,Skidded,No tow/articulation,Did not leave carriageway,0.0,Going ahead other,1.0,Car,No,Front,2006.0,Slight,Raining + high winds,Wet or damp,Darkness - lights lit,30.0,Urban,2006.0
200401ZD30502,36 - 45,3.0,Urban area,9.0,1834.0,,,Data missing or out of range,Data missing or out of range,MITSUBISHI,SHOGUN PININ GDI ELEGANCE,Petrol,Male,,No tow/articulation,Did not leave carriageway,0.0,Reversing,2.0,109,Data missing or out of range,Nearside,2004.0,,,,,,,
2004160B00740,26 - 35,10.0,Rural,5.0,1391.0,,,Data missing or out of range,Data missing or out of range,FORD,ESCORT EXCALIBUR,Petrol,Female,,No tow/articulation,Did not leave carriageway,0.0,Turning right,1.0,109,Data missing or out of range,Nearside,2004.0,,,,,,,
200606L047405,Data missing or out of range,7.0,Urban area,6.0,1590.0,,,Other/Not known (2005-10),Approaching junction or waiting/parked at junction approach,SUZUKI,VITARA JX 4 U HARD-TOP,Petrol,Male,,No tow/articulation,Did not leave carriageway,0.0,Going ahead other,1.0,Car,No,Front,2006.0,Slight,Fine no high winds,Dry,Daylight,30.0,Urban,2006.0
200763DP39907,26 - 35,7.0,Rural,,1997.0,,,Other/Not known (2005-10),Not at or within 20 metres of junction,PEUGEOT,306 MERIDIAN HDI (90),Heavy oil,Male,,No tow/articulation,Did not leave carriageway,0.0,Slowing or stopping,2.0,Car,No,Back,2007.0,Slight,Fine no high winds,Dry,Daylight,30.0,Urban,2007.0
2005440774009,46 - 55,2.0,Urban area,1.0,1686.0,,,Journey as part of work,Mid Junction - on roundabout or on main road,VAUXHALL,ASTRA LS CDTI,Heavy oil,Female,,No tow/articulation,Did not leave carriageway,0.0,Slowing or stopping,3.0,Car,No,Front,2005.0,Slight,Fine no high winds,Dry,Daylight,30.0,Urban,2005.0
2006470604546,21 - 25,9.0,Rural,6.0,1798.0,,,Journey as part of work,Approaching junction or waiting/parked at junction approach,VAUXHALL,VECTRA ARCTIC 16V,Petrol,Male,,No tow/articulation,Did not leave carriageway,0.0,Going ahead other,2.0,Car,No,Front,2006.0,Slight,Fine no high winds,Dry,Daylight,60.0,Rural,2006.0
200706X070980,26 - 35,3.0,Urban area,7.0,1242.0,,,Other/Not known (2005-10),Not at or within 20 metres of junction,FIAT,PUNTO ACTIVE 8V,Petrol,Female,,No tow/articulation,Did not leave carriageway,0.0,Slowing or stopping,1.0,Car,No,Front,2007.0,Slight,Raining no high winds,Wet or damp,Daylight,70.0,Rural,2007.0
2006460120960,26 - 35,18.0,Data missing or out of range,,1796.0,,,Other/Not known (2005-10),Cleared junction or waiting/parked at junction exit,NISSAN,BLUEBIRD GS,Petrol,Female,,No tow/articulation,Did not leave carriageway,0.0,Going ahead other,1.0,Car,No,Offside,2006.0,Slight,Fine no high winds,Dry,Daylight,30.0,Rural,2006.0
20044200C0080,36 - 45,3.0,Urban area,8.0,49.0,,,Data missing or out of range,Data missing or out of range,APRILIA,,Petrol,Male,,No tow/articulation,Did not leave carriageway,0.0,Slowing or stopping,1.0,Motorcycle 50cc and under,Data missing or out of range,Did not impact,2004.0,,,,,,,
2005215322377,66 - 75,,Small town,9.0,,,,Other/Not known (2005-10),Entering main road,RENAULT,EXTRA 1.9D,,Male,,No tow/articulation,Did not leave carriageway,9.0,Reversing,1.0,Car,No,Nearside,2005.0,Slight,Fine no high winds,Dry,Daylight,30.0,Rural,2005.0
200422FC38617,46 - 55,5.0,Urban area,8.0,250.0,,,Data missing or out of range,Data missing or out of range,HONDA,,Petrol,Male,,No tow/articulation,Did not leave carriageway,0.0,Going ahead right-hand bend,1.0,106,Data missing or out of range,Offside,2004.0,,,,,,,
20074100C0444,46 - 55,2.0,Urban area,7.0,1490.0,,Other permanent object,Journey as part of work,Mid Junction - on roundabout or on main road,SUZUKI,SWIFT VVTS GLX,Petrol,Male,Skidded,No tow/articulation,Nearside,0.0,Going ahead other,2.0,Car,No,Nearside,2007.0,Slight,Fine no high winds,Dry,Daylight,30.0,Urban,2007.0
2007130621907,21 - 25,4.0,Small town,5.0,1997.0,,,Other/Not known (2005-10),Leaving main road,PEUGEOT,307 S HDI 90,Heavy oil,Male,,No tow/articulation,Did not leave carriageway,0.0,Turning right,2.0,Car,No,Offside,2007.0,Slight,Fine no high winds,Dry,Daylight,30.0,Rural,2007.0
2005520087262,36 - 45,5.0,Urban area,5.0,1199.0,,,Other/Not known (2005-10),Approaching junction or waiting/parked at junction approach,VAUXHALL,CORSA 16V,Petrol,Female,,No tow/articulation,Did not leave carriageway,0.0,Waiting to turn right,2.0,Car,No,Back,2005.0,Slight,Fine no high winds,Dry,Daylight,60.0,Rural,2005.0
200720L034601,Data missing or out of range,1.0,Urban area,4.0,1596.0,,,Other/Not known (2005-10),Entering roundabout,FORD,FOCUS ZETEC CLIMATE T,Petrol,Female,,No tow/articulation,Did not leave carriageway,0.0,Slowing or stopping,2.0,Car,No,Back,2007.0,Slight,Unknown,Wet or damp,Daylight,30.0,Urban,2007.0
200701WW50124,36 - 45,1.0,Urban area,3.0,636.0,,,Commuting to/from work,Not at or within 20 metres of junction,KAWASAKI,ZX 636 C6F,Petrol,Male,,No tow/articulation,Did not leave carriageway,0.0,Overtaking moving vehicle - offside,1.0,Motorcycle over 500cc,No,Front,2007.0,Slight,Fine no high winds,Dry,Daylight,30.0,Urban,2007.0
200645RU95318,16 - 20,,Data missing or out of range,,1198.0,,Central crash barrier,Other/Not known (2005-10),Not at or within 20 metres of junction,VOLKSWAGEN,POLO SE 64,Petrol,Male,Skidded,No tow/articulation,Offside on to central reservation,0.0,Overtaking moving vehicle - offside,2.0,Car,No,Back,2006.0,Slight,Fine no high winds,Wet or damp,Darkness - no lighting,70.0,Rural,2006.0
200801TX20702,26 - 35,4.0,Urban area,8.0,1998.0,,,Other/Not known (2005-10),Not at or within 20 metres of junction,TOYOTA,AVENSIS VERSO T3 VVTI,Petrol,Female,,No tow/articulation,Did not leave carriageway,0.0,Waiting to go - held up,1.0,Car,No,Back,2008.0,Slight,Fine no high winds,Dry,Daylight,30.0,Urban,2008.0
2004930004063,26 - 35,,Urban area,,1360.0,,,Data missing or out of range,Data missing or out of range,PEUGEOT,307 ENVY 90,Petrol,Male,,No tow/articulation,Did not leave carriageway,0.0,Going ahead other,2.0,109,Data missing or out of range,Front,2004.0,,,,,,,
2007130465107,21 - 25,1.0,Data missing or out of range,,1298.0,,,Other/Not known (2005-10),Mid Junction - on roundabout or on main road,YAMAHA,FJR 1300 A,Petrol,Male,Skidded,No tow/articulation,Did not leave carriageway,0.0,Going ahead right-hand bend,1.0,Motorcycle over 500cc,No,Did not impact,2007.0,Slight,Fine no high winds,Dry,Daylight,30.0,Urban,2007.0
2006950011344,26 - 35,1.0,Urban area,,1896.0,,,Other/Not known (2005-10),Entering roundabout,SKODA,OCTAVIA CLASIC TDI,Heavy oil,Male,,No tow/articulation,Did not leave carriageway,0.0,Slowing or stopping,1.0,Car,No,Back,2006.0,Slight,Raining no high winds,Wet or damp,Daylight,30.0,Urban,2006.0
2006920601841,21 - 25,,Urban area,,,,Road sign or traffic signal,Commuting to/from work,Not at or within 20 metres of junction,PIAGGIO,T5 125,,Female,Skidded,No tow/articulation,Nearside,0.0,Overtaking moving vehicle - offside,1.0,Motorcycle over 500cc,No,Front,2006.0,Slight,Fine no high winds,Wet or damp,Daylight,60.0,Urban,2006.0
200601RY10326,16 - 20,4.0,Urban area,3.0,1360.0,,,Other/Not known (2005-10),Not at or within 20 metres of junction,PEUGEOT,307 LX,Petrol,Male,,No tow/articulation,Did not leave carriageway,0.0,Going ahead other,1.0,Car,No,Front,2006.0,Slight,Fine no high winds,Dry,Darkness - lights lit,30.0,Urban,2006.0
2007120700021,26 - 35,1.0,Small town,8.0,1997.0,,,Journey as part of work,Approaching junction or waiting/parked at junction approach,PEUGEOT,EXPERT E7 TAXI,Heavy oil,Male,,No tow/articulation,Did not leave carriageway,0.0,Going ahead other,1.0,Taxi/Private hire car,No,Front,2007.0,Slight,Raining no high winds,Wet or damp,Darkness - lights lit,30.0,Urban,2007.0
200632D382506,56 - 65,,Urban area,7.0,,,,Journey as part of work,Not at or within 20 metres of junction,DENNIS,,,Male,Skidded and overturned,No tow/articulation,Did not leave carriageway,0.0,Going ahead left-hand bend,1.0,Goods 7.5 tonnes mgw and over,No,Nearside,2006.0,Serious,Fine no high winds,Dry,Daylight,60.0,Rural,2006.0
200534NC02751,21 - 25,3.0,Urban area,2.0,998.0,,,Other/Not known (2005-10),Leaving main road,NISSAN,MICRA TWISTER,Petrol,Male,,No tow/articulation,Did not leave carriageway,0.0,Turning right,2.0,Car,No,Offside,2005.0,Serious,Fine no high winds,Dry,Daylight,30.0,Urban,2005.0
200401WW00521,21 - 25,,Urban area,2.0,1124.0,,,Data missing or out of range,Data missing or out of range,PEUGEOT,206 FEVER,Petrol,Male,,No tow/articulation,Did not leave carriageway,0.0,U-turn,1.0,109,Data missing or out of range,Data missing or out of range,2004.0,,,,,,,
200804TA08230,26 - 35,,Urban area,2.0,,,Near/Offside crash barrier,Journey as part of work,Not at or within 20 metres of junction,MAZDA,BT-50 TS2 4X4,,Female,Skidded and overturned,No tow/articulation,Nearside,0.0,Going ahead other,1.0,Car,No,Front,2008.0,Slight,Other,Frost or ice,Daylight,70.0,Rural,2008.0
2006216217707,21 - 25,1.0,Data missing or out of range,,1390.0,,Other permanent object,Commuting to/from work,Not at or within 20 metres of junction,SKODA,FABIA 16V 100,Petrol,Male,Skidded and overturned,No tow/articulation,Offside,0.0,Going ahead other,1.0,Car,No,Nearside,2006.0,Slight,Snowing no high winds,Wet or damp,Daylight,60.0,Rural,2006.0
2005440766396,36 - 45,1.0,Urban area,9.0,2720.0,,,Other/Not known (2005-10),Mid Junction - on roundabout or on main road,JAGUAR,S-TYPE SPORT DIESEL AUTO,Heavy oil,Male,,No tow/articulation,Did not leave carriageway,0.0,Going ahead other,3.0,Car,No,Front,2005.0,Slight,Fine no high winds,Dry,Daylight,30.0,Urban,2005.0
2007230791578,26 - 35,5.0,Urban area,10.0,1299.0,,,Commuting to/from work,Not at or within 20 metres of junction,FORD,KA STYLE,Petrol,Female,,No tow/articulation,Did not leave carriageway,0.0,Slowing or stopping,3.0,Car,No,Back,2007.0,Slight,Fine no high winds,Wet or damp,Darkness - no lighting,70.0,Rural,2007.0
2006440453393,16 - 20,7.0,Rural,8.0,973.0,,,Other/Not known (2005-10),Not at or within 20 metres of junction,VAUXHALL,CORSA GLS 12V,Petrol,Male,,No tow/articulation,Did not leave carriageway,0.0,U-turn,2.0,Car,No,Back,2006.0,Slight,Fine no high winds,Dry,Daylight,30.0,Urban,2006.0
200745TA14639,36 - 45,12.0,Data missing or out of range,,2188.0,,,Other/Not known (2005-10),Not at or within 20 metres of junction,RENAULT,LAGUNA RT 2.2D,Heavy oil,Male,,No tow/articulation,Did not leave carriageway,0.0,Going ahead other,1.0,Car,No,Front,2007.0,Slight,Fine no high winds,Dry,Darkness - no lighting,70.0,Rural,2007.0
2004131144404,21 - 25,2.0,Small town,9.0,1299.0,,,Data missing or out of range,Data missing or out of range,TOYOTA,YARIS SR,Petrol,Female,,No tow/articulation,Did not leave carriageway,0.0,Going ahead other,2.0,109,Data missing or out of range,Offside,2004.0,,,,,,,
2005555B04309,Data missing or out of range,7.0,Small town,9.0,1870.0,,,Data missing or out of range,Cleared junction or waiting/parked at junction exit,RENAULT,LAGUNA RT SPORT DTI,Heavy oil,Not known,,No tow/articulation,Did not leave carriageway,0.0,Parked,2.0,Car,Data missing or out of range,Front,2005.0,Slight,Fine no high winds,Dry,Daylight,30.0,Urban,2005.0
2007520711052,36 - 45,11.0,Urban area,,5900.0,,,Other/Not known (2005-10),Entering main road,DENNIS,,Heavy oil,Male,,No tow/articulation,Did not leave carriageway,0.0,Turning right,1.0,Bus or coach (17 or more pass seats),No,Offside,2007.0,Slight,Fine no high winds,Dry,Daylight,30.0,Urban,2007.0
200701KD67435,56 - 65,8.0,Urban area,7.0,,,,Journey as part of work,Approaching junction or waiting/parked at junction approach,DENNIS,,Heavy oil,Male,,No tow/articulation,Did not leave carriageway,3.0,Slowing or stopping,1.0,Bus or coach (17 or more pass seats),No,Front,2007.0,Serious,Raining no high winds,Wet or damp,Daylight,30.0,Urban,2007.0
200701HT66171,26 - 35,,Urban area,2.0,,,,Journey as part of work,Approaching junction or waiting/parked at junction approach,TRANSBUS INT,,,Male,,No tow/articulation,Did not leave carriageway,0.0,Slowing or stopping,2.0,Car,No,Offside,2007.0,Slight,Fine no high winds,Dry,Daylight,30.0,Urban,2007.0
200450E53P239,26 - 35,11.0,Data missing or out of range,,1389.0,,,Data missing or out of range,Data missing or out of range,VAUXHALL,ASTRA LS I,Petrol,Male,,No tow/articulation,Did not leave carriageway,0.0,Going ahead right-hand bend,2.0,109,Data missing or out of range,Front,2004.0,,,,,,,
200642C026905,56 - 65,5.0,Urban area,9.0,1520.0,,,Other/Not known (2005-10),Not at or within 20 metres of junction,HONDA,,Petrol,Male,,No tow/articulation,Did not leave carriageway,0.0,Going ahead other,2.0,Motorcycle over 500cc,No,Did not impact,2006.0,Slight,Other,Wet or damp,Daylight,30.0,Urban,2006.0
200801RY10520,36 - 45,2.0,Urban area,5.0,1229.0,,,Other/Not known (2005-10),Mid Junction - on roundabout or on main road,VAUXHALL,CORSA SXI+,Petrol,Male,,No tow/articulation,Did not leave carriageway,0.0,Slowing or stopping,1.0,Car,No,Back,2008.0,Slight,Raining no high winds,Wet or damp,Daylight,30.0,Urban,2008.0
200622FA47485,36 - 45,11.0,Rural,5.0,3239.0,,Tree,Other/Not known (2005-10),Not at or within 20 metres of junction,JAGUAR,XJ6 AUTO,Petrol,Male,,No tow/articulation,Nearside,0.0,Overtaking moving vehicle - offside,1.0,Car,No,Front,2006.0,Fatal,Fine no high winds,Wet or damp,Darkness - no lighting,60.0,Rural,2006.0
2007950008560,21 - 25,,Urban area,,,,,Other/Not known (2005-10),Entering roundabout,RENAULT,KANGOO SL17DCI 70,,Male,,No tow/articulation,Did not leave carriageway,0.0,Moving off,1.0,Car,No,Front,2007.0,Slight,Fine no high winds,Dry,Darkness - lights lit,30.0,Urban,2007.0
200630M010049,21 - 25,3.0,Urban area,4.0,1997.0,,,Other/Not known (2005-10),Not at or within 20 metres of junction,CITROEN,XSARA PICASSO DESIRE 2HDI,Heavy oil,Male,,No tow/articulation,Did not leave carriageway,0.0,Going ahead other,2.0,Car,No,Back,2006.0,Slight,Fine no high winds,Dry,Daylight,70.0,Rural,2006.0
2004130079304,46 - 55,8.0,Urban area,2.0,998.0,,,Data missing or out of range,Data missing or out of range,NISSAN,MICRA GX,Petrol,Male,,No tow/articulation,Did not leave carriageway,0.0,Waiting to turn right,2.0,109,Data missing or out of range,Back,2004.0,,,,,,,