Accident_Index,Age_Band_of_Driver,Age_of_Vehicle,Driver_Home_Area_Type,Driver_IMD_Decile,Engine_Capacity_.CC.,Hit_Object_in_Carriageway,Hit_Object_off_Carriageway,Journey_Purpose_of_Driver,Junction_Location,make,model,Propulsion_Code,Sex_of_Driver,Skidding_and_Overturning,Towing_and_Articulation,Vehicle_Leaving_Carriageway,Vehicle_Location.Restricted_Lane,Vehicle_Manoeuvre,Vehicle_Reference,Vehicle_Type,Was_Vehicle_Left_Hand_Drive,X1st_Point_of_Impact,Year_x,Severity_Label,Weather_Conditions,Road_Surface_Conditions,Light_Conditions,Speed_limit,Urban_or_Rural_Area,Year_y
200545TA70692,36 - 45,1.0,Data missing or out of range,,2401.0,,,Other/Not known (2005-10),Approaching junction or waiting/parked at junction approach,VOLVO,XC 90 D5 SE AWD SEMI-AUTO,Heavy oil,Male,,No tow/articulation,Did not leave carriageway,0.0,Waiting to go - held up,2.0,Car,No,Back,2005.0,Slight,Fine no high winds,Dry,Daylight,30.0,Urban,2005.0
200730M010027,26 - 35,2.0,Urban area,8.0,1896.0,,,Journey as part of work,Not at or within 20 metres of junction,SKODA,OCTAVIA AMBIENTE TDI PD8V,Heavy oil,Female,,No tow/articulation,Did not leave carriageway,0.0,Going ahead other,5.0,Car,No,Front,2007.0,Slight,Fine no high winds,Dry,Daylight,70.0,Rural,2007.0
200405ET01352,36 - 45,3.0,Urban area,1.0,1753.0,,,Data missing or out of range,Data missing or out of range,FORD,FIESTA FLIGHT TD DI,Heavy oil,Female,Skidded,No tow/articulation,Did not leave carriageway,0.0,Waiting to go - held up,1.0,109,Data missing or out of range,Back,2004.0,,,,,,,
2004520077704,Data missing or out of range,11.0,Data missing or out of range,,1389.0,,,Data missing or out of range,Data missing or out of range,VAUXHALL,ASTRA LS I,Petrol,Not known,,No tow/articulation,Did not leave carriageway,0.0,Parked,4.0,109,Data missing or out of range,Front,2004.0,,,,,,,
200801TW60048,Data missing or out of range,17.0,Data missing or out of range,,2494.0,,,Other/Not known (2005-10),Not at or within 20 metres of junction,BMW,325 I SE AUTO,Petrol,Not known,,No tow/articulation,Did not leave carriageway,0.0,Parked,2.0,Car,No,Offside,2008.0,Slight,Fine no high winds,Dry,Darkness - lights lit,30.0,Urban,2008.0
20053102D0388,66 - 75,6.0,Data missing or out of range,,1332.0,,Entered ditch,Other/Not known (2005-10),Not at or within 20 metres of junction,TOYOTA,COROLLA SE 16V,Petrol,Male,,No tow/articulation,Nearside,0.0,Going ahead right-hand bend,1.0,Car,No,Front,2005.0,Serious,Fine no high winds,Dry,Daylight,60.0,Rural,2005.0
200454CE68804,36 - 45,7.0,Urban area,,9600.0,,,Data missing or out of range,Data missing or out of range,VOLVO,,Heavy oil,Male,,No tow/articulation,Did not leave carriageway,0.0,Going ahead other,1.0,Bus or coach (17 or more pass seats),Data missing or out of range,Front,2004.0,,,,,,,
200654AY48606,46 - 55,11.0,Data missing or out of range,,1343.0,Kerb,Tree,Other/Not known (2005-10),Not at or within 20 metres of junction,HONDA,CIVIC MARLIN,Petrol,Female,Skidded,No tow/articulation,Nearside,0.0,Going ahead other,1.0,Car,No,Nearside,2006.0,Slight,Raining no high winds,Wet or damp,Daylight,60.0,Rural,2006.0
200401RY10449,26 - 35,4.0,Urban area,9.0,1781.0,,,Data missing or out of range,Data missing or out of range,AUDI,A3 1.8T SPORT,Petrol,Male,,No tow/articulation,Did not leave carriageway,0.0,Going ahead other,5.0,109,Data missing or out of range,Front,2004.0,,,,,,,
2007520005423,16 - 20,5.0,Urban area,7.0,49.0,,,Other/Not known (2005-10),Mid Junction - on roundabout or on main road,APRILIA,,Petrol,Male,,No tow/articulation,Did not leave carriageway,0.0,Going ahead other,2.0,Motorcycle 50cc and under,No,Front,2007.0,Slight,Unknown,Dry,Daylight,20.0,Urban,2007.0
200520Z035001,21 - 25,7.0,Urban area,3.0,1242.0,,,Commuting to/from work,Not at or within 20 metres of junction,FORD,FIESTA FUSION,Petrol,Female,,No tow/articulation,Did not leave carriageway,0.0,Waiting to go - held up,2.0,Car,No,Back,2005.0,Slight,Fine no high winds,Wet or damp,Daylight,70.0,Rural,2005.0
2005215M15492,56 - 65,2.0,Urban area,6.0,12000.0,,,Journey as part of work,Entering from slip road,FODEN,,Heavy oil,Male,Skidded,Articulated vehicle,Did not leave carriageway,0.0,Turning left,1.0,Goods 7.5 tonnes mgw and over,No,Offside,2005.0,Slight,Raining no high winds,Wet or damp,Daylight,70.0,Rural,2005.0
2004130737004,46 - 55,5.0,Urban area,1.0,1991.0,,,Data missing or out of range,Data missing or out of range,MAZDA,626 SE,Petrol,Male,,No tow/articulation,Did not leave carriageway,0.0,Going ahead other,3.0,109,Data missing or out of range,Front,2004.0,,,,,,,
200601KG70300,26 - 35,2.0,Urban area,6.0,1339.0,,,Other/Not known (2005-10),Approaching junction or waiting/parked at junction approach,HONDA,JAZZ SE,Petrol,Female,,No tow/articulation,Did not leave carriageway,0.0,Waiting to go - held up,1.0,Car,No,Back,2006.0,Slight,Fine no high winds,Dry,Daylight,30.0,Urban,2006.0
200501SX20101,46 - 55,2.0,Urban area,4.0,599.0,,,Other/Not known (2005-10),Mid Junction - on roundabout or on main road,HONDA,CB 600 F-3,Petrol,Male,,No tow/articulation,Did not leave carriageway,0.0,Going ahead other,2.0,Motorcycle over 500cc,No,Offside,2005.0,Slight,Fine no high winds,Dry,Daylight,50.0,Urban,2005.0
2004130157704,26 - 35,4.0,Urban area,9.0,1896.0,,,Data missing or out of range,Data missing or out of range,AUDI,A3 TDI,Heavy oil,Female,,No tow/articulation,Did not leave carriageway,0.0,Going ahead other,1.0,109,Data missing or out of range,Front,2004.0,,,,,,,
2004530AI1985,26 - 35,,Rural,5.0,,,,Data missing or out of range,Data missing or out of range,FORD,FIESTA COURIER 50 TD,,Male,,No tow/articulation,Did not leave carriageway,0.0,Waiting to go - held up,2.0,109,Data missing or out of range,Back,2004.0,,,,,,,
200697UC06702,66 - 75,,Urban area,,,,,Taking pupil to/from school,Not at or within 20 metres of junction,VAUXHALL,VIVARO 2900 DTI LWB,,Male,,No tow/articulation,Did not leave carriageway,0.0,Slowing or stopping,2.0,Minibus (8 - 16 passenger seats),No,Back,2006.0,Slight,Fine no high winds,Wet or damp,Daylight,50.0,Rural,2006.0
200742I326908,46 - 55,12.0,Small town,8.0,2460.0,,Tree,Other/Not known (2005-10),Not at or within 20 metres of junction,AUDI,A6 2.5 TDI SE,Heavy oil,Male,Skidded,No tow/articulation,Nearside,0.0,Going ahead right-hand bend,1.0,Car,No,Offside,2007.0,Slight,Raining no high winds,Wet or damp,Daylight,60.0,Rural,2007.0
2006440262869,36 - 45,9.0,Urban area,8.0,1124.0,,,Other/Not known (2005-10),Approaching junction or waiting/parked at junction approach,PEUGEOT,106 XN INDEPENDENCE,Petrol,Female,,No tow/articulation,Did not leave carriageway,0.0,Going ahead other,1.0,Car,No,Front,2006.0,Slight,Raining no high winds,Wet or damp,Daylight,30.0,Urban,2006.0
200406L902231,46 - 55,1.0,Urban area,3.0,1261.0,,,Data missing or out of range,Data missing or out of range,HONDA,ST1300 A,Petrol,Male,Skidded and overturned,No tow/articulation,Nearside and rebounded,0.0,Overtaking moving vehicle - offside,2.0,106,Data missing or out of range,Offside,2004.0,,,,,,,
2006130801106,26 - 35,8.0,Urban area,4.0,1495.0,,,Commuting to/from work,Cleared junction or waiting/parked at junction exit,HYUNDAI,ACCENT GLS,Petrol,Male,,No tow/articulation,Did not leave carriageway,0.0,Waiting to go - held up,1.0,Car,No,Back,2006.0,Slight,Fine no high winds,Wet or damp,Daylight,30.0,Urban,2006.0
2007600WR2044,56 - 65,11.0,Urban area,,1998.0,,,Other/Not known (2005-10),Entering roundabout,SUZUKI,VITARA 2.0 TURBO DIESEL,Heavy oil,Male,,No tow/articulation,Did not leave carriageway,0.0,Going ahead other,1.0,Car,No,Front,2007.0,Slight,Fine no high winds,Dry,Daylight,30.0,Rural,2007.0
200742I531012,36 - 45,1.0,Rural,7.0,1360.0,,,Other/Not known (2005-10),Not at or within 20 metres of junction,CITROEN,C3 PLURIEL EXCLUSIV LATTE,Petrol,Female,Skidded and overturned,No tow/articulation,Did not leave carriageway,0.0,Going ahead other,1.0,Car,No,Nearside,2007.0,Slight,Fine no high winds,Wet or damp,Darkness - no lighting,60.0,Rural,2007.0
200701MD63295,16 - 20,,Urban area,5.0,,,,Other/Not known (2005-10),Approaching junction or waiting/parked at junction approach,VOLKSWAGEN,LT 35 TDI LWB,,Male,,No tow/articulation,Did not leave carriageway,0.0,Going ahead other,1.0,Other vehicle,No,Nearside,2007.0,Slight,Fine no high winds,Dry,Daylight,30.0,Urban,2007.0
200506P030594,46 - 55,2.0,Urban area,3.0,1149.0,,,Journey as part of work,Mid Junction - on roundabout or on main road,RENAULT,CLIO DYNAM BILLABONG 16V,Petrol,Female,,No tow/articulation,Did not leave carriageway,0.0,Waiting to go - held up,2.0,Car,No,Back,2005.0,Slight,Fine no high winds,Dry,Daylight,30.0,Urban,2005.0
200743R202127,36 - 45,,Urban area,10.0,1497.0,,,Commuting to/from work,Not at or within 20 metres of junction,TOYOTA,PRIUS T SPIRIT VV-I AUTO,Hybrid electric,Female,,No tow/articulation,Did not leave carriageway,0.0,Waiting to go - held up,4.0,Car,No,Back,2007.0,Slight,Fine no high winds,Dry,Darkness - lights lit,40.0,Urban,2007.0
20073102B1870,26 - 35,1.0,Urban area,9.0,1798.0,,,Other/Not known (2005-10),Not at or within 20 metres of junction,FORD,MONDEO EDGE 125,Petrol,Male,,No tow/articulation,Did not leave carriageway,0.0,Going ahead other,1.0,Car,No,Front,2007.0,Slight,Fine no high winds,Dry,Daylight,30.0,Rural,2007.0
200743N145127,66 - 75,3.0,Small town,10.0,1998.0,,,Other/Not known (2005-10),Approaching junction or waiting/parked at junction approach,FORD,MONDEO GHIA X TDCI AUTO,Heavy oil,Male,,No tow/articulation,Did not leave carriageway,0.0,Waiting to turn left,3.0,Car,No,Front,2007.0,Slight,Fine no high winds,Dry,Darkness - no lighting,50.0,Rural,2007.0
20073102B0928,26 - 35,6.0,Small town,,1998.0,,,Other/Not known (2005-10),Mid Junction - on roundabout or on main road,FORD,TRANSIT 260 SWB TD,Heavy oil,Male,,No tow/articulation,Did not leave carriageway,0.0,Going ahead other,2.0,Van / Goods 3.5 tonnes mgw or under,No,Nearside,2007.0,Slight,Fine no high winds,Dry,Daylight,60.0,Rural,2007.0
2004214114330,Data missing or out of range,3.0,Data missing or out of range,,2959.0,,,Data missing or out of range,Data missing or out of range,ALFA ROMEO,,Petrol,Not known,,No tow/articulation,Did not leave carriageway,0.0,Turning right,3.0,109,Data missing or out of range,Did not impact,2004.0,,,,,,,
200401QA00312,Data missing or out of range,10.0,Urban area,10.0,399.0,,,Data missing or out of range,Data missing or out of range,HONDA,,Petrol,Male,,No tow/articulation,Did not leave carriageway,0.0,Slowing or stopping,1.0,106,Data missing or out of range,Nearside,2004.0,,,,,,,
2005100068305,Data missing or out of range,6.0,Urban area,5.0,5900.0,,,Journey as part of work,Cleared junction or waiting/parked at junction exit,DENNIS,,Heavy oil,Male,,No tow/articulation,Did not leave carriageway,0.0,Going ahead other,1.0,Bus or coach (17 or more pass seats),No,Front,2005.0,Slight,Raining no high winds,Wet or damp,Daylight,30.0,Urban,2005.0
20044200G0869,26 - 35,,Urban area,6.0,1988.0,,,Data missing or out of range,Data missing or out of range,JAGUAR,X-TYPE SE D,Heavy oil,Male,,No tow/articulation,Did not leave carriageway,0.0,Going ahead other,2.0,109,Data missing or out of range,Front,2004.0,,,,,,,
200501PY20892,46 - 55,4.0,Data missing or out of range,,5883.0,,,Journey as part of work,Not at or within 20 metres of junction,DENNIS,,Heavy oil,Male,,No tow/articulation,Did not leave carriageway,0.0,Parked,1.0,Bus or coach (17 or more pass seats),No,Did not impact,2005.0,Slight,Fine no high winds,Dry,Daylight,30.0,Urban,2005.0
200514C022905,46 - 55,4.0,Urban area,3.0,1686.0,,,Other/Not known (2005-10),Approaching junction or waiting/parked at junction approach,VAUXHALL,ASTRA LS DTI,Heavy oil,Male,,No tow/articulation,Did not leave carriageway,0.0,Moving off,1.0,Taxi/Private hire car,No,Front,2005.0,Slight,Fine no high winds,Dry,Daylight,40.0,Urban,2005.0
200743R224127,56 - 65,2.0,Urban area,10.0,1910.0,,,Other/Not known (2005-10),Approaching junction or waiting/parked at junction approach,SAAB,9-3 LINEAR SPORT TID 8V,Heavy oil,Male,,No tow/articulation,Did not leave carriageway,0.0,Going ahead other,1.0,Car,No,Front,2007.0,Slight,Fine no high winds,Dry,Daylight,30.0,Urban,2007.0
2004530AI1262,16 - 20,7.0,Urban area,1.0,1391.0,,,Data missing or out of range,Data missing or out of range,FORD,ESCORT SILHOUETTE,Petrol,Male,Skidded,No tow/articulation,Did not leave carriageway,0.0,Going ahead other,1.0,109,Data missing or out of range,Front,2004.0,,,,,,,
2004554E02771,16 - 20,,Urban area,8.0,49.0,,,Data missing or out of range,Data missing or out of range,MOTOR HISPANIA,MH6V-X FURIA,Petrol,Male,,No tow/articulation,Did not leave carriageway,0.0,Overtaking moving vehicle - offside,2.0,Motorcycle 50cc and under,Data missing or out of range,Front,2004.0,,,,,,,
2006460124859,36 - 45,,Data missing or out of range,,,,,Journey as part of work,Approaching junction or waiting/parked at junction approach,FORD,TRANSIT CONNECT L230 D,,Male,,No tow/articulation,Did not leave carriageway,0.0,Turning right,1.0,Car,No,Offside,2006.0,Slight,Fine no high winds,Dry,Daylight,30.0,Urban,2006.0
200640D005070,Data missing or out of range,1.0,Data missing or out of range,,3900.0,,,Other/Not known (2005-10),Approaching junction or waiting/parked at junction approach,ALEXANDER DENNIS,,Heavy oil,Male,,No tow/articulation,Did not leave carriageway,0.0,Going ahead other,1.0,Bus or coach (17 or more pass seats),No,Front,2006.0,Slight,Fine no high winds,Dry,Darkness - lighting unknown,60.0,Rural,2006.0
200401XS01011,16 - 20,3.0,Urban area,4.0,124.0,Parked vehicle,,Data missing or out of range,Data missing or out of range,APRILIA,,Petrol,Male,,No tow/articulation,Did not leave carriageway,0.0,Going ahead other,1.0,Motorcycle 125cc and under,Data missing or out of range,Front,2004.0,,,,,,,
2006360039040,16 - 20,8.0,Rural,6.0,1590.0,,,Other/Not known (2005-10),Not at or within 20 metres of junction,HONDA,CIVIC COUPE 1.6I LS,Petrol,Male,,No tow/articulation,Did not leave carriageway,0.0,Parked,3.0,Car,No,Offside,2006.0,Slight,Fine no high winds,Wet or damp,Darkness - no lighting,60.0,Rural,2006.0
200411DJ32920,Over 75,,Small town,3.0,989.0,,Other permanent object,Data missing or out of range,Data missing or out of range,DAIHATSU,CHARADE EL,Petrol,Male,,No tow/articulation,Straight ahead at junction,0.0,Turning right,1.0,109,Data missing or out of range,Front,2004.0,,,,,,,
200522EC32709,36 - 45,8.0,Urban area,5.0,1149.0,Parked vehicle,,Other/Not known (2005-10),Not at or within 20 metres of junction,RENAULT,CLIO RL PANACHE 1.2,Petrol,Female,,No tow/articulation,Did not leave carriageway,0.0,Parked,4.0,Car,No,Back,2005.0,Slight,Fine no high winds,Dry,Darkness - no lighting,30.0,Urban,2005.0
2006100930006,16 - 20,,Urban area,5.0,124.0,,,Other/Not known (2005-10),Mid Junction - on roundabout or on main road,HYOSUNG,GT 125 R,Petrol,Male,,No tow/articulation,Did not leave carriageway,0.0,Going ahead other,2.0,Motorcycle 125cc and under,No,Front,2006.0,Slight,Fine no high winds,Wet or damp,Darkness - lights lit,30.0,Urban,2006.0
200405DH00135,36 - 45,7.0,Urban area,,1493.0,,,Data missing or out of range,Data missing or out of range,HONDA,CIVIC 1.5I LS,Petrol,Female,,No tow/articulation,Did not leave carriageway,0.0,Going ahead other,2.0,109,Data missing or out of range,Offside,2004.0,,,,,,,
200506G028617,26 - 35,,Urban area,2.0,1997.0,,,Journey as part of work,Mid Junction - on roundabout or on main road,PEUGEOT,407 SE HDI,Heavy oil,Male,,No tow/articulation,Did not leave carriageway,0.0,U-turn,1.0,Taxi/Private hire car,No,Offside,2005.0,Slight,Fine no high winds,Dry,Daylight,30.0,Urban,2005.0
200445WA62628,16 - 20,,Small town,10.0,,,,Data missing or out of range,Data missing or out of range,LAND ROVER,"88"" - 4 CYL",,Male,,No tow/articulation,Offside,7.0,Going ahead other,1.0,Other vehicle,Data missing or out of range,Offside,2004.0,,,,,,,
200506J032877,36 - 45,1.0,Urban area,10.0,2922.0,,,Other/Not known (2005-10),Mid Junction - on roundabout or on main road,VOLVO,XC90 T6 EXECUTIVE AWD S-A,Petrol,Female,,No tow/articulation,Did not leave carriageway,0.0,Turning right,1.0,Car,No,Nearside,2005.0,Slight,Fine no high winds,Dry,Daylight,30.0,Urban,2005.0
2006216029567,26 - 35,10.0,Rural,6.0,1870.0,,,Other/Not known (2005-10),Mid Junction - on roundabout or on main road,VOLVO,440 SI DIESEL,Heavy oil,Male,,No tow/articulation,Did not leave carriageway,0.0,Going ahead other,2.0,Car,No,Back,2006.0,Slight,Fine no high winds,Dry,Daylight,70.0,Rural,2006.0
2006940601210,26 - 35,,Data missing or out of range,,,,,Commuting to/from work,Leaving roundabout,FIAT,PANDA DYNAMIC,,Male,,No tow/articulation,Did not leave carriageway,0.0,Going ahead other,2.0,Motorcycle over 125cc and up to 500cc,No,Nearside,2006.0,Serious,Fine no high winds,Dry,Daylight,30.0,Urban,2006.0
200504FL05034,26 - 35,6.0,Data missing or out of range,,1598.0,,,Other/Not known (2005-10),Approaching junction or waiting/parked at junction approach,RENAULT,MEGANE RT SPORT,Petrol,Female,,No tow/articulation,Did not leave carriageway,0.0,Going ahead other,1.0,Car,No,Front,2005.0,Slight,Unknown,Dry,Daylight,30.0,Rural,2005.0
2004520148644,46 - 55,9.0,Small town,,1580.0,Parked vehicle,,Data missing or out of range,Data missing or out of range,PEUGEOT,405 GLX,Petrol,Male,,No tow/articulation,Did not leave carriageway,0.0,Overtaking static vehicle - offside,2.0,109,Data missing or out of range,Nearside,2004.0,,,,,,,
20044200F0040,16 - 20,12.0,Urban area,6.0,125.0,,,Data missing or out of range,Data missing or out of range,HONDA,,Petrol,Male,,No tow/articulation,Did not leave carriageway,0.0,Going ahead other,2.0,Motorcycle 125cc and under,Data missing or out of range,Front,2004.0,,,,,,,
200511DJ02090,21 - 25,1.0,Urban area,5.0,124.0,,,Commuting to/from work,Approaching junction or waiting/parked at junction approach,HONDA,XR 125 L-4,Petrol,Male,Skidded,No tow/articulation,Did not leave carriageway,0.0,Going ahead other,1.0,Motorcycle 125cc and under,No,Nearside,2005.0,Slight,Fine no high winds,Wet or damp,Darkness - lights lit,30.0,Rural,2005.0
2007330703888,26 - 35,9.0,Data missing or out of range,,1581.0,,,Other/Not known (2005-10),Mid Junction - on roundabout or on main road,FIAT,BRAVA 1.6 SX AUTO,Petrol,Female,,No tow/articulation,Did not leave carriageway,0.0,Slowing or stopping,2.0,Car,No,Back,2007.0,Slight,Fine no high winds,Dry,Daylight,30.0,Urban,2007.0
2007070365910,26 - 35,6.0,Urban area,3.0,599.0,,,Commuting to/from work,Not at or within 20 metres of junction,KAWASAKI,ZX600-J1,Petrol,Male,Skidded,No tow/articulation,Did not leave carriageway,0.0,Overtaking moving vehicle - offside,2.0,Motorcycle over 500cc,No,Nearside,2007.0,Slight,Fine no high winds,Wet or damp,Daylight,50.0,Rural,2007.0
200514C216705,21 - 25,9.0,Urban area,5.0,,,,Journey as part of work,Approaching junction or waiting/parked at junction approach,VOLVO,,Heavy oil,Male,,No tow/articulation,Did not leave carriageway,0.0,Going ahead other,1.0,Bus or coach (17 or more pass seats),No,Front,2005.0,Slight,Fine no high winds,Dry,Daylight,40.0,Urban,2005.0
2004950010204,36 - 45,3.0,Urban area,,1396.0,,,Data missing or out of range,Data missing or out of range,MG,ZR+,Petrol,Female,Skidded and overturned,No tow/articulation,Nearside,0.0,Going ahead right-hand bend,1.0,109,Data missing or out of range,Did not impact,2004.0,,,,,,,
2006470606920,26 - 35,,Rural,8.0,,,,Commuting to/from work,Not at or within 20 metres of junction,FORD,ESCORT 55TD,,Male,,No tow/articulation,Did not leave carriageway,0.0,Waiting to go - held up,2.0,Car,No,Back,2006.0,Slight,Fine no high winds,Dry,Daylight,30.0,Rural,2006.0
2005460010054,26 - 35,1.0,Urban area,2.0,1364.0,,,Other/Not known (2005-10),Mid Junction - on roundabout or on main road,VAUXHALL,CORSA SRI 16V TWINPORT,Petrol,Male,,No tow/articulation,Did not leave carriageway,0.0,Going ahead other,2.0,Car,No,Back,2005.0,Slight,Fine no high winds,Dry,Daylight,30.0,Urban,2005.0
2007557E00461,36 - 45,1.0,Small town,6.0,1339.0,,,Journey as part of work,Cleared junction or waiting/parked at junction exit,HONDA,JAZZ SE CVT,Petrol,Male,,No tow/articulation,Did not leave carriageway,0.0,Waiting to go - held up,2.0,Car,No,Back,2007.0,Slight,Raining + high winds,Wet or damp,Daylight,60.0,Rural,2007.0
2005350161605,46 - 55,3.0,Urban area,4.0,1796.0,,Central crash barrier,Other/Not known (2005-10),Not at or within 20 metres of junction,MG,TF 160,Petrol,Male,,No tow/articulation,Nearside,0.0,Changing lane to left,1.0,Car,No,Front,2005.0,Slight,Fine no high winds,Dry,Daylight,70.0,Rural,2005.0
200711DC04480,36 - 45,8.0,Rural,8.0,,,,Journey as part of work,Not at or within 20 metres of junction,DAF,,Heavy oil,Male,,No tow/articulation,Did not leave carriageway,0.0,Slowing or stopping,1.0,Bus or coach (17 or more pass seats),No,Did not impact,2007.0,Slight,Fine no high winds,Dry,Daylight,30.0,Rural,2007.0
200514B078505,36 - 45,10.0,Rural,9.0,11967.0,,,Journey as part of work,Approaching junction or waiting/parked at junction approach,MAN,,Heavy oil,Male,,No tow/articulation,Did not leave carriageway,0.0,Going ahead other,2.0,Goods 7.5 tonnes mgw and over,No,Front,2005.0,Slight,Fine no high winds,Dry,Daylight,30.0,Rural,2005.0
200445MO51248,26 - 35,,Urban area,10.0,,,,Data missing or out of range,Data missing or out of range,VAUXHALL,ASTRA ENVOY DI 16V,,Male,,No tow/articulation,Did not leave carriageway,0.0,Going ahead right-hand bend,2.0,109,Data missing or out of range,Front,2004.0,,,,,,,
200720H052801,26 - 35,5.0,Data missing or out of range,,1339.0,,,Other/Not known (2005-10),Cleared junction or waiting/parked at junction exit,HONDA,JAZZ SE,Petrol,Male,,No tow/articulation,Did not leave carriageway,0.0,Going ahead other,1.0,Car,No,Front,2007.0,Slight,Fine no high winds,Dry,Daylight,30.0,Urban,2007.0
200601YE80461,66 - 75,5.0,Urban area,6.0,1242.0,,,Other/Not known (2005-10),Not at or within 20 metres of junction,FIAT,PUNTO ELX 8V,Petrol,Male,,No tow/articulation,Did not leave carriageway,0.0,Going ahead other,1.0,Car,No,Front,2006.0,Slight,Fine no high winds,Dry,Daylight,30.0,Urban,2006.0
200597CA00401,36 - 45,1.0,Urban area,,1997.0,,Other permanent object,Journey as part of work,Approaching junction or waiting/parked at junction approach,PEUGEOT,307 S HDI 90,Heavy oil,Female,,No tow/articulation,Nearside,0.0,Going ahead other,2.0,Car,No,Offside,2005.0,Slight,Raining + high winds,Wet or damp,Daylight,30.0,Urban,2005.0
200611BD13930,56 - 65,4.0,Small town,4.0,1397.0,,,Other/Not known (2005-10),Approaching junction or waiting/parked at junction approach,SKODA,FABIA CLASSIC 8V,Petrol,Male,,No tow/articulation,Did not leave carriageway,0.0,Waiting to go - held up,2.0,Car,No,Back,2006.0,Slight,Raining + high winds,Wet or damp,Daylight,70.0,Rural,2006.0
2007360040591,21 - 25,7.0,Urban area,1.0,1896.0,,,Commuting to/from work,Not at or within 20 metres of junction,SEAT,INCA SDI,Heavy oil,Male,,No tow/articulation,Did not leave carriageway,0.0,Waiting to go - held up,2.0,Van / Goods 3.5 tonnes mgw or under,No,Back,2007.0,Slight,Fine no high winds,Dry,Daylight,70.0,Rural,2007.0
200401PY20311,26 - 35,2.0,Urban area,,1360.0,,,Data missing or out of range,Data missing or out of range,PEUGEOT,206 LOOK,Petrol,Male,,No tow/articulation,Did not leave carriageway,0.0,Going ahead other,1.0,109,Data missing or out of range,Front,2004.0,,,,,,,
2004130383604,56 - 65,3.0,Urban area,2.0,1199.0,,,Data missing or out of range,Data missing or out of range,VAUXHALL,AGILA,Petrol,Female,,No tow/articulation,Did not leave carriageway,0.0,Waiting to go - held up,1.0,109,Data missing or out of range,Back,2004.0,,,,,,,
200706P073777,26 - 35,7.0,Urban area,9.0,1796.0,,,Other/Not known (2005-10),Leaving roundabout,VAUXHALL,ASTRA CDX 16V,Petrol,Male,,No tow/articulation,Did not leave carriageway,0.0,Turning left,2.0,Car,No,Front,2007.0,Slight,Fine no high winds,Dry,Daylight,30.0,Urban,2007.0
200801LX50130,26 - 35,2.0,Urban area,3.0,1998.0,,,Other/Not known (2005-10),Mid Junction - on roundabout or on main road,VAUXHALL,ZAFIRA VXR,Petrol,Female,,No tow/articulation,Did not leave carriageway,0.0,Turning left,1.0,Car,No,Back,2008.0,Slight,Fine no high winds,Dry,Daylight,30.0,Urban,2008.0
200542J053512,56 - 65,10.0,Rural,5.0,5900.0,,,Journey as part of work,Mid Junction - on roundabout or on main road,SEDDON/ATKINSON,,Heavy oil,Male,,No tow/articulation,Did not leave carriageway,0.0,Turning right,1.0,Goods 7.5 tonnes mgw and over,No,Front,2005.0,Slight,Other,Frost or ice,Darkness - lights lit,30.0,Urban,2005.0
2007360044653,36 - 45,,Urban area,1.0,,,,Journey as part of work,Not at or within 20 metres of junction,VOLKSWAGEN,CARAVELLE TDI SWB,,Male,,No tow/articulation,Did not leave carriageway,0.0,Going ahead other,1.0,Taxi/Private hire car,No,Front,2007.0,Slight,Fine no high winds,Dry,Daylight,30.0,Urban,2007.0
200447K172280,16 - 20,7.0,Urban area,7.0,749.0,,Telegraph or electricity pole,Data missing or out of range,Data missing or out of range,KAWASAKI,,Petrol,Male,Skidded,No tow/articulation,Offside,0.0,Going ahead left-hand bend,1.0,106,Data missing or out of range,Nearside,2004.0,,,,,,,
200804DL08116,46 - 55,7.0,Urban area,5.0,1689.0,,,Other/Not known (2005-10),Not at or within 20 metres of junction,MERCEDES,A170 CDI AVANTGARDE,Heavy oil,Female,,No tow/articulation,Did not leave carriageway,0.0,Turning right,1.0,Car,No,Nearside,2008.0,Slight,Fine no high winds,Wet or damp,Daylight,50.0,Rural,2008.0
200436T040246,Data missing or out of range,10.0,Small town,8.0,1389.0,,,Data missing or out of range,Data missing or out of range,VAUXHALL,ASTRA LS I,Petrol,Male,,No tow/articulation,Did not leave carriageway,0.0,Waiting to turn left,1.0,109,Data missing or out of range,Back,2004.0,,,,,,,
2004130406404,36 - 45,6.0,Urban area,6.0,1782.0,,,Data missing or out of range,Data missing or out of range,VOLKSWAGEN,SHARAN SPORT 20V,Petrol,Female,,No tow/articulation,Did not leave carriageway,0.0,Going ahead other,1.0,109,Data missing or out of range,Offside,2004.0,,,,,,,
2007520712122,36 - 45,1.0,Urban area,5.0,2148.0,,,Other/Not known (2005-10),Approaching junction or waiting/parked at junction approach,MERCEDES,C220 CDI SPORT EDITION A,Heavy oil,Male,,No tow/articulation,Did not leave carriageway,0.0,Changing lane to right,1.0,Car,No,Nearside,2007.0,Slight,Fine no high winds,Dry,Daylight,30.0,Urban,2007.0