Accident_Index,Age_Band_of_Driver,Age_of_Vehicle,Driver_Home_Area_Type,Driver_IMD_Decile,Engine_Capacity_.CC.,Hit_Object_in_Carriageway,Hit_Object_off_Carriageway,Journey_Purpose_of_Driver,Junction_Location,make,model,Propulsion_Code,Sex_of_Driver,Skidding_and_Overturning,Towing_and_Articulation,Vehicle_Leaving_Carriageway,Vehicle_Location.Restricted_Lane,Vehicle_Manoeuvre,Vehicle_Reference,Vehicle_Type,Was_Vehicle_Left_Hand_Drive,X1st_Point_of_Impact,Year_x,Severity_Label,Weather_Conditions,Road_Surface_Conditions,Light_Conditions,Speed_limit,Urban_or_Rural_Area,Year_y
200643R180116,36 - 45,10.0,Urban area,3.0,1360.0,,,Other/Not known (2005-10),Entering main road,PEUGEOT,306 GENOA,Petrol,Female,,No tow/articulation,Did not leave carriageway,0.0,Turning right,1.0,Car,No,Offside,2006.0,Slight,Fine no high winds,Wet or damp,Daylight,30.0,Urban,2006.0
2005460016520,26 - 35,9.0,Urban area,1.0,954.0,,,Other/Not known (2005-10),Not at or within 20 metres of junction,CITROEN,AX 1.0I ELATION,Petrol,Female,,No tow/articulation,Did not leave carriageway,0.0,Going ahead other,1.0,Car,No,Front,2005.0,Slight,Fine no high winds,Dry,Daylight,30.0,Urban,2005.0
200737G024020,16 - 20,5.0,Rural,7.0,1149.0,,,Other/Not known (2005-10),Not at or within 20 metres of junction,RENAULT,CLIO EXPRESSION+ 16V,Petrol,Female,,No tow/articulation,Did not leave carriageway,0.0,Overtaking static vehicle - offside,1.0,Car,No,Nearside,2007.0,Slight,Fine no high winds,Dry,Daylight,30.0,Urban,2007.0
2007400D03747,36 - 45,1.0,Urban area,7.0,1796.0,,,Commuting to/from work,Mid Junction - on roundabout or on main road,MERCEDES,C180 KOMP. AVANTGARDE SE,Petrol,Female,,No tow/articulation,Did not leave carriageway,0.0,Waiting to go - held up,3.0,Car,No,Back,2007.0,Slight,Fine no high winds,Wet or damp,Darkness - lights lit,30.0,Urban,2007.0
200642B014705,36 - 45,2.0,Urban area,4.0,11946.0,,Central crash barrier,Journey as part of work,Not at or within 20 metres of junction,MERCEDES,,Heavy oil,Male,,No tow/articulation,Offside on to central reservation,0.0,Changing lane to left,1.0,Goods 7.5 tonnes mgw and over,No,Front,2006.0,Fatal,Fine no high winds,Dry,Daylight,70.0,Urban,2006.0
200743P393017,16 - 20,1.0,Data missing or out of range,,1229.0,,Entered ditch,Other/Not known (2005-10),Not at or within 20 metres of junction,VAUXHALL,CORSA SXI+ 16V,Petrol,Male,Skidded and overturned,No tow/articulation,Offside,0.0,Going ahead other,1.0,Car,No,Front,2007.0,Serious,Fine no high winds,Wet or damp,Darkness - no lighting,60.0,Rural,2007.0
2005950011369,21 - 25,6.0,Urban area,,1396.0,,,Other/Not known (2005-10),Cleared junction or waiting/parked at junction exit,HONDA,CIVIC 1.4I SPORT,Petrol,Male,,No tow/articulation,Did not leave carriageway,0.0,Turning left,1.0,Car,No,Front,2005.0,Slight,Fine no high winds,Dry,Darkness - lights lit,60.0,Rural,2005.0
2007217024816,46 - 55,1.0,Small town,7.0,2198.0,,,Other/Not known (2005-10),Cleared junction or waiting/parked at junction exit,JAGUAR,X-TYPE S D,Heavy oil,Male,Skidded,No tow/articulation,Did not leave carriageway,0.0,Slowing or stopping,1.0,Car,No,Front,2007.0,Slight,Raining no high winds,Wet or damp,Darkness - lights lit,30.0,Urban,2007.0
2004520079812,21 - 25,2.0,Urban area,3.0,1124.0,,,Data missing or out of range,Data missing or out of range,PEUGEOT,206 LOOK,Petrol,Female,Skidded,No tow/articulation,Did not leave carriageway,0.0,Slowing or stopping,1.0,109,Data missing or out of range,Front,2004.0,,,,,,,
200650E31A048,26 - 35,12.0,Urban area,1.0,1997.0,,,Data missing or out of range,Data missing or out of range,HONDA,ACCORD LS COUPE,Petrol,Male,,No tow/articulation,Did not leave carriageway,0.0,Slowing or stopping,2.0,Car,Data missing or out of range,Front,2006.0,Slight,Other,Wet or damp,Darkness - lights lit,30.0,Urban,2006.0
200722FA85657,36 - 45,8.0,Urban area,5.0,599.0,,,Other/Not known (2005-10),Mid Junction - on roundabout or on main road,SUZUKI,GSF 600 SW,Petrol,Male,,No tow/articulation,Offside,0.0,Overtaking static vehicle - offside,2.0,Motorcycle over 500cc,No,Front,2007.0,Slight,Raining no high winds,Wet or damp,Daylight,40.0,Urban,2007.0
200601SX20250,26 - 35,6.0,Urban area,8.0,1400.0,,,Other/Not known (2005-10),Not at or within 20 metres of junction,VOLKSWAGEN,POLO 16V,Petrol,Male,,No tow/articulation,Did not leave carriageway,0.0,Slowing or stopping,2.0,Car,No,Did not impact,2006.0,Slight,Fine no high winds,Dry,Daylight,30.0,Urban,2006.0
200701RG40493,36 - 45,2.0,Urban area,9.0,2148.0,,,Other/Not known (2005-10),Cleared junction or waiting/parked at junction exit,MERCEDES,E220 CDI ELEGANCE AUTO,Heavy oil,Male,Skidded,No tow/articulation,Did not leave carriageway,0.0,Going ahead other,3.0,Car,No,Front,2007.0,Slight,Raining no high winds,Wet or damp,Daylight,30.0,Urban,2007.0
2007130454607,Data missing or out of range,2.0,Urban area,10.0,1998.0,,,Other/Not known (2005-10),Approaching junction or waiting/parked at junction approach,TOYOTA,RAV4 VVT-1 GRANITE,Petrol,Female,,No tow/articulation,Did not leave carriageway,0.0,Changing lane to right,2.0,Car,No,Offside,2007.0,Slight,Fine no high winds,Dry,Daylight,40.0,Urban,2007.0
200763DP15407,Over 75,8.0,Data missing or out of range,,1850.0,Parked vehicle,,Other/Not known (2005-10),Not at or within 20 metres of junction,HONDA,ACCORD LS AUTO,Petrol,Female,,No tow/articulation,Did not leave carriageway,0.0,Going ahead other,1.0,Car,No,Front,2007.0,Slight,Fine no high winds,Dry,Daylight,60.0,Rural,2007.0
200737G022999,21 - 25,,Rural,6.0,1364.0,,,Journey as part of work,Approaching junction or waiting/parked at junction approach,VAUXHALL,CORSA CLUB A/C,Petrol,Male,,No tow/articulation,Did not leave carriageway,0.0,Going ahead other,1.0,Car,No,Front,2007.0,Slight,Fine no high winds,Dry,Daylight,60.0,Rural,2007.0
2006556E05111,26 - 35,1.0,Rural,9.0,2300.0,,,Other/Not known (2005-10),Mid Junction - on roundabout or on main road,IVECO,DAILY 35 C12 LWB,Heavy oil,Male,,No tow/articulation,Did not leave carriageway,0.0,Going ahead other,2.0,Van / Goods 3.5 tonnes mgw or under,No,Front,2006.0,Slight,Fine no high winds,Dry,Daylight,30.0,Rural,2006.0
200743P182037,56 - 65,14.0,Urban area,9.0,291.0,,,Commuting to/from work,Not at or within 20 metres of junction,MZ,,Petrol,Male,,No tow/articulation,Did not leave carriageway,0.0,Going ahead other,2.0,Motorcycle over 125cc and up to 500cc,No,Nearside,2007.0,Slight,Fine no high winds,Dry,Daylight,60.0,Rural,2007.0
200611BD19640,36 - 45,3.0,Urban area,7.0,1199.0,,,Other/Not known (2005-10),Entering roundabout,VAUXHALL,CORSA ACTIVE 16V,Petrol,Female,,No tow/articulation,Did not leave carriageway,0.0,Going ahead other,1.0,Car,No,Offside,2006.0,Slight,Fine no high winds,Wet or damp,Daylight,30.0,Urban,2006.0
200401SX00354,36 - 45,6.0,Urban area,6.0,1850.0,,,Data missing or out of range,Data missing or out of range,HONDA,ACCORD 1.8I S,Petrol,Male,,No tow/articulation,Did not leave carriageway,0.0,Going ahead other,1.0,109,Data missing or out of range,Data missing or out of range,2004.0,,,,,,,
2006470605456,56 - 65,5.0,Rural,7.0,1998.0,,,Journey as part of work,Not at or within 20 metres of junction,FORD,TRANSIT 260 SWB TD,Heavy oil,Male,Skidded,Single trailer,Did not leave carriageway,0.0,Going ahead right-hand bend,2.0,Van / Goods 3.5 tonnes mgw or under,No,Front,2006.0,Serious,Raining no high winds,Wet or damp,Daylight,30.0,Rural,2006.0
200643W233036,36 - 45,8.0,Data missing or out of range,,1998.0,,,Other/Not known (2005-10),Mid Junction - on roundabout or on main road,VAUXHALL,VECTRA ARCTIC 2.0DI,Heavy oil,Female,,No tow/articulation,Did not leave carriageway,0.0,Turning right,1.0,Car,No,Front,2006.0,Slight,Fine no high winds,Dry,Daylight,40.0,Urban,2006.0
2005100273405,16 - 20,3.0,Urban area,2.0,1299.0,,,Other/Not known (2005-10),Mid Junction - on roundabout or on main road,FORD,KA STYLE,Petrol,Female,,No tow/articulation,Did not leave carriageway,0.0,Going ahead other,2.0,Car,No,Front,2005.0,Slight,Unknown,Dry,Darkness - lighting unknown,30.0,Urban,2005.0
200542B001801,36 - 45,2.0,Urban area,5.0,1398.0,,,Other/Not known (2005-10),Entering roundabout,CITROEN,C3 DESIRE HDI,Heavy oil,Female,,No tow/articulation,Did not leave carriageway,0.0,Going ahead other,2.0,Car,No,Offside,2005.0,Slight,Other,Wet or damp,Darkness - lights lit,30.0,Urban,2005.0
2005123270664,36 - 45,2.0,Data missing or out of range,,2084.0,,,Other/Not known (2005-10),Approaching junction or waiting/parked at junction approach,MERCEDES,A210 EVOLUTION,Petrol,Female,,No tow/articulation,Did not leave carriageway,0.0,Waiting to go - held up,2.0,Car,No,Back,2005.0,Slight,Fine no high winds,Wet or damp,Darkness - no lighting,60.0,Rural,2005.0
2007600FL3094,26 - 35,4.0,Urban area,,1339.0,,Tree,Other/Not known (2005-10),Not at or within 20 metres of junction,HONDA,JAZZ S,Petrol,Male,,No tow/articulation,Offside and rebounded,0.0,Changing lane to right,1.0,Car,No,Front,2007.0,Serious,Fine no high winds,Wet or damp,Darkness - lights lit,60.0,Rural,2007.0
2006530186389,36 - 45,,Data missing or out of range,,,,,Other/Not known (2005-10),Cleared junction or waiting/parked at junction exit,VOLVO,,,Male,Skidded,No tow/articulation,Did not leave carriageway,0.0,Going ahead other,1.0,Car,No,Front,2006.0,Slight,Raining no high winds,Wet or damp,Daylight,30.0,Rural,2006.0
200506L918103,26 - 35,4.0,Urban area,4.0,1598.0,,,Data missing or out of range,Approaching junction or waiting/parked at junction approach,ALFA ROMEO,156 T.SPARK VELOCE SWAGON,Petrol,Female,,No tow/articulation,Did not leave carriageway,0.0,Waiting to go - held up,2.0,Car,Data missing or out of range,Back,2005.0,Slight,Fine no high winds,Wet or damp,Darkness - lights lit,30.0,Urban,2005.0
200401DM01289,26 - 35,6.0,Urban area,3.0,2155.0,,,Data missing or out of range,Data missing or out of range,MERCEDES,C220 DIESEL,Heavy oil,Male,,No tow/articulation,Did not leave carriageway,0.0,Changing lane to left,1.0,109,Data missing or out of range,Nearside,2004.0,,,,,,,
200763BC18207,26 - 35,7.0,Rural,,6871.0,,,Journey as part of work,Approaching junction or waiting/parked at junction approach,MAN,,Heavy oil,Male,Skidded,No tow/articulation,Did not leave carriageway,0.0,Going ahead left-hand bend,1.0,Goods 7.5 tonnes mgw and over,No,Front,2007.0,Slight,Fine no high winds,Dry,Daylight,60.0,Rural,2007.0
200514D117005,16 - 20,7.0,Small town,3.0,1149.0,,,Other/Not known (2005-10),Not at or within 20 metres of junction,RENAULT,CLIO BIARRITZ,Petrol,Male,,No tow/articulation,Did not leave carriageway,0.0,Slowing or stopping,1.0,Car,No,Nearside,2005.0,Slight,Fine no high winds,Dry,Daylight,30.0,Urban,2005.0
2007130182907,21 - 25,2.0,Rural,6.0,1364.0,,,Journey as part of work,Not at or within 20 metres of junction,MINI,ONE D,Heavy oil,Male,,No tow/articulation,Did not leave carriageway,0.0,Waiting to go - held up,2.0,Car,No,Back,2007.0,Slight,Raining no high winds,Wet or damp,Daylight,30.0,Urban,2007.0
2005520059609,46 - 55,2.0,Rural,9.0,10800.0,,,Journey as part of work,Not at or within 20 metres of junction,FODEN,,Heavy oil,Male,,No tow/articulation,Did not leave carriageway,0.0,Going ahead other,2.0,Goods 7.5 tonnes mgw and over,No,Back,2005.0,Slight,Fine no high winds,Dry,Daylight,60.0,Rural,2005.0
200542B040210,16 - 20,11.0,Data missing or out of range,,1686.0,,,Other/Not known (2005-10),Not at or within 20 metres of junction,VAUXHALL,ASTRA LS TURBO DIESEL,Heavy oil,Female,,No tow/articulation,Did not leave carriageway,0.0,Slowing or stopping,1.0,Car,No,Back,2005.0,Slight,Fine no high winds,Dry,Daylight,40.0,Rural,2005.0
200801VW40351,26 - 35,1.0,Urban area,8.0,1598.0,,,Commuting to/from work,Entering main road,VOLKSWAGEN,GOLF FSI S,Petrol,Female,,No tow/articulation,Did not leave carriageway,0.0,Going ahead other,1.0,Car,No,Front,2008.0,Slight,Fine no high winds,Wet or damp,Darkness - lights lit,30.0,Urban,2008.0
2005123030637,46 - 55,5.0,Urban area,9.0,1905.0,,,Other/Not known (2005-10),Mid Junction - on roundabout or on main road,CITROEN,RELAY 1000D,Heavy oil,Male,,No tow/articulation,Did not leave carriageway,0.0,Going ahead other,1.0,Van / Goods 3.5 tonnes mgw or under,No,Front,2005.0,Serious,Fine no high winds,Dry,Darkness - no lighting,60.0,Rural,2005.0
200522EB33741,26 - 35,2.0,Urban area,3.0,997.0,,,Journey as part of work,Not at or within 20 metres of junction,APRILIA,,Petrol,Male,Skidded,No tow/articulation,Did not leave carriageway,0.0,Slowing or stopping,3.0,Motorcycle over 500cc,No,Did not impact,2005.0,Slight,Fine no high winds,Wet or damp,Daylight,60.0,Rural,2005.0
2007440057476,Over 75,2.0,Urban area,7.0,1339.0,,,Other/Not known (2005-10),Approaching junction or waiting/parked at junction approach,HONDA,JAZZ SE CVT,Petrol,Female,,No tow/articulation,Did not leave carriageway,0.0,Changing lane to right,2.0,Car,No,Front,2007.0,Slight,Fine no high winds,Dry,Daylight,40.0,Urban,2007.0
200545TA71691,26 - 35,10.0,Urban area,8.0,1389.0,,,Other/Not known (2005-10),Leaving main road,VAUXHALL,ASTRA LS (HI-TORQ),Petrol,Male,,No tow/articulation,Did not leave carriageway,0.0,Going ahead other,1.0,Car,No,Front,2005.0,Slight,Fine no high winds,Dry,Daylight,30.0,Rural,2005.0
200806A006140,21 - 25,1.0,Data missing or out of range,,1229.0,,,Other/Not known (2005-10),Cleared junction or waiting/parked at junction exit,VAUXHALL,CORSA CLUB A/C S-A,Petrol,Male,,No tow/articulation,Did not leave carriageway,0.0,Moving off,2.0,Car,No,Nearside,2008.0,Slight,Fog or mist,Wet or damp,Daylight,30.0,Urban,2008.0
2004400D00141,36 - 45,25.0,Urban area,8.0,744.0,,,Data missing or out of range,Data missing or out of range,TRIUMPH,,Petrol,Male,,No tow/articulation,Did not leave carriageway,0.0,Going ahead other,2.0,106,Data missing or out of range,Nearside,2004.0,,,,,,,
200643N319056,21 - 25,2.0,Urban area,2.0,1461.0,,Near/Offside crash barrier,Other/Not known (2005-10),Not at or within 20 metres of junction,RENAULT,CLIO DYNAMIQUE DCI 100,Heavy oil,Male,Overturned,No tow/articulation,Nearside,0.0,Going ahead other,1.0,Car,No,Front,2006.0,Slight,Raining no high winds,Wet or damp,Darkness - no lighting,70.0,Rural,2006.0
2006170S41736,26 - 35,7.0,Data missing or out of range,,1910.0,,,Other/Not known (2005-10),Approaching junction or waiting/parked at junction approach,FIAT,MAREA 105 ELX JTD WEEKEND,Heavy oil,Male,,No tow/articulation,Did not leave carriageway,0.0,Waiting to turn right,1.0,Car,No,Back,2006.0,Slight,Fine no high winds,Dry,Daylight,60.0,Rural,2006.0
200504FG05062,56 - 65,11.0,Urban area,1.0,1389.0,,,Other/Not known (2005-10),Approaching junction or waiting/parked at junction approach,VAUXHALL,ASTRA LS I,Petrol,Male,,No tow/articulation,Did not leave carriageway,0.0,Overtaking static vehicle - offside,2.0,Car,No,Front,2005.0,Slight,Fine no high winds,Dry,Daylight,30.0,Urban,2005.0
200501PL60476,Data missing or out of range,2.0,Data missing or out of range,,1997.0,,,Other/Not known (2005-10),Mid Junction - on roundabout or on main road,CITROEN,XSARA PICASSO HDI EXCLUSIVE,Heavy oil,Male,,No tow/articulation,Did not leave carriageway,0.0,Going ahead other,2.0,Car,No,Front,2005.0,Slight,Fine no high winds,Dry,Daylight,30.0,Urban,2005.0
2007940701972,26 - 35,1.0,Data missing or out of range,,1753.0,,,Other/Not known (2005-10),Approaching junction or waiting/parked at junction approach,FORD,FOCUS C-MAX GHIA TDCI E4,Heavy oil,Not known,,No tow/articulation,Did not leave carriageway,0.0,Parked,3.0,Car,No,Nearside,2007.0,Slight,Fine no high winds,Dry,Daylight,20.0,Rural,2007.0
2004440NA0209,46 - 55,7.0,Urban area,10.0,1796.0,,,Data missing or out of range,Data missing or out of range,FORD,MONDEO VERONA,Petrol,Female,,No tow/articulation,Did not leave carriageway,0.0,Going ahead other,2.0,109,Data missing or out of range,Front,2004.0,,,,,,,
200704BB07184,56 - 65,2.0,Data missing or out of range,,1343.0,,Other permanent object,Other/Not known (2005-10),Not at or within 20 metres of junction,KIA,RIO LE,Petrol,Male,,No tow/articulation,Did not leave carriageway,0.0,Going ahead other,1.0,Car,No,Front,2007.0,Slight,Fine no high winds,Dry,Daylight,60.0,Rural,2007.0
2005100834505,16 - 20,2.0,Urban area,3.0,1796.0,,,Commuting to/from work,Approaching junction or waiting/parked at junction approach,MG,TF 135 SPRINT,Petrol,Female,Skidded,No tow/articulation,Did not leave carriageway,0.0,Going ahead other,2.0,Car,No,Front,2005.0,Slight,Fine no high winds,Dry,Darkness - lights lit,30.0,Urban,2005.0
200601PL60694,21 - 25,10.0,Urban area,4.0,1998.0,,,Other/Not known (2005-10),Not at or within 20 metres of junction,VAUXHALL,VECTRA GLS 16V,Petrol,Male,,No tow/articulation,Did not leave carriageway,0.0,Moving off,1.0,Car,No,Offside,2006.0,Slight,Fine no high winds,Dry,Daylight,30.0,Urban,2006.0
200601HT20719,36 - 45,,Urban area,2.0,,,,Journey as part of work,Approaching junction or waiting/parked at junction approach,HONDA,CIVIC VISION AUTO,,Male,,No tow/articulation,Did not leave carriageway,0.0,Slowing or stopping,1.0,Bus or coach (17 or more pass seats),No,Did not impact,2006.0,Slight,Fine no high winds,Dry,Daylight,30.0,Urban,2006.0
200601XD80494,Data missing or out of range,12.0,Data missing or out of range,,2199.0,,,Other/Not known (2005-10),Cleared junction or waiting/parked at junction exit,MERCEDES,C220 AUTO,Petrol,Female,,No tow/articulation,Did not leave carriageway,0.0,Going ahead other,2.0,Car,No,Front,2006.0,Slight,Fine no high winds,Dry,Daylight,30.0,Urban,2006.0
200706B082892,46 - 55,12.0,Urban area,1.0,1587.0,,,Other/Not known (2005-10),Leaving main road,TOYOTA,CARINA E SOLAIR AIR CON,Petrol,Female,,No tow/articulation,Did not leave carriageway,0.0,Turning left,2.0,Car,No,Nearside,2007.0,Slight,Fine no high winds,Dry,Daylight,30.0,Urban,2007.0
200797AB03404,16 - 20,5.0,Rural,,1242.0,,,Other/Not known (2005-10),Not at or within 20 metres of junction,FIAT,PUNTO DYNAMIC,Petrol,Male,,No tow/articulation,Did not leave carriageway,0.0,Overtaking - nearside,1.0,Car,No,Nearside,2007.0,Slight,Fine no high winds,Dry,Daylight,30.0,Urban,2007.0
200537B024051,36 - 45,,Urban area,4.0,1998.0,,Entered ditch,Other/Not known (2005-10),Not at or within 20 metres of junction,FORD,TRANSIT 280 MWB,Heavy oil,Male,,No tow/articulation,Nearside,0.0,Going ahead other,2.0,Van / Goods 3.5 tonnes mgw or under,No,Offside,2005.0,Slight,Fine no high winds,Wet or damp,Darkness - no lighting,60.0,Rural,2005.0
2007350518107,26 - 35,5.0,Urban area,2.0,1686.0,,,Other/Not known (2005-10),Not at or within 20 metres of junction,VAUXHALL,COMBO 1700 DI,Heavy oil,Male,,No tow/articulation,Did not leave carriageway,0.0,Slowing or stopping,2.0,Van / Goods 3.5 tonnes mgw or under,No,Back,2007.0,Slight,Other,Wet or damp,Darkness - lights lit,70.0,Urban,2007.0
2004214134399,26 - 35,2.0,Urban area,10.0,1995.0,,,Data missing or out of range,Data missing or out of range,BMW,320D TOURING,Heavy oil,Male,,No tow/articulation,Did not leave carriageway,0.0,Waiting to go - held up,3.0,109,Data missing or out of range,Back,2004.0,,,,,,,
200720J014301,66 - 75,9.0,Urban area,2.0,1796.0,,,Commuting to/from work,Mid Junction - on roundabout or on main road,FORD,MONDEO VERONA,Petrol,Male,,No tow/articulation,Did not leave carriageway,0.0,Turning right,1.0,Car,No,Front,2007.0,Slight,Fine no high winds,Dry,Daylight,30.0,Urban,2007.0
2004100501104,46 - 55,2.0,Urban area,9.0,1242.0,,Road sign or traffic signal,Data missing or out of range,Data missing or out of range,FIAT,PUNTO ELX 8V,Petrol,Female,,No tow/articulation,Did not leave carriageway,0.0,Going ahead other,2.0,109,Data missing or out of range,Nearside,2004.0,,,,,,,
200545RU68605,Data missing or out of range,1.0,Data missing or out of range,,1896.0,,,Other/Not known (2005-10),Not at or within 20 metres of junction,VOLKSWAGEN,POLO TWIST SDI,Heavy oil,Male,,No tow/articulation,Did not leave carriageway,0.0,Slowing or stopping,1.0,Car,No,Did not impact,2005.0,Slight,Raining no high winds,Wet or damp,Daylight,70.0,Rural,2005.0
200620J082901,26 - 35,11.0,Urban area,2.0,1108.0,,,Other/Not known (2005-10),Approaching junction or waiting/parked at junction approach,FIAT,PUNTO 55 SX,Petrol,Female,,No tow/articulation,Did not leave carriageway,0.0,Waiting to go - held up,2.0,Car,No,Back,2006.0,Slight,Fine no high winds,Wet or damp,Daylight,40.0,Urban,2006.0
200501WW50151,26 - 35,2.0,Urban area,6.0,,,,Journey as part of work,Mid Junction - on roundabout or on main road,SCANIA,,Heavy oil,Male,,No tow/articulation,Did not leave carriageway,0.0,Going ahead other,1.0,Bus or coach (17 or more pass seats),No,Did not impact,2005.0,Slight,Fine no high winds,Dry,Daylight,30.0,Urban,2005.0
200406Q013560,46 - 55,5.0,Urban area,5.0,2544.0,,,Data missing or out of range,Data missing or out of range,FORD,COUGAR V6,Petrol,Female,,No tow/articulation,Did not leave carriageway,0.0,Going ahead other,2.0,109,Data missing or out of range,Offside,2004.0,,,,,,,
200501KD50377,56 - 65,,Urban area,7.0,,,,Journey as part of work,Approaching junction or waiting/parked at junction approach,VAUXHALL,VECTRA ELEGANCE 16V AUTO,,Male,,No tow/articulation,Did not leave carriageway,0.0,Slowing or stopping,1.0,Goods over 3.5t. and under 7.5t,No,Back,2005.0,Slight,Fine no high winds,Dry,Daylight,30.0,Urban,2005.0
200743N252107,36 - 45,13.0,Small town,8.0,1991.0,,,Taking pupil to/from school,Approaching junction or waiting/parked at junction approach,BMW,320 I SE AUTO,Petrol,Female,,No tow/articulation,Did not leave carriageway,0.0,Going ahead left-hand bend,3.0,Car,No,Front,2007.0,Slight,Fine no high winds,Wet or damp,Daylight,60.0,Rural,2007.0
200606Q054696,26 - 35,,Data missing or out of range,,2463.0,,,Other/Not known (2005-10),Not at or within 20 metres of junction,VAUXHALL,MOVANO 3500 CDTI MWB,Heavy oil,Male,,No tow/articulation,Did not leave carriageway,0.0,Parked,2.0,Van / Goods 3.5 tonnes mgw or under,No,Back,2006.0,Slight,Fine no high winds,Dry,Darkness - lights lit,30.0,Urban,2006.0
2006940600104,26 - 35,,Data missing or out of range,,,,,Other/Not known (2005-10),Not at or within 20 metres of junction,CITROEN,BERLINGO 600TD HDI LX,,Male,,No tow/articulation,Did not leave carriageway,0.0,Parked,2.0,Car,No,Back,2006.0,Serious,Fine no high winds,Wet or damp,Darkness - lights lit,30.0,Urban,2006.0
200743R225107,36 - 45,3.0,Urban area,4.0,1910.0,,,Commuting to/from work,Mid Junction - on roundabout or on main road,VAUXHALL,VECTRA LS CDTI,Heavy oil,Male,,No tow/articulation,Did not leave carriageway,0.0,Going ahead other,2.0,Car,No,Nearside,2007.0,Slight,Fine no high winds,Dry,Daylight,30.0,Urban,2007.0
20074100B0144,66 - 75,20.0,Urban area,10.0,1296.0,,,Other/Not known (2005-10),Approaching junction or waiting/parked at junction approach,FORD,ESCORT L 5SPD,Petrol,Female,,No tow/articulation,Did not leave carriageway,0.0,Waiting to turn right,3.0,Car,No,Front,2007.0,Slight,Fine no high winds,Dry,Daylight,60.0,Rural,2007.0
2006520081604,46 - 55,2.0,Rural,7.0,1870.0,,,Other/Not known (2005-10),Not at or within 20 metres of junction,RENAULT,LAGUNA EXTREME DCI 120BHP,Heavy oil,Male,,No tow/articulation,Did not leave carriageway,0.0,Waiting to go - held up,3.0,Car,No,Back,2006.0,Slight,Fine no high winds,Dry,Daylight,70.0,Rural,2006.0
2005445KK0488,26 - 35,1.0,Urban area,10.0,1998.0,,Other permanent object,Other/Not known (2005-10),Not at or within 20 metres of junction,HONDA,CIVIC TYPE-R,Petrol,Male,Skidded,No tow/articulation,Offside,0.0,Going ahead other,1.0,Car,No,Front,2005.0,Slight,Fine no high winds,Dry,Darkness - lights lit,30.0,Rural,2005.0
200522GB39010,36 - 45,3.0,Urban area,10.0,1995.0,,,Other/Not known (2005-10),Mid Junction - on roundabout or on main road,TOYOTA,AVENSIS VERSO GLS D4-D,Heavy oil,Female,,No tow/articulation,Did not leave carriageway,0.0,Going ahead other,2.0,Car,No,Front,2005.0,Slight,Fine no high winds,Dry,Daylight,30.0,Urban,2005.0
200643N408116,36 - 45,1.0,Urban area,4.0,1198.0,,,Other/Not known (2005-10),Entering main road,SEAT,IBIZA REFERENCE,Petrol,Male,,No tow/articulation,Offside,0.0,Going ahead other,1.0,Car,No,Offside,2006.0,Slight,Fine no high winds,Wet or damp,Daylight,60.0,Rural,2006.0
2004100181204,26 - 35,10.0,Urban area,5.0,1299.0,,,Data missing or out of range,Data missing or out of range,FORD,FIESTA LX SAPPHIRE,Petrol,Male,,No tow/articulation,Did not leave carriageway,0.0,Waiting to turn left,2.0,109,Data missing or out of range,Back,2004.0,,,,,,,
2005520024554,46 - 55,10.0,Urban area,3.0,2874.0,,,Other/Not known (2005-10),Cleared junction or waiting/parked at junction exit,SSANGYONG,MUSSO GSE,Heavy oil,Male,,No tow/articulation,Did not leave carriageway,0.0,Overtaking moving vehicle - offside,2.0,Car,No,Nearside,2005.0,Slight,Other,Dry,Daylight,30.0,Urban,2005.0
200520K019402,36 - 45,6.0,Urban area,5.0,12600.0,,,Journey as part of work,Mid Junction - on roundabout or on main road,LEYLAND DAF,FTG 85CF 380,Heavy oil,Male,,Articulated vehicle,Did not leave carriageway,0.0,Going ahead other,2.0,Goods 7.5 tonnes mgw and over,No,Front,2005.0,Serious,Raining no high winds,Wet or damp,Darkness - lights lit,40.0,Urban,2005.0
2005350626905,66 - 75,6.0,Urban area,10.0,1392.0,,,Other/Not known (2005-10),Not at or within 20 metres of junction,NISSAN,ALMERA AMBITION,Petrol,Male,,No tow/articulation,Did not leave carriageway,0.0,Going ahead other,3.0,Car,No,Back,2005.0,Slight,Fine no high winds,Wet or damp,Darkness - lights lit,70.0,Rural,2005.0
200501RG40739,Data missing or out of range,11.0,Data missing or out of range,,1597.0,,,Other/Not known (2005-10),Not at or within 20 metres of junction,FORD,FIESTA JAVA,Petrol,Not known,,No tow/articulation,Did not leave carriageway,0.0,Parked,1.0,Car,No,Back,2005.0,Serious,Fine no high winds,Dry,Darkness - lights lit,30.0,Urban,2005.0
200604FG06044,16 - 20,3.0,Urban area,4.0,1390.0,,,Other/Not known (2005-10),Not at or within 20 metres of junction,VOLKSWAGEN,GOLF MATCH,Petrol,Male,Skidded,No tow/articulation,Did not leave carriageway,0.0,Slowing or stopping,1.0,Car,No,Front,2006.0,Slight,Fine no high winds,Dry,Daylight,30.0,Urban,2006.0
2007557P02638,36 - 45,4.0,Urban area,6.0,2188.0,,,Journey as part of work,Entering roundabout,RENAULT,MASTER ML35 DCI,Heavy oil,Male,,No tow/articulation,Did not leave carriageway,0.0,Slowing or stopping,2.0,Van / Goods 3.5 tonnes mgw or under,No,Front,2007.0,Slight,Fine no high winds,Dry,Daylight,60.0,Rural,2007.0