Accident_Index,Age_Band_of_Driver,Age_of_Vehicle,Driver_Home_Area_Type,Driver_IMD_Decile,Engine_Capacity_.CC.,Hit_Object_in_Carriageway,Hit_Object_off_Carriageway,Journey_Purpose_of_Driver,Junction_Location,make,model,Propulsion_Code,Sex_of_Driver,Skidding_and_Overturning,Towing_and_Articulation,Vehicle_Leaving_Carriageway,Vehicle_Location.Restricted_Lane,Vehicle_Manoeuvre,Vehicle_Reference,Vehicle_Type,Was_Vehicle_Left_Hand_Drive,X1st_Point_of_Impact,Year_x,Severity_Label,Weather_Conditions,Road_Surface_Conditions,Light_Conditions,Speed_limit,Urban_or_Rural_Area,Year_y
2005100033105,36 - 45,10.0,Urban area,2.0,5598.0,,Road sign or traffic signal,Other/Not known (2005-10),Not at or within 20 metres of junction,MERCEDES,,Heavy oil,Male,Skidded,No tow/articulation,Nearside,0.0,Going ahead other,2.0,Other vehicle,No,Nearside,2005.0,Slight,Raining no high winds,Wet or damp,Darkness - lights lit,70.0,Urban,2005.0
20053102B0100,46 - 55,6.0,Rural,9.0,1970.0,,,Other/Not known (2005-10),Mid Junction - on roundabout or on main road,ALFA ROMEO,146 TI,Petrol,Male,,No tow/articulation,Did not leave carriageway,0.0,Waiting to turn right,2.0,Car,No,Back,2005.0,Slight,Fine no high winds,Dry,Darkness - no lighting,50.0,Rural,2005.0
200501HT20636,26 - 35,2.0,Urban area,2.0,1242.0,,,Other/Not known (2005-10),Approaching junction or waiting/parked at junction approach,FIAT,PUNTO ACTIVE 8V,Petrol,Female,,No tow/articulation,Did not leave carriageway,0.0,Turning left,2.0,Car,No,Nearside,2005.0,Slight,Fine no high winds,Dry,Daylight,30.0,Urban,2005.0
200520D186503,56 - 65,12.0,Data missing or out of range,,1289.0,,,Other/Not known (2005-10),Approaching junction or waiting/parked at junction approach,SKODA,FAVORIT 136L,Petrol,Male,,No tow/articulation,Did not leave carriageway,0.0,Going ahead other,2.0,Car,No,Front,2005.0,Slight,Fine no high winds,Dry,Daylight,30.0,Urban,2005.0
2005470504266,46 - 55,10.0,Urban area,5.0,1002.0,Other object,,Other/Not known (2005-10),Entering roundabout,YAMAHA,,Petrol,Male,,No tow/articulation,Did not leave carriageway,0.0,Going ahead left-hand bend,1.0,Motorcycle over 500cc,No,Offside,2005.0,Slight,Fine no high winds,Dry,Daylight,70.0,Rural,2005.0
200601MM71097,46 - 55,6.0,Urban area,2.0,1794.0,,,Other/Not known (2005-10),Approaching junction or waiting/parked at junction approach,TOYOTA,MR2 ROADSTER VVTI,Petrol,Male,,No tow/articulation,Did not leave carriageway,0.0,Going ahead other,1.0,Car,No,Front,2006.0,Slight,Fine no high winds,Wet or damp,Darkness - lights lit,30.0,Urban,2006.0
200704CL07025,21 - 25,8.0,Urban area,8.0,1392.0,,,Other/Not known (2005-10),Approaching junction or waiting/parked at junction approach,NISSAN,ALMERA AMBITION,Petrol,Male,,No tow/articulation,Did not leave carriageway,0.0,Slowing or stopping,1.0,Car,No,Front,2007.0,Slight,Fine no high winds,Dry,Daylight,30.0,Urban,2007.0
200645EL93040,46 - 55,4.0,Urban area,10.0,998.0,,,Other/Not known (2005-10),Mid Junction - on roundabout or on main road,TOYOTA,,Petrol,Male,,No tow/articulation,Did not leave carriageway,0.0,Going ahead other,1.0,Car,No,Front,2006.0,Slight,Fine no high winds,Dry,Daylight,30.0,Urban,2006.0
200701NI62267,46 - 55,5.0,Urban area,3.0,5883.0,,,Journey as part of work,Mid Junction - on roundabout or on main road,DENNIS,,Heavy oil,Male,,No tow/articulation,Did not leave carriageway,0.0,Turning right,1.0,Bus or coach (17 or more pass seats),No,Did not impact,2007.0,Slight,Fine no high winds,Dry,Daylight,30.0,Urban,2007.0
200720E070901,26 - 35,4.0,Urban area,3.0,1598.0,,,Commuting to/from work,Approaching junction or waiting/parked at junction approach,VOLKSWAGEN,GOLF MATCH,Petrol,Female,,No tow/articulation,Did not leave carriageway,0.0,Waiting to go - held up,2.0,Car,No,Back,2007.0,Slight,Fine no high winds,Dry,Daylight,30.0,Urban,2007.0
2006930002081,26 - 35,1.0,Small town,,1997.0,,,Journey as part of work,Leaving main road,PEUGEOT,307 SW SE HDI,Heavy oil,Female,,No tow/articulation,Did not leave carriageway,0.0,Turning right,1.0,Car,No,Offside,2006.0,Slight,Fine no high winds,Dry,Daylight,60.0,Rural,2006.0
20064100B0779,36 - 45,,Urban area,,1798.0,Kerb,,Other/Not known (2005-10),Mid Junction - on roundabout or on main road,MAZDA,5 TS2,Petrol,Male,,No tow/articulation,Did not leave carriageway,0.0,Going ahead other,2.0,Car,No,Nearside,2006.0,Slight,Fine no high winds,Dry,Darkness - lights lit,30.0,Urban,2006.0
2004122220487,21 - 25,1.0,Data missing or out of range,,1870.0,,,Data missing or out of range,Data missing or out of range,VAUXHALL,VIVARO 2900 DTI LWB,Heavy oil,Male,Skidded,No tow/articulation,Did not leave carriageway,0.0,Going ahead other,2.0,Van / Goods 3.5 tonnes mgw or under,Data missing or out of range,Front,2004.0,,,,,,,
200446SW95581,26 - 35,3.0,Data missing or out of range,,1397.0,,,Data missing or out of range,Data missing or out of range,SKODA,FABIA CLASSIC 8V,Petrol,Male,,No tow/articulation,Did not leave carriageway,0.0,Going ahead other,1.0,109,Data missing or out of range,Offside,2004.0,,,,,,,
2005330510043,26 - 35,5.0,Data missing or out of range,,1242.0,,,Other/Not known (2005-10),Not at or within 20 metres of junction,FIAT,BRAVO 80 SX,Petrol,Female,,No tow/articulation,Did not leave carriageway,0.0,Going ahead other,4.0,Car,No,Front,2005.0,Slight,Unknown,Dry,Darkness - lights lit,30.0,Urban,2005.0
200634WD06054,16 - 20,7.0,Small town,5.0,49.0,,,Other/Not known (2005-10),Approaching junction or waiting/parked at junction approach,SUZUKI,AY 50 WRW,Petrol,Male,,No tow/articulation,Did not leave carriageway,0.0,Going ahead other,2.0,Motorcycle 50cc and under,No,Front,2006.0,Serious,Fine no high winds,Dry,Darkness - lights lit,30.0,Rural,2006.0
200563AC18105,16 - 20,6.0,Rural,,1997.0,,,Other/Not known (2005-10),Not at or within 20 metres of junction,CITROEN,XANTIA SX HDI,Heavy oil,Male,Skidded,No tow/articulation,Did not leave carriageway,0.0,Going ahead other,2.0,Car,No,Front,2005.0,Slight,Fine no high winds,Dry,Daylight,60.0,Rural,2005.0
200501JC30067,66 - 75,14.0,Urban area,2.0,1118.0,,,Other/Not known (2005-10),Not at or within 20 metres of junction,ROVER,METRO C,Petrol,Male,,No tow/articulation,Did not leave carriageway,0.0,Going ahead other,6.0,Car,No,Front,2005.0,Slight,Other,Dry,Darkness - lights lit,50.0,Urban,2005.0
200506C028753,21 - 25,5.0,Data missing or out of range,,1783.0,,,Other/Not known (2005-10),Not at or within 20 metres of junction,RENAULT,LAGUNA ALIZE,Petrol,Male,,No tow/articulation,Did not leave carriageway,0.0,Turning left,1.0,Car,No,Offside,2005.0,Slight,Raining no high winds,Wet or damp,Daylight,30.0,Urban,2005.0
20054100D0541,26 - 35,1.0,Urban area,8.0,2400.0,,,Journey as part of work,Mid Junction - on roundabout or on main road,LDV,400 SERIES TD 3.5T,Heavy oil,Male,,No tow/articulation,Offside,0.0,Waiting to turn right,2.0,Van / Goods 3.5 tonnes mgw or under,No,Back,2005.0,Slight,Fine no high winds,Dry,Daylight,60.0,Rural,2005.0
200450E21A987,26 - 35,,Data missing or out of range,,,,,Data missing or out of range,Data missing or out of range,SUZUKI,GSX R600 K1,,Male,,No tow/articulation,Did not leave carriageway,0.0,Going ahead other,2.0,106,Data missing or out of range,Front,2004.0,,,,,,,
200601LX50752,21 - 25,10.0,Urban area,10.0,954.0,,,Other/Not known (2005-10),Cleared junction or waiting/parked at junction exit,CITROEN,AX DIMENSION,Petrol,Male,,No tow/articulation,Did not leave carriageway,0.0,Going ahead other,1.0,Car,No,Front,2006.0,Slight,Fine no high winds,Dry,Daylight,30.0,Urban,2006.0
2007070313609,36 - 45,2.0,Urban area,6.0,955.0,,,Other/Not known (2005-10),Approaching junction or waiting/parked at junction approach,TRIUMPH,TIGER 955I,Petrol,Male,,No tow/articulation,Did not leave carriageway,0.0,Slowing or stopping,2.0,Motorcycle over 500cc,No,Nearside,2007.0,Slight,Fine no high winds,Dry,Daylight,30.0,Urban,2007.0
2006070604289,66 - 75,13.0,Urban area,9.0,1580.0,,,Other/Not known (2005-10),Mid Junction - on roundabout or on main road,PEUGEOT,405 STYLE,Petrol,Male,,No tow/articulation,Did not leave carriageway,0.0,Waiting to go - held up,3.0,Car,No,Back,2006.0,Slight,Raining no high winds,Wet or damp,Darkness - lighting unknown,50.0,Rural,2006.0
200805BB27637,26 - 35,3.0,Urban area,6.0,1598.0,,,Journey as part of work,Approaching junction or waiting/parked at junction approach,RENAULT,GRAND SCENIC DYN-IQUE 16V,Petrol,Female,,No tow/articulation,Did not leave carriageway,0.0,Waiting to go - held up,2.0,Car,No,Back,2008.0,Slight,Raining no high winds,Wet or damp,Daylight,40.0,Urban,2008.0
2006350463306,16 - 20,5.0,Rural,6.0,1149.0,,Tree,Other/Not known (2005-10),Not at or within 20 metres of junction,RENAULT,CLIO EXPRESSION+ 16V,Petrol,Male,Overturned,No tow/articulation,Nearside,0.0,Going ahead right-hand bend,1.0,Car,No,Front,2006.0,Slight,Fine no high winds,Dry,Daylight,60.0,Rural,2006.0
200720F079101,36 - 45,5.0,Urban area,1.0,7300.0,,,Journey as part of work,Cleared junction or waiting/parked at junction exit,VOLVO,,Heavy oil,Male,,No tow/articulation,Did not leave carriageway,0.0,Going ahead other,1.0,Bus or coach (17 or more pass seats),No,Front,2007.0,Slight,Fine no high winds,Dry,Daylight,30.0,Urban,2007.0
200501PY20080,26 - 35,11.0,Urban area,3.0,1994.0,,,Other/Not known (2005-10),Mid Junction - on roundabout or on main road,ROVER,820 SLI AUTO,Petrol,Male,,No tow/articulation,Did not leave carriageway,0.0,Going ahead other,3.0,Car,No,Front,2005.0,Slight,Fine no high winds,Dry,Daylight,30.0,Urban,2005.0
200432B142804,56 - 65,1.0,Small town,9.0,973.0,,,Data missing or out of range,Data missing or out of range,VAUXHALL,CORSA ELEGANCE 12V,Petrol,Female,,No tow/articulation,Did not leave carriageway,0.0,Waiting to go - held up,4.0,109,Data missing or out of range,Front,2004.0,,,,,,,
2007600WR1257,Over 75,13.0,Urban area,,1119.0,,,Other/Not known (2005-10),Approaching junction or waiting/parked at junction approach,FORD,FIESTA MISTRAL,Petrol,Female,,No tow/articulation,Did not leave carriageway,0.0,Waiting to go - held up,2.0,Car,No,Back,2007.0,Slight,Fine no high winds,Dry,Daylight,30.0,Urban,2007.0
200601QA10093,56 - 65,4.0,Urban area,9.0,1998.0,,,Other/Not known (2005-10),Approaching junction or waiting/parked at junction approach,FORD,MONDEO GHIA X TDCI AUTO,Heavy oil,Male,,No tow/articulation,Did not leave carriageway,0.0,Going ahead other,1.0,Car,No,Front,2006.0,Slight,Fine no high winds,Dry,Darkness - lights lit,30.0,Rural,2006.0
200420J071101,Data missing or out of range,11.0,Urban area,4.0,1998.0,,,Data missing or out of range,Data missing or out of range,VAUXHALL,CAVALIER CD,Petrol,Male,,No tow/articulation,Did not leave carriageway,0.0,Going ahead other,1.0,109,Data missing or out of range,Front,2004.0,,,,,,,
200604AX06062,56 - 65,6.0,Data missing or out of range,,899.0,,,Other/Not known (2005-10),Cleared junction or waiting/parked at junction exit,FIAT,SEICENTO MIA,Petrol,Female,,No tow/articulation,Did not leave carriageway,0.0,Parked,3.0,Car,No,Nearside,2006.0,Slight,Fine no high winds,Dry,Daylight,30.0,Urban,2006.0
200797NA70911,46 - 55,,Urban area,,,,,Journey as part of work,Not at or within 20 metres of junction,FORD,TRANSIT 100 T350EF RWD,,Male,,No tow/articulation,Did not leave carriageway,0.0,Going ahead other,4.0,Other vehicle,No,Back,2007.0,Slight,Fine no high winds,Wet or damp,Darkness - lights lit,70.0,Urban,2007.0
2005230590060,21 - 25,,Rural,7.0,,,,Journey as part of work,Not at or within 20 metres of junction,CITROEN,BERLINGO 1.9D 600,,Male,,No tow/articulation,Did not leave carriageway,0.0,Waiting to go - held up,2.0,Car,No,Back,2005.0,Slight,Other,Wet or damp,Daylight,50.0,Rural,2005.0
2006130070206,46 - 55,8.0,Urban area,1.0,1948.0,,,Journey as part of work,Not at or within 20 metres of junction,VOLVO,S40 SE 2.0I,Petrol,Male,,No tow/articulation,Did not leave carriageway,0.0,Going ahead other,1.0,Car,No,Offside,2006.0,Slight,Fine no high winds,Dry,Darkness - lights lit,30.0,Urban,2006.0
200701KD68724,36 - 45,,Urban area,,1686.0,,,Other/Not known (2005-10),Not at or within 20 metres of junction,VAUXHALL,ASTRA CLUB CDTI 100,Heavy oil,Female,,No tow/articulation,Did not leave carriageway,0.0,Slowing or stopping,1.0,Car,No,Back,2007.0,Slight,Raining no high winds,Wet or damp,Darkness - lights lit,50.0,Rural,2007.0
200520E132803,Data missing or out of range,5.0,Urban area,5.0,1679.0,,,Other/Not known (2005-10),Mid Junction - on roundabout or on main road,FORD,PUMA BLACK,Petrol,Female,,No tow/articulation,Did not leave carriageway,0.0,Going ahead other,1.0,Car,No,Front,2005.0,Slight,Fine no high winds,Dry,Daylight,30.0,Urban,2005.0
200406G909083,46 - 55,5.0,Urban area,5.0,1341.0,,,Data missing or out of range,Data missing or out of range,HYUNDAI,ACCENT SIENA,Petrol,Male,,No tow/articulation,Did not leave carriageway,0.0,Waiting to go - held up,1.0,109,Data missing or out of range,Back,2004.0,,,,,,,
200401SX00735,26 - 35,7.0,Urban area,5.0,1120.0,,,Data missing or out of range,Data missing or out of range,ROVER,100 ASCOT,Petrol,Female,,No tow/articulation,Did not leave carriageway,0.0,U-turn,1.0,109,Data missing or out of range,Nearside,2004.0,,,,,,,
200704EL07052,26 - 35,6.0,Urban area,4.0,2230.0,,,Commuting to/from work,Approaching junction or waiting/parked at junction approach,PEUGEOT,607 SE 16V AUTO,Petrol,Male,,No tow/articulation,Did not leave carriageway,0.0,Going ahead other,2.0,Car,No,Did not impact,2007.0,Slight,Fine no high winds,Dry,Daylight,30.0,Urban,2007.0
200743W085097,36 - 45,1.0,Urban area,10.0,1598.0,,,Taking pupil to/from school,Not at or within 20 metres of junction,TOYOTA,COROLLA COLOUR COL-N VVTI,Petrol,Female,,No tow/articulation,Did not leave carriageway,0.0,Moving off,2.0,Car,No,Did not impact,2007.0,Slight,Fine no high winds,Dry,Daylight,30.0,Urban,2007.0
200446SK03206,46 - 55,1.0,Rural,8.0,,,,Data missing or out of range,Data missing or out of range,JOHN DEERE,,Heavy oil,Male,,Single trailer,Did not leave carriageway,0.0,Turning right,1.0,Agricultural vehicle,Data missing or out of range,Offside,2004.0,,,,,,,
200504BA05077,21 - 25,3.0,Small town,9.0,1998.0,,,Other/Not known (2005-10),Approaching junction or waiting/parked at junction approach,HONDA,CIVIC TYPE-R,Petrol,Male,,No tow/articulation,Did not leave carriageway,0.0,Slowing or stopping,5.0,Car,No,Front,2005.0,Slight,Fine no high winds,Dry,Daylight,30.0,Urban,2005.0
200701ZT80295,Data missing or out of range,,Urban area,6.0,,,,Journey as part of work,Approaching junction or waiting/parked at junction approach,HONDA,CR-V I-VTEC SE EXEC. AUTO,,Male,,No tow/articulation,Did not leave carriageway,0.0,Going ahead other,2.0,Bus or coach (17 or more pass seats),No,Front,2007.0,Slight,Fine no high winds,Dry,Darkness - lights lit,30.0,Urban,2007.0
20064100J2643,26 - 35,3.0,Data missing or out of range,,954.0,Kerb,,Other/Not known (2005-10),Mid Junction - on roundabout or on main road,HONDA,CBR 900 RR-3,Petrol,Male,Skidded,No tow/articulation,Did not leave carriageway,0.0,Going ahead other,1.0,Motorcycle over 500cc,No,Offside,2006.0,Serious,Fine no high winds,Wet or damp,Daylight,60.0,Rural,2006.0
2008100055808,36 - 45,13.0,Small town,10.0,1783.0,,,Commuting to/from work,Not at or within 20 metres of junction,VOLVO,440 SI,Petrol,Female,Skidded,No tow/articulation,Did not leave carriageway,0.0,Slowing or stopping,2.0,Car,No,Front,2008.0,Slight,Fine no high winds,Wet or damp,Darkness - lights lit,40.0,Urban,2008.0
2006121030711,16 - 20,1.0,Urban area,1.0,1339.0,,Other permanent object,Other/Not known (2005-10),Not at or within 20 metres of junction,HONDA,JAZZ SE,Petrol,Female,Skidded and overturned,No tow/articulation,Nearside,0.0,Going ahead left-hand bend,1.0,Car,No,Front,2006.0,Slight,Raining + high winds,Wet or damp,Daylight,60.0,Rural,2006.0
200750E51L354,16 - 20,5.0,Urban area,5.0,125.0,,,Data missing or out of range,Data missing or out of range,YAMAHA,,Petrol,Male,,No tow/articulation,Did not leave carriageway,0.0,Going ahead other,2.0,Motorcycle 125cc and under,No,Front,2007.0,Slight,Fine no high winds,Dry,Daylight,30.0,Rural,2007.0
20054100D0727,46 - 55,8.0,Data missing or out of range,,1753.0,,,Other/Not known (2005-10),Approaching junction or waiting/parked at junction approach,FORD,ESCORT L TD,Heavy oil,Male,,Caravan,Did not leave carriageway,0.0,Slowing or stopping,2.0,Car,No,Front,2005.0,Slight,Fine no high winds,Dry,Daylight,30.0,Urban,2005.0
2004030000797,Data missing or out of range,3.0,Urban area,7.0,1997.0,,,Data missing or out of range,Data missing or out of range,PEUGEOT,406 LX HDI (90),Heavy oil,Male,,No tow/articulation,Did not leave carriageway,0.0,Going ahead other,1.0,109,Data missing or out of range,Nearside,2004.0,,,,,,,
2006120030403,36 - 45,10.0,Data missing or out of range,,1799.0,,Telegraph or electricity pole,Other/Not known (2005-10),Not at or within 20 metres of junction,VAUXHALL,VECTRA GLS 16V,Petrol,Male,Skidded,No tow/articulation,Nearside and rebounded,0.0,Going ahead other,2.0,Car,No,Offside,2006.0,Serious,Fine no high winds,Dry,Daylight,70.0,Rural,2006.0
200701SX20449,36 - 45,11.0,Urban area,4.0,1799.0,,,Other/Not known (2005-10),Mid Junction - on roundabout or on main road,MERCEDES,C180 ELEGANCE AUTO,Petrol,Male,,No tow/articulation,Did not leave carriageway,0.0,Going ahead other,1.0,Car,No,Front,2007.0,Slight,Fine no high winds,Dry,Daylight,30.0,Urban,2007.0
2004070401653,36 - 45,8.0,Urban area,9.0,1498.0,,,Data missing or out of range,Data missing or out of range,DAEWOO,NEXIA GLI AUTO,Petrol,Male,,No tow/articulation,Did not leave carriageway,0.0,Turning right,1.0,109,Data missing or out of range,Offside,2004.0,,,,,,,
200422CE40969,36 - 45,,Urban area,4.0,,Bridge (side),,Data missing or out of range,Data missing or out of range,DENNIS,,,Male,Skidded,No tow/articulation,Did not leave carriageway,0.0,Going ahead other,2.0,Goods 7.5 tonnes mgw and over,Data missing or out of range,Front,2004.0,,,,,,,
200506C921613,26 - 35,8.0,Data missing or out of range,,,,,Data missing or out of range,Cleared junction or waiting/parked at junction exit,VOLVO,,Heavy oil,Male,,No tow/articulation,Did not leave carriageway,6.0,Parked,2.0,Bus or coach (17 or more pass seats),Data missing or out of range,Back,2005.0,Slight,Fine no high winds,Wet or damp,Daylight,30.0,Urban,2005.0
200401TC00744,36 - 45,2.0,Urban area,1.0,7300.0,,,Data missing or out of range,Data missing or out of range,VOLVO,,Heavy oil,Male,,No tow/articulation,Did not leave carriageway,0.0,Moving off,1.0,Bus or coach (17 or more pass seats),Data missing or out of range,Did not impact,2004.0,,,,,,,
200422DA40381,56 - 65,,Rural,4.0,1199.0,,,Data missing or out of range,Data missing or out of range,VAUXHALL,CORSA ENERGY 16V,Petrol,Female,,No tow/articulation,Did not leave carriageway,0.0,Parked,2.0,109,Data missing or out of range,Offside,2004.0,,,,,,,
200630A000647,26 - 35,3.0,Data missing or out of range,,1870.0,,Tree,Other/Not known (2005-10),Not at or within 20 metres of junction,VOLVO,V40 D S,Heavy oil,Female,,No tow/articulation,Offside,0.0,Going ahead left-hand bend,1.0,Car,No,Front,2006.0,Slight,Fine no high winds,Wet or damp,Daylight,60.0,Rural,2006.0
2004214407035,Data missing or out of range,,Data missing or out of range,,,,,Data missing or out of range,Data missing or out of range,MERCEDES,,,Not known,,No tow/articulation,Did not leave carriageway,0.0,Going ahead other,1.0,Other vehicle,Data missing or out of range,Front,2004.0,,,,,,,
200705FF19053,36 - 45,11.0,Urban area,3.0,1796.0,,,Journey as part of work,Approaching junction or waiting/parked at junction approach,FORD,ESCORT SI CABRIO,Petrol,Male,,No tow/articulation,Did not leave carriageway,0.0,Slowing or stopping,1.0,Car,No,Back,2007.0,Slight,Unknown,Dry,Daylight,30.0,Urban,2007.0
200801GD70164,Data missing or out of range,,Data missing or out of range,,,,,Other/Not known (2005-10),Approaching junction or waiting/parked at junction approach,IVECO-FORD,,,Male,,No tow/articulation,Did not leave carriageway,0.0,Reversing,2.0,Car,No,Back,2008.0,Serious,Fine no high winds,Dry,Daylight,30.0,Urban,2008.0
2007930002141,26 - 35,8.0,Urban area,,1998.0,,,Commuting to/from work,Not at or within 20 metres of junction,PEUGEOT,306 GTI 6,Petrol,Male,,No tow/articulation,Did not leave carriageway,0.0,Going ahead other,1.0,Car,No,Front,2007.0,Serious,Fine no high winds,Dry,Daylight,60.0,Rural,2007.0
2007470706943,46 - 55,1.0,Urban area,5.0,1402.0,,,Other/Not known (2005-10),Not at or within 20 metres of junction,SUZUKI,GSX 1400 K5,Petrol,Male,Skidded,No tow/articulation,Did not leave carriageway,6.0,Going ahead other,1.0,Motorcycle over 500cc,No,Nearside,2007.0,Serious,Fine no high winds,Dry,Daylight,70.0,Rural,2007.0
2004214101231,16 - 20,5.0,Urban area,4.0,998.0,,,Data missing or out of range,Data missing or out of range,NISSAN,MICRA INSPIRATION 16V,Petrol,Female,,No tow/articulation,Did not leave carriageway,0.0,Turning right,1.0,109,Data missing or out of range,Offside,2004.0,,,,,,,
200506A035051,26 - 35,6.0,Urban area,1.0,11021.0,,,Journey as part of work,Mid Junction - on roundabout or on main road,SCANIA,,Heavy oil,Male,,No tow/articulation,Did not leave carriageway,0.0,Turning right,1.0,Goods 7.5 tonnes mgw and over,No,Front,2005.0,Slight,Fine no high winds,Dry,Daylight,30.0,Urban,2005.0
200404A048604,26 - 35,3.0,Urban area,5.0,1242.0,,,Data missing or out of range,Data missing or out of range,FIAT,PUNTO ELX 8V,Petrol,Female,,No tow/articulation,Did not leave carriageway,0.0,Parked,2.0,109,Data missing or out of range,Back,2004.0,,,,,,,
200537B022638,46 - 55,,Urban area,9.0,,,,Other/Not known (2005-10),Not at or within 20 metres of junction,YAMAHA,,,Female,,No tow/articulation,Did not leave carriageway,0.0,Going ahead left-hand bend,2.0,Car,No,Offside,2005.0,Serious,Fine no high winds,Dry,Daylight,60.0,Rural,2005.0
200520D220302,Data missing or out of range,10.0,Urban area,2.0,1242.0,,,Other/Not known (2005-10),Not at or within 20 metres of junction,FIAT,PUNTO 75 SX,Petrol,Male,,No tow/articulation,Did not leave carriageway,0.0,Going ahead other,1.0,Car,No,Front,2005.0,Slight,Fine no high winds,Dry,Daylight,30.0,Urban,2005.0
2008070358442,Over 75,2.0,Urban area,8.0,2231.0,,,Other/Not known (2005-10),Entering main road,TOYOTA,RAV4 XT3 D-4D,Heavy oil,Male,,No tow/articulation,Did not leave carriageway,0.0,Moving off,1.0,Car,No,Front,2008.0,Slight,Fine no high winds,Dry,Daylight,60.0,Rural,2008.0
2004350105404,66 - 75,4.0,Urban area,7.0,998.0,,Entered ditch,Data missing or out of range,Data missing or out of range,NISSAN,MICRA S AUTO,Petrol,Female,Skidded,No tow/articulation,Nearside,0.0,Going ahead other,1.0,109,Data missing or out of range,Front,2004.0,,,,,,,
200714H146707,36 - 45,7.0,Urban area,2.0,1124.0,,,Other/Not known (2005-10),Cleared junction or waiting/parked at junction exit,PEUGEOT,106 XN ZEST 2,Petrol,Male,,No tow/articulation,Did not leave carriageway,0.0,Going ahead other,2.0,Car,No,Offside,2007.0,Slight,Fine no high winds,Dry,Daylight,30.0,Urban,2007.0
200501VW40220,46 - 55,,Urban area,10.0,,,,Other/Not known (2005-10),Approaching junction or waiting/parked at junction approach,FORD,FIESTA 35 TD,,Male,,No tow/articulation,Did not leave carriageway,0.0,Waiting to go - held up,1.0,Car,No,Back,2005.0,Serious,Fine no high winds,Dry,Daylight,30.0,Urban,2005.0
2004070402547,21 - 25,1.0,Urban area,4.0,1242.0,,,Data missing or out of range,Data missing or out of range,FIAT,PUNTO ACTIVE,Petrol,Male,,No tow/articulation,Did not leave carriageway,0.0,Going ahead other,1.0,109,Data missing or out of range,Front,2004.0,,,,,,,
200722EA86322,36 - 45,1.0,Urban area,5.0,2231.0,,,Other/Not known (2005-10),Not at or within 20 metres of junction,TOYOTA,AVENSIS T3 S D-4D,Heavy oil,Male,,No tow/articulation,Did not leave carriageway,0.0,Slowing or stopping,4.0,Car,No,Back,2007.0,Slight,Fine no high winds,Dry,Daylight,60.0,Rural,2007.0
200801WW50289,56 - 65,7.0,Urban area,6.0,1998.0,,,Other/Not known (2005-10),Mid Junction - on roundabout or on main road,MERCEDES,C180 ELEGANCE AUTO,Petrol,Male,,No tow/articulation,Did not leave carriageway,0.0,Turning right,1.0,Car,No,Nearside,2008.0,Slight,Fine no high winds,Dry,Daylight,30.0,Urban,2008.0
2004350569604,36 - 45,,Urban area,8.0,,,,Data missing or out of range,Data missing or out of range,RENAULT,KANGOO 865 1.9D,,Male,Skidded,No tow/articulation,Did not leave carriageway,0.0,Going ahead other,4.0,109,Data missing or out of range,Front,2004.0,,,,,,,
2006520080578,36 - 45,6.0,Urban area,4.0,600.0,,,Commuting to/from work,Mid Junction - on roundabout or on main road,SUZUKI,GSXR600 Y,Petrol,Male,Skidded,No tow/articulation,Did not leave carriageway,0.0,Overtaking static vehicle - offside,3.0,Motorcycle over 500cc,No,Front,2006.0,Slight,Fine no high winds,Dry,Daylight,30.0,Urban,2006.0
2007530192300,16 - 20,,Urban area,4.0,,,,Other/Not known (2005-10),Approaching junction or waiting/parked at junction approach,PEUGEOT,JET FORCE 125,,Male,,No tow/articulation,Did not leave carriageway,0.0,Going ahead other,1.0,Car,No,Did not impact,2007.0,Slight,Fine no high winds,Dry,Daylight,30.0,Urban,2007.0
2004030002790,36 - 45,1.0,Data missing or out of range,,2402.0,,,Data missing or out of range,Data missing or out of range,FORD,TRANSIT 350 LWB TD,Heavy oil,Male,,No tow/articulation,Did not leave carriageway,0.0,Going ahead other,1.0,Van / Goods 3.5 tonnes mgw or under,Data missing or out of range,Front,2004.0,,,,,,,
2005610071105,21 - 25,6.0,Data missing or out of range,,1124.0,,,Other/Not known (2005-10),Approaching junction or waiting/parked at junction approach,PEUGEOT,106 XN ZEST 2,Petrol,Female,,No tow/articulation,Did not leave carriageway,0.0,Going ahead other,1.0,Car,No,Front,2005.0,Slight,Fine no high winds,Dry,Daylight,30.0,Urban,2005.0
200501KG70299,21 - 25,1.0,Urban area,5.0,698.0,,,Other/Not known (2005-10),Mid Junction - on roundabout or on main road,SMART,CITY PULSE 61 SEMI-AUTO,Petrol,Female,Overturned,No tow/articulation,Did not leave carriageway,0.0,Going ahead other,1.0,Car,No,Front,2005.0,Slight,Fine no high winds,Dry,Darkness - lights lit,30.0,Urban,2005.0
2004131322104,56 - 65,3.0,Rural,7.0,1997.0,,,Data missing or out of range,Data missing or out of range,CITROEN,C5 HDI SX,Heavy oil,Male,,No tow/articulation,Did not leave carriageway,0.0,Going ahead other,2.0,109,Data missing or out of range,Offside,2004.0,,,,,,,