Accident_Index,Age_Band_of_Driver,Age_of_Vehicle,Driver_Home_Area_Type,Driver_IMD_Decile,Engine_Capacity_.CC.,Hit_Object_in_Carriageway,Hit_Object_off_Carriageway,Journey_Purpose_of_Driver,Junction_Location,make,model,Propulsion_Code,Sex_of_Driver,Skidding_and_Overturning,Towing_and_Articulation,Vehicle_Leaving_Carriageway,Vehicle_Location.Restricted_Lane,Vehicle_Manoeuvre,Vehicle_Reference,Vehicle_Type,Was_Vehicle_Left_Hand_Drive,X1st_Point_of_Impact,Year_x,Severity_Label,Weather_Conditions,Road_Surface_Conditions,Light_Conditions,Speed_limit,Urban_or_Rural_Area,Year_y
200411BD25810,46 - 55,4.0,Urban area,9.0,1997.0,,Other permanent object,Data missing or out of range,Data missing or out of range,CITROEN,SYNERGIE LX 16V,Petrol,Male,,No tow/articulation,Nearside,0.0,Going ahead right-hand bend,1.0,109,Data missing or out of range,Nearside,2004.0,,,,,,,
200443W699104,56 - 65,15.0,Urban area,10.0,10450.0,,Tree,Data missing or out of range,Data missing or out of range,DENNIS,,Heavy oil,Male,,No tow/articulation,Did not leave carriageway,0.0,Going ahead other,1.0,Bus or coach (17 or more pass seats),Data missing or out of range,Front,2004.0,,,,,,,
200606A062302,36 - 45,10.0,Urban area,3.0,1157.0,,,Commuting to/from work,Approaching junction or waiting/parked at junction approach,SUZUKI,,Petrol,Male,Skidded,No tow/articulation,Did not leave carriageway,0.0,Going ahead left-hand bend,1.0,Motorcycle over 500cc,No,Did not impact,2006.0,Slight,Fine no high winds,Wet or damp,Daylight,30.0,Urban,2006.0
2004520038041,56 - 65,10.0,Urban area,3.0,1597.0,,,Data missing or out of range,Data missing or out of range,FORD,FIESTA JAVA,Petrol,Female,Skidded,No tow/articulation,Nearside,0.0,Changing lane to right,2.0,109,Data missing or out of range,Did not impact,2004.0,,,,,,,
2005130856505,21 - 25,2.0,Small town,9.0,2461.0,,,Journey as part of work,Entering roundabout,VOLKSWAGEN,LT35 95 TDI MWB,Heavy oil,Male,,No tow/articulation,Did not leave carriageway,0.0,Waiting to go - held up,1.0,Van / Goods 3.5 tonnes mgw or under,No,Back,2005.0,Slight,Fine no high winds,Dry,Daylight,30.0,Urban,2005.0
2005100890905,21 - 25,12.0,Data missing or out of range,,1396.0,,,Other/Not known (2005-10),Approaching junction or waiting/parked at junction approach,ROVER,METRO CD,Heavy oil,Female,,No tow/articulation,Did not leave carriageway,0.0,Going ahead other,1.0,Car,No,Front,2005.0,Slight,Fine no high winds,Dry,Darkness - lights lit,30.0,Urban,2005.0
200597NC02505,21 - 25,1.0,Urban area,,1396.0,Parked vehicle,,Commuting to/from work,Cleared junction or waiting/parked at junction exit,MG,ZR+,Petrol,Male,,No tow/articulation,Did not leave carriageway,0.0,Going ahead other,1.0,Car,No,Front,2005.0,Serious,Fine no high winds,Dry,Darkness - lights lit,40.0,Urban,2005.0
2006556P03995,56 - 65,,Rural,10.0,2993.0,,,Other/Not known (2005-10),Leaving main road,BMW,330D M SPORT TOURING AUTO,Heavy oil,Female,,No tow/articulation,Did not leave carriageway,0.0,Turning right,1.0,Car,No,Front,2006.0,Slight,Fine no high winds,Dry,Daylight,30.0,Urban,2006.0
200697EB01911,46 - 55,2.0,Data missing or out of range,,249.0,,,Commuting to/from work,Approaching junction or waiting/parked at junction approach,PIAGGIO,X9 250,Petrol,Male,Skidded,No tow/articulation,Did not leave carriageway,0.0,Overtaking static vehicle - offside,2.0,Motorcycle over 125cc and up to 500cc,No,Front,2006.0,Slight,Fine no high winds,Dry,Darkness - lighting unknown,30.0,Urban,2006.0
20053102A3899,36 - 45,1.0,Urban area,5.0,1998.0,,,Other/Not known (2005-10),Mid Junction - on roundabout or on main road,MAZDA,6 TS DIESEL,Heavy oil,Male,,No tow/articulation,Did not leave carriageway,0.0,U-turn,1.0,Car,No,Offside,2005.0,Slight,Fine no high winds,Dry,Daylight,30.0,Urban,2005.0
2006100827706,56 - 65,6.0,Small town,6.0,1598.0,,,Other/Not known (2005-10),Not at or within 20 metres of junction,MERCEDES,A160 ELEGANCE,Petrol,Female,,No tow/articulation,Did not leave carriageway,0.0,Going ahead other,1.0,Car,No,Front,2006.0,Slight,Fine + high winds,Wet or damp,Daylight,30.0,Rural,2006.0
200604AL06022,21 - 25,14.0,Urban area,8.0,399.0,,Other permanent object,Other/Not known (2005-10),Mid Junction - on roundabout or on main road,HONDA,,Petrol,Male,,No tow/articulation,Offside,0.0,Overtaking moving vehicle - offside,1.0,Motorcycle over 125cc and up to 500cc,No,Nearside,2006.0,Slight,Other,Wet or damp,Daylight,30.0,Rural,2006.0
200701YE80260,36 - 45,8.0,Urban area,1.0,998.0,,,Other/Not known (2005-10),Not at or within 20 metres of junction,NISSAN,MICRA INSPIRATION 16V,Petrol,Male,,No tow/articulation,Did not leave carriageway,0.0,Going ahead other,1.0,Car,No,Front,2007.0,Slight,Fine no high winds,Dry,Daylight,30.0,Urban,2007.0
200706F085177,26 - 35,9.0,Data missing or out of range,,954.0,,,Other/Not known (2005-10),Approaching junction or waiting/parked at junction approach,CITROEN,SAXO OPEN SCANDAL,Petrol,Female,,No tow/articulation,Did not leave carriageway,0.0,Going ahead other,1.0,Car,No,Front,2007.0,Slight,Unknown,Dry,Daylight,30.0,Urban,2007.0
2007230791647,21 - 25,9.0,Urban area,4.0,1275.0,,,Other/Not known (2005-10),Not at or within 20 metres of junction,NISSAN,MICRA GX,Petrol,Female,,No tow/articulation,Did not leave carriageway,0.0,Going ahead other,2.0,Car,No,Front,2007.0,Serious,Fine no high winds,Wet or damp,Darkness - lights lit,30.0,Urban,2007.0
2007950009591,36 - 45,8.0,Urban area,,2864.0,,,Journey as part of work,Approaching junction or waiting/parked at junction approach,LONDON TAXIS INT,TX1 BRONZE,Heavy oil,Male,Skidded,No tow/articulation,Did not leave carriageway,0.0,Going ahead other,1.0,Taxi/Private hire car,No,Front,2007.0,Slight,Raining no high winds,Wet or damp,Darkness - lights lit,60.0,Urban,2007.0
200805EE24365,46 - 55,6.0,Urban area,7.0,1998.0,,,Journey as part of work,Approaching junction or waiting/parked at junction approach,FORD,MONDEO ZETEC TDCI,Heavy oil,Male,,No tow/articulation,Did not leave carriageway,0.0,Going ahead other,1.0,Taxi/Private hire car,No,Did not impact,2008.0,Slight,Fine no high winds,Wet or damp,Darkness - lights lit,30.0,Urban,2008.0
2006130519306,36 - 45,7.0,Urban area,3.0,9000.0,,,Other/Not known (2005-10),Not at or within 20 metres of junction,SCANIA,,Heavy oil,Male,,No tow/articulation,Did not leave carriageway,0.0,Parked,1.0,Bus or coach (17 or more pass seats),No,Did not impact,2006.0,Slight,Fine no high winds,Dry,Daylight,30.0,Urban,2006.0
200706F065204,26 - 35,3.0,Urban area,6.0,1598.0,,,Other/Not known (2005-10),Approaching junction or waiting/parked at junction approach,VOLKSWAGEN,TOURAN S,Petrol,Male,,No tow/articulation,Did not leave carriageway,0.0,Going ahead other,2.0,Car,No,Front,2007.0,Slight,Fine + high winds,Dry,Darkness - lights lit,30.0,Urban,2007.0
2006440456072,26 - 35,6.0,Urban area,7.0,1390.0,,,Journey as part of work,Entering main road,RENAULT,CLIO ALIZE,Petrol,Female,,No tow/articulation,Did not leave carriageway,0.0,Turning right,2.0,Car,No,Offside,2006.0,Slight,Fine no high winds,Dry,Daylight,40.0,Urban,2006.0
200643W260066,46 - 55,1.0,Urban area,,1995.0,,,Journey as part of work,Mid Junction - on roundabout or on main road,TOYOTA,COROLLA VERSO D-4D T3,Heavy oil,Male,,No tow/articulation,Did not leave carriageway,0.0,Turning left,2.0,Car,No,Back,2006.0,Serious,Fine no high winds,Dry,Daylight,40.0,Urban,2006.0
2006216320760,56 - 65,7.0,Urban area,1.0,1870.0,,,Other/Not known (2005-10),Not at or within 20 metres of junction,RENAULT,LAGUNA RT ALIZE DTI,Heavy oil,Male,,No tow/articulation,Did not leave carriageway,0.0,Going ahead other,2.0,Car,No,Front,2006.0,Slight,Fine no high winds,Wet or damp,Daylight,40.0,Rural,2006.0
2005160A01170,Data missing or out of range,7.0,Data missing or out of range,,1948.0,,,Other/Not known (2005-10),Cleared junction or waiting/parked at junction exit,VOLVO,S40 SE 2.0I AUTO,Petrol,Not known,,No tow/articulation,Did not leave carriageway,0.0,Parked,3.0,Car,No,Nearside,2005.0,Fatal,Fine no high winds,Dry,Darkness - lights lit,30.0,Urban,2005.0
2007620163933,Data missing or out of range,9.0,Data missing or out of range,,1905.0,,,Other/Not known (2005-10),Not at or within 20 metres of junction,PEUGEOT,806 1.9TD ROLAND GARROS,Heavy oil,Not known,,No tow/articulation,Did not leave carriageway,0.0,Parked,1.0,Car,No,Did not impact,2007.0,Slight,Fine no high winds,Wet or damp,Darkness - no lighting,60.0,Rural,2007.0
2005170S12285,26 - 35,12.0,Urban area,1.0,1124.0,,,Other/Not known (2005-10),Not at or within 20 metres of junction,CITROEN,AX 11 ECHO,Petrol,Female,,No tow/articulation,Did not leave carriageway,0.0,Going ahead other,2.0,Car,No,Front,2005.0,Slight,Fine no high winds,Dry,Daylight,60.0,Rural,2005.0
200701ZD65812,36 - 45,,Urban area,9.0,,,,Other/Not known (2005-10),Cleared junction or waiting/parked at junction exit,VAUXHALL,MOVANO DTI 3500 LWB,,Male,,No tow/articulation,Offside,0.0,Going ahead other,1.0,Car,No,Front,2007.0,Serious,Fine no high winds,Dry,Daylight,30.0,Urban,2007.0
200801QA10275,16 - 20,6.0,Urban area,9.0,1199.0,,,Other/Not known (2005-10),Mid Junction - on roundabout or on main road,VAUXHALL,CORSA COMFORT 16V,Petrol,Female,,No tow/articulation,Did not leave carriageway,0.0,Turning right,2.0,Car,No,Front,2008.0,Slight,Fine no high winds,Dry,Daylight,30.0,Urban,2008.0
200430M010076,56 - 65,,Urban area,10.0,4250.0,,Tree,Data missing or out of range,Data missing or out of range,MERCEDES,,Heavy oil,Male,,No tow/articulation,Nearside,0.0,Going ahead other,1.0,Goods over 3.5t. and under 7.5t,Data missing or out of range,Front,2004.0,,,,,,,
200443N112094,36 - 45,1.0,Data missing or out of range,,1796.0,,,Data missing or out of range,Data missing or out of range,ROVER,45 SPIRIT,Petrol,Female,,No tow/articulation,Did not leave carriageway,0.0,Going ahead left-hand bend,1.0,109,Data missing or out of range,Front,2004.0,,,,,,,
200601JC30500,36 - 45,3.0,Urban area,2.0,8268.0,,,Journey as part of work,Approaching junction or waiting/parked at junction approach,DENNIS,,Heavy oil,Male,,No tow/articulation,Did not leave carriageway,0.0,Parked,1.0,Bus or coach (17 or more pass seats),No,Offside,2006.0,Serious,Fine no high winds,Dry,Daylight,30.0,Urban,2006.0
200601WW50807,26 - 35,2.0,Urban area,7.0,998.0,,,Taking pupil to/from school,Not at or within 20 metres of junction,VAUXHALL,CORSA ACTIVE TWINPORT,Petrol,Female,,No tow/articulation,Did not leave carriageway,0.0,Going ahead other,1.0,Car,No,Did not impact,2006.0,Serious,Fine no high winds,Dry,Daylight,30.0,Urban,2006.0
200805BB28201,26 - 35,5.0,Urban area,4.0,1998.0,,,Other/Not known (2005-10),Mid Junction - on roundabout or on main road,FORD,MONDEO ZETEC TDCI,Heavy oil,Male,,No tow/articulation,Did not leave carriageway,0.0,Turning left,2.0,Taxi/Private hire car,No,Nearside,2008.0,Fatal,Fine + high winds,Dry,Daylight,30.0,Urban,2008.0
200550D21K202,26 - 35,8.0,Urban area,6.0,899.0,,,Data missing or out of range,Mid Junction - on roundabout or on main road,KAWASAKI,ZX 900-B4,Petrol,Male,,No tow/articulation,Did not leave carriageway,0.0,Overtaking static vehicle - offside,2.0,Motorcycle over 500cc,No,Front,2005.0,Slight,Fine no high winds,Dry,Daylight,30.0,Rural,2005.0
2006600WR2020,46 - 55,3.0,Urban area,5.0,,Bridge (side),,Journey as part of work,Not at or within 20 metres of junction,DAF TRUCKS,FTG XF95.430,Heavy oil,Male,Jackknifed,Articulated vehicle,Offside on to central reservation,0.0,Going ahead other,2.0,Goods 7.5 tonnes mgw and over,No,Front,2006.0,Slight,Snowing + high winds,Snow,Daylight,70.0,Rural,2006.0
2005620137990,36 - 45,10.0,Urban area,,1990.0,,,Other/Not known (2005-10),Not at or within 20 metres of junction,MITSUBISHI,FTO GR AUTO,Petrol,Male,,No tow/articulation,Did not leave carriageway,0.0,Going ahead other,1.0,Car,No,Front,2005.0,Slight,Fine no high winds,Dry,Darkness - lights lit,30.0,Urban,2005.0
2007120190241,Data missing or out of range,,Data missing or out of range,,,,,Journey as part of work,Approaching junction or waiting/parked at junction approach,CITROEN,BERLINGO 1.9D 800,,Not known,,No tow/articulation,Did not leave carriageway,0.0,Going ahead other,2.0,Car,No,Front,2007.0,Slight,Fine + high winds,Dry,Daylight,30.0,Urban,2007.0
200501ZD30998,26 - 35,6.0,Urban area,6.0,1598.0,,,Other/Not known (2005-10),Approaching junction or waiting/parked at junction approach,MERCEDES,A160 ELEGANCE AUTO,Petrol,Female,,No tow/articulation,Did not leave carriageway,0.0,Waiting to go - held up,1.0,Car,No,Back,2005.0,Slight,Fine no high winds,Dry,Daylight,30.0,Urban,2005.0
200506F027763,26 - 35,2.0,Data missing or out of range,,1390.0,,,Other/Not known (2005-10),Mid Junction - on roundabout or on main road,VOLKSWAGEN,GOLF MATCH,Petrol,Male,,No tow/articulation,Did not leave carriageway,0.0,Going ahead other,1.0,Car,No,Did not impact,2005.0,Slight,Fine no high winds,Dry,Darkness - lights lit,40.0,Urban,2005.0
200501BS70239,36 - 45,5.0,Urban area,8.0,2664.0,,,Journey as part of work,Approaching junction or waiting/parked at junction approach,LONDON TAXIS INT,TX1 BRONZE AUTO,Heavy oil,Male,,No tow/articulation,Did not leave carriageway,0.0,Going ahead left-hand bend,1.0,Taxi/Private hire car,No,Nearside,2005.0,Serious,Fine no high winds,Dry,Daylight,30.0,Urban,2005.0
200401YR00230,Data missing or out of range,5.0,Data missing or out of range,,1242.0,,,Data missing or out of range,Data missing or out of range,FIAT,PUNTO SX 60,Petrol,Female,,No tow/articulation,Did not leave carriageway,0.0,Moving off,2.0,109,Data missing or out of range,Front,2004.0,,,,,,,
200742I241206,46 - 55,1.0,Urban area,6.0,1968.0,,,Other/Not known (2005-10),Approaching junction or waiting/parked at junction approach,VOLKSWAGEN,PASSAT SE TDI 140,Heavy oil,Male,Skidded,No tow/articulation,Nearside,0.0,Going ahead other,2.0,Car,No,Front,2007.0,Slight,Raining no high winds,Wet or damp,Daylight,30.0,Urban,2007.0
2007030002758,36 - 45,7.0,Urban area,6.0,2926.0,,,Other/Not known (2005-10),Not at or within 20 metres of junction,BMW,330 D SE,Heavy oil,Male,,No tow/articulation,Did not leave carriageway,0.0,Overtaking moving vehicle - offside,1.0,Car,No,Offside,2007.0,Slight,Fine no high winds,Dry,Darkness - no lighting,40.0,Rural,2007.0
2005330509500,Data missing or out of range,18.0,Urban area,3.0,1275.0,,,Other/Not known (2005-10),Not at or within 20 metres of junction,AUSTIN,MAESTRO CITY X,Petrol,Not known,,No tow/articulation,Did not leave carriageway,6.0,Parked,2.0,Car,No,Back,2005.0,Slight,Fine no high winds,Wet or damp,Darkness - lights lit,30.0,Urban,2005.0
200505BS01200,Data missing or out of range,1.0,Data missing or out of range,,1995.0,,,Other/Not known (2005-10),Approaching junction or waiting/parked at junction approach,BMW,318D ES,Heavy oil,Male,Skidded,No tow/articulation,Did not leave carriageway,0.0,Going ahead other,1.0,Car,No,Front,2005.0,Slight,Fine no high winds,Dry,Daylight,30.0,Rural,2005.0
2006460128328,Over 75,17.0,Data missing or out of range,,1275.0,,,Other/Not known (2005-10),Cleared junction or waiting/parked at junction exit,AUSTIN,METRO L,Petrol,Female,,No tow/articulation,Did not leave carriageway,0.0,Going ahead other,1.0,Car,No,Front,2006.0,Slight,Fine no high winds,Dry,Daylight,30.0,Urban,2006.0
200401EO00553,46 - 55,4.0,Data missing or out of range,,1985.0,,,Data missing or out of range,Data missing or out of range,SAAB,9-3 SE TURBO,Petrol,Male,,No tow/articulation,Did not leave carriageway,0.0,Turning right,1.0,109,Data missing or out of range,Offside,2004.0,,,,,,,
2007460141050,36 - 45,8.0,Small town,10.0,1589.0,,,Commuting to/from work,Leaving roundabout,ROVER,216 SI AUTO,Petrol,Female,,No tow/articulation,Did not leave carriageway,0.0,Going ahead right-hand bend,2.0,Car,No,Nearside,2007.0,Slight,Fine no high winds,Dry,Daylight,70.0,Rural,2007.0
2006130939706,36 - 45,15.0,Urban area,4.0,197.0,,,Other/Not known (2005-10),Entering from slip road,VESPA (DOUGLAS),,Petrol,Male,,No tow/articulation,Did not leave carriageway,6.0,Slowing or stopping,1.0,Motorcycle over 125cc and up to 500cc,No,Nearside,2006.0,Slight,Fine no high winds,Dry,Daylight,70.0,Rural,2006.0
2006620154703,21 - 25,2.0,Urban area,,1598.0,,,Other/Not known (2005-10),Approaching junction or waiting/parked at junction approach,VAUXHALL,ASTRA COUPE CONVERTIBLE,Petrol,Female,,No tow/articulation,Did not leave carriageway,0.0,Going ahead other,1.0,Car,No,Front,2006.0,Slight,Fine no high winds,Dry,Daylight,30.0,Urban,2006.0
20073102D4221,66 - 75,9.0,Urban area,6.0,899.0,,,Other/Not known (2005-10),Not at or within 20 metres of junction,FIAT,SEICENTO SX,Petrol,Male,,No tow/articulation,Did not leave carriageway,0.0,Going ahead other,1.0,Car,No,Front,2007.0,Slight,Fine no high winds,Wet or damp,Daylight,30.0,Urban,2007.0
200714B163207,26 - 35,,Urban area,1.0,,,,Commuting to/from work,Not at or within 20 metres of junction,VAUXHALL,ASTRAVAN ENVOY CDTI,,Male,,No tow/articulation,Did not leave carriageway,0.0,Going ahead left-hand bend,1.0,Car,No,Front,2007.0,Serious,Fine no high winds,Wet or damp,Darkness - lights lit,40.0,Urban,2007.0
200514C184705,26 - 35,4.0,Urban area,4.0,1686.0,,,Commuting to/from work,Approaching junction or waiting/parked at junction approach,VAUXHALL,CORSA COMFORT DI,Heavy oil,Male,Overturned,No tow/articulation,Did not leave carriageway,0.0,Going ahead other,2.0,Car,No,Offside,2005.0,Slight,Fine no high winds,Dry,Darkness - lights lit,20.0,Urban,2005.0
2007620168584,16 - 20,7.0,Urban area,,1299.0,,,Other/Not known (2005-10),Approaching junction or waiting/parked at junction approach,FORD,KA SILVER,Petrol,Female,,No tow/articulation,Did not leave carriageway,0.0,Waiting to go - held up,2.0,Car,No,Back,2007.0,Slight,Raining + high winds,Wet or damp,Daylight,60.0,Rural,2007.0
200801QA10361,46 - 55,,Urban area,10.0,999.0,,,Other/Not known (2005-10),Mid Junction - on roundabout or on main road,SMART,FORTWO PASSION 71 AUTO,Petrol,Male,,No tow/articulation,Did not leave carriageway,0.0,Going ahead other,2.0,Car,No,Offside,2008.0,Slight,Fine no high winds,Dry,Daylight,30.0,Urban,2008.0
200414AA01860,26 - 35,5.0,Urban area,1.0,1998.0,,,Data missing or out of range,Data missing or out of range,VAUXHALL,VECTRA SRI 140,Petrol,Female,,No tow/articulation,Did not leave carriageway,0.0,Going ahead other,1.0,109,Data missing or out of range,Front,2004.0,,,,,,,
2007600FL5092,56 - 65,,Urban area,,,,,Journey as part of work,Approaching junction or waiting/parked at junction approach,OPTARE,,,Male,,No tow/articulation,Did not leave carriageway,0.0,Going ahead right-hand bend,2.0,Car,No,Back,2007.0,Slight,Raining no high winds,Wet or damp,Daylight,70.0,Urban,2007.0
200650B61M211,66 - 75,9.0,Rural,5.0,1830.0,,,Data missing or out of range,Approaching junction or waiting/parked at junction approach,MAZDA,,Petrol,Female,,No tow/articulation,Did not leave carriageway,0.0,Going ahead other,1.0,Car,Data missing or out of range,Back,2006.0,Slight,Raining no high winds,Wet or damp,Daylight,60.0,Rural,2006.0
200701JI40290,36 - 45,3.0,Urban area,3.0,1998.0,,,Other/Not known (2005-10),Approaching junction or waiting/parked at junction approach,FORD,TRANSIT 280 SWB TD,Heavy oil,Male,,No tow/articulation,Did not leave carriageway,0.0,Going ahead other,1.0,Van / Goods 3.5 tonnes mgw or under,No,Front,2007.0,Slight,Fine no high winds,Dry,Daylight,30.0,Urban,2007.0
200606K052097,26 - 35,2.0,Data missing or out of range,,1242.0,,,Other/Not known (2005-10),Not at or within 20 metres of junction,FIAT,PUNTO ACTIVE 8V,Petrol,Female,,No tow/articulation,Did not leave carriageway,0.0,Going ahead other,1.0,Car,No,Offside,2006.0,Slight,Raining no high winds,Wet or damp,Daylight,30.0,Urban,2006.0
200401ZD30359,46 - 55,4.0,Urban area,10.0,2295.0,,,Data missing or out of range,Data missing or out of range,DAEWOO,MUSSO AUTO,Petrol,Female,,No tow/articulation,Did not leave carriageway,0.0,Waiting to go - held up,2.0,109,Data missing or out of range,Back,2004.0,,,,,,,
2004130305604,56 - 65,10.0,Urban area,5.0,6000.0,,,Data missing or out of range,Data missing or out of range,VOLVO,,Heavy oil,Male,,No tow/articulation,Did not leave carriageway,0.0,Going ahead other,1.0,Bus or coach (17 or more pass seats),Data missing or out of range,Front,2004.0,,,,,,,
200701WW50752,21 - 25,7.0,Urban area,2.0,7300.0,,Road sign or traffic signal,Journey as part of work,Not at or within 20 metres of junction,VOLVO,,Heavy oil,Male,,No tow/articulation,Nearside,0.0,Going ahead other,1.0,Bus or coach (17 or more pass seats),No,Front,2007.0,Slight,Fine no high winds,Dry,Darkness - lights lit,30.0,Urban,2007.0
2005030000668,56 - 65,13.0,Small town,1.0,9600.0,,,Journey as part of work,Leaving roundabout,VOLVO,,Heavy oil,Male,,No tow/articulation,Did not leave carriageway,0.0,Moving off,1.0,Bus or coach (17 or more pass seats),No,Offside,2005.0,Slight,Raining no high winds,Wet or damp,Daylight,30.0,Urban,2005.0
2006130954306,46 - 55,2.0,Urban area,10.0,1910.0,,,Journey as part of work,Not at or within 20 metres of junction,VAUXHALL,VECTRA LS CDTI,Heavy oil,Male,,No tow/articulation,Did not leave carriageway,0.0,Waiting to go - held up,4.0,Car,No,Back,2006.0,Slight,Fine no high winds,Dry,Daylight,70.0,Rural,2006.0
200420D411601,36 - 45,17.0,Urban area,,1295.0,,,Data missing or out of range,Data missing or out of range,TOYOTA,COROLLA GL AUTO,Petrol,Male,,No tow/articulation,Did not leave carriageway,0.0,Waiting to go - held up,2.0,109,Data missing or out of range,Back,2004.0,,,,,,,
200611BD10840,26 - 35,11.0,Urban area,5.0,2188.0,,,Other/Not known (2005-10),Mid Junction - on roundabout or on main road,RENAULT,LAGUNA RN-D,Heavy oil,Male,,No tow/articulation,Did not leave carriageway,0.0,Going ahead other,2.0,Car,No,Offside,2006.0,Slight,Fine no high winds,Dry,Daylight,30.0,Urban,2006.0
200745TA08316,36 - 45,,Urban area,1.0,,,,Journey as part of work,Not at or within 20 metres of junction,FORD,TRANSIT 110 T260S FWD,,Male,,No tow/articulation,Did not leave carriageway,0.0,Going ahead other,2.0,Car,No,Back,2007.0,Slight,Fine no high winds,Dry,Daylight,70.0,Rural,2007.0
2007131053407,26 - 35,4.0,Urban area,2.0,1360.0,,,Commuting to/from work,Mid Junction - on roundabout or on main road,CITROEN,C3 PLURIEL,Petrol,Female,,No tow/articulation,Did not leave carriageway,0.0,Going ahead other,2.0,Car,No,Nearside,2007.0,Slight,Fine no high winds,Wet or damp,Daylight,30.0,Urban,2007.0
2007160A03400,46 - 55,6.0,Rural,5.0,4164.0,,,Commuting to/from work,Mid Junction - on roundabout or on main road,TOYOTA,LANDCRUISER AMAZON VX TDA,Heavy oil,Male,,No tow/articulation,Did not leave carriageway,0.0,Going ahead other,2.0,Car,No,Nearside,2007.0,Slight,Fine no high winds,Dry,Daylight,30.0,Urban,2007.0
2008070072544,36 - 45,4.0,Urban area,9.0,1390.0,,,Other/Not known (2005-10),Approaching junction or waiting/parked at junction approach,RENAULT,SCENIC EXPRESSION 16V,Petrol,Male,,No tow/articulation,Did not leave carriageway,0.0,Waiting to go - held up,3.0,Car,No,Back,2008.0,Slight,Fine no high winds,Dry,Darkness - lights lit,30.0,Urban,2008.0
200640D003690,16 - 20,5.0,Urban area,5.0,1998.0,,,Other/Not known (2005-10),Leaving main road,KIA,SPORTAGE S,Petrol,Male,,No tow/articulation,Did not leave carriageway,0.0,Turning left,1.0,Car,No,Front,2006.0,Slight,Fine no high winds,Dry,Daylight,30.0,Urban,2006.0
200434NC01075,56 - 65,5.0,Urban area,5.0,11116.0,,,Data missing or out of range,Data missing or out of range,RENAULT,,Heavy oil,Male,,Articulated vehicle,Did not leave carriageway,0.0,Going ahead other,1.0,Goods 7.5 tonnes mgw and over,Data missing or out of range,Front,2004.0,,,,,,,
2005215M06903,66 - 75,,Urban area,7.0,,,,Journey as part of work,Not at or within 20 metres of junction,VOLVO,,,Female,,No tow/articulation,Nearside,6.0,Overtaking moving vehicle - offside,2.0,Car,No,Nearside,2005.0,Slight,Raining no high winds,Wet or damp,Darkness - no lighting,70.0,Rural,2005.0
200405DH00907,46 - 55,7.0,Urban area,1.0,1108.0,,,Data missing or out of range,Data missing or out of range,FIAT,PUNTO 55 SX,Petrol,Male,,No tow/articulation,Did not leave carriageway,0.0,Parked,3.0,109,Data missing or out of range,Offside,2004.0,,,,,,,
200506C029448,21 - 25,11.0,Urban area,7.0,1299.0,,,Other/Not known (2005-10),Mid Junction - on roundabout or on main road,FORD,FIESTA EQUIPE,Petrol,Female,,No tow/articulation,Did not leave carriageway,0.0,Going ahead other,1.0,Car,No,Nearside,2005.0,Slight,Fine no high winds,Dry,Daylight,30.0,Urban,2005.0
200491NH01684,36 - 45,,Rural,,,,,Data missing or out of range,Data missing or out of range,FORD,,,Male,,No tow/articulation,Did not leave carriageway,0.0,Reversing,1.0,Other vehicle,Data missing or out of range,Nearside,2004.0,,,,,,,
2005100989905,46 - 55,,Urban area,9.0,,,,Journey as part of work,Approaching junction or waiting/parked at junction approach,FORD,FIESTA 35 TD,,Male,,No tow/articulation,Did not leave carriageway,0.0,Waiting to go - held up,2.0,Car,No,Back,2005.0,Slight,Fine no high winds,Wet or damp,Daylight,60.0,Urban,2005.0
200450E52J010,36 - 45,1.0,Data missing or out of range,,883.0,,,Data missing or out of range,Data missing or out of range,HARLEY-DAVIDSON,XL883R,Petrol,Male,,No tow/articulation,Did not leave carriageway,0.0,Waiting to go - held up,2.0,106,Data missing or out of range,Back,2004.0,,,,,,,
2005920500335,Over 75,9.0,Rural,,2996.0,,,Other/Not known (2005-10),Entering main road,MERCEDES,E300D AVANTGARDE A,Heavy oil,Male,,No tow/articulation,Did not leave carriageway,0.0,Turning left,1.0,Car,No,Offside,2005.0,Slight,Fine no high winds,Wet or damp,Darkness - lights lit,40.0,Urban,2005.0
2004360022724,21 - 25,12.0,Data missing or out of range,,1597.0,,,Data missing or out of range,Data missing or out of range,FORD,SIERRA LX I,Petrol,Male,,No tow/articulation,Did not leave carriageway,0.0,Going ahead other,2.0,109,Data missing or out of range,Back,2004.0,,,,,,,
2008100295708,26 - 35,10.0,Urban area,2.0,1297.0,,,Other/Not known (2005-10),Mid Junction - on roundabout or on main road,MAZDA,121 GXI,Petrol,Male,,No tow/articulation,Did not leave carriageway,0.0,Moving off,1.0,Car,No,Front,2008.0,Slight,Fine no high winds,Dry,Daylight,30.0,Urban,2008.0
200504FL05096,46 - 55,9.0,Urban area,5.0,2982.0,,,Other/Not known (2005-10),Not at or within 20 metres of junction,TOYOTA,LANDCRUISER COLOR GX TD A,Heavy oil,Female,,No tow/articulation,Did not leave carriageway,0.0,Reversing,1.0,Car,No,Back,2005.0,Slight,Fine no high winds,Dry,Daylight,30.0,Urban,2005.0