Accident_Index,Age_Band_of_Driver,Age_of_Vehicle,Driver_Home_Area_Type,Driver_IMD_Decile,Engine_Capacity_.CC.,Hit_Object_in_Carriageway,Hit_Object_off_Carriageway,Journey_Purpose_of_Driver,Junction_Location,make,model,Propulsion_Code,Sex_of_Driver,Skidding_and_Overturning,Towing_and_Articulation,Vehicle_Leaving_Carriageway,Vehicle_Location.Restricted_Lane,Vehicle_Manoeuvre,Vehicle_Reference,Vehicle_Type,Was_Vehicle_Left_Hand_Drive,X1st_Point_of_Impact,Year_x,Severity_Label,Weather_Conditions,Road_Surface_Conditions,Light_Conditions,Speed_limit,Urban_or_Rural_Area,Year_y
20044200F0641,Data missing or out of range,15.0,Data missing or out of range,,1998.0,,,Data missing or out of range,Data missing or out of range,VAUXHALL,CAVALIER CDI AUTO,Petrol,Male,,No tow/articulation,Did not leave carriageway,0.0,Going ahead other,1.0,109,Data missing or out of range,Front,2004.0,,,,,,,
200401CP00308,26 - 35,,Urban area,4.0,,,,Data missing or out of range,Data missing or out of range,PIAGGIO,ET2,,Female,,No tow/articulation,Did not leave carriageway,0.0,Going ahead other,1.0,Motorcycle 50cc and under,Data missing or out of range,Front,2004.0,,,,,,,
200701KF66068,66 - 75,7.0,Urban area,,1398.0,Other object,Lamp post,Other/Not known (2005-10),Entering main road,TOYOTA,COROLLA VIDA VVTI,Petrol,Male,Skidded,No tow/articulation,Nearside,8.0,Going ahead other,2.0,Car,No,Front,2007.0,Slight,Fine no high winds,Dry,Darkness - lights lit,30.0,Urban,2007.0
2006460122028,36 - 45,8.0,Urban area,9.0,2393.0,,,Other/Not known (2005-10),Not at or within 20 metres of junction,AUDI,A6 2.4 AUTO,Petrol,Female,,No tow/articulation,Did not leave carriageway,0.0,Going ahead other,2.0,Car,No,Did not impact,2006.0,Slight,Unknown,Dry,Daylight,30.0,Rural,2006.0
200797GA02611,66 - 75,8.0,Urban area,,1390.0,,,Other/Not known (2005-10),Not at or within 20 metres of junction,RENAULT,MEGANE LIBERTE 1.4E,Petrol,Female,,No tow/articulation,Did not leave carriageway,0.0,Going ahead other,1.0,Car,No,Front,2007.0,Fatal,Raining no high winds,Wet or damp,Darkness - lights lit,30.0,Urban,2007.0
2005610058605,36 - 45,3.0,Data missing or out of range,,1796.0,,,Taking pupil to/from school,Approaching junction or waiting/parked at junction approach,ROVER,75 CLUB SE T TOURER,Petrol,Female,,No tow/articulation,Did not leave carriageway,0.0,Going ahead other,1.0,Car,No,Front,2005.0,Slight,Fine no high winds,Dry,Daylight,30.0,Rural,2005.0
200750F43J924,Data missing or out of range,5.0,Urban area,4.0,998.0,,,Data missing or out of range,Not at or within 20 metres of junction,NISSAN,MICRA TEMPEST,Petrol,Female,,No tow/articulation,Did not leave carriageway,0.0,Parked,2.0,Car,No,Back,2007.0,Slight,Unknown,Dry,Darkness - lights lit,30.0,Urban,2007.0
2005555W03724,36 - 45,12.0,Urban area,6.0,1686.0,,,Data missing or out of range,Not at or within 20 metres of junction,VAUXHALL,ASTRA LS TURBO DIESEL,Heavy oil,Female,Skidded,No tow/articulation,Did not leave carriageway,0.0,Going ahead other,1.0,Car,Data missing or out of range,Front,2005.0,Serious,Fine no high winds,Dry,Daylight,40.0,Rural,2005.0
200630D000598,36 - 45,6.0,Urban area,7.0,,,,Journey as part of work,Leaving roundabout,DENNIS,,Heavy oil,Male,,No tow/articulation,Did not leave carriageway,0.0,Turning right,1.0,Bus or coach (17 or more pass seats),No,Did not impact,2006.0,Slight,Fine no high winds,Dry,Daylight,30.0,Urban,2006.0
2004070404519,Over 75,6.0,Urban area,1.0,1974.0,,,Data missing or out of range,Data missing or out of range,NISSAN,ALMERA GX DIESEL,Heavy oil,Male,,No tow/articulation,Did not leave carriageway,0.0,Waiting to turn right,2.0,109,Data missing or out of range,Back,2004.0,,,,,,,
200645RE87543,46 - 55,1.0,Urban area,5.0,996.0,,,Commuting to/from work,Approaching junction or waiting/parked at junction approach,SUZUKI,SV 1000 SZ K5,Petrol,Male,,No tow/articulation,Did not leave carriageway,0.0,Slowing or stopping,2.0,Motorcycle over 500cc,No,Back,2006.0,Slight,Fine no high winds,Dry,Daylight,40.0,Urban,2006.0
200554AM04805,26 - 35,25.0,Small town,3.0,246.0,,Other permanent object,Other/Not known (2005-10),Not at or within 20 metres of junction,KAWASAKI,,Petrol,Male,,No tow/articulation,Nearside,0.0,Going ahead right-hand bend,1.0,Motorcycle over 125cc and up to 500cc,No,Front,2005.0,Slight,Fine no high winds,Dry,Daylight,30.0,Rural,2005.0
2007440176272,46 - 55,7.0,Urban area,3.0,5900.0,,,Other/Not known (2005-10),Approaching junction or waiting/parked at junction approach,DENNIS,,Heavy oil,Female,,No tow/articulation,Did not leave carriageway,0.0,Going ahead other,2.0,Bus or coach (17 or more pass seats),No,Did not impact,2007.0,Slight,Fine no high winds,Dry,Daylight,30.0,Urban,2007.0
200405ET02899,26 - 35,5.0,Urban area,2.0,1994.0,,,Data missing or out of range,Data missing or out of range,ROVER,420I XL,Petrol,Male,,No tow/articulation,Did not leave carriageway,0.0,Turning right,2.0,109,Data missing or out of range,Back,2004.0,,,,,,,
200745WA98909,16 - 20,4.0,Rural,6.0,49.0,Parked vehicle,,Other/Not known (2005-10),Not at or within 20 metres of junction,YAMAHA,JOG R,Petrol,Male,Skidded,No tow/articulation,Nearside,0.0,Going ahead left-hand bend,1.0,Motorcycle 50cc and under,No,Front,2007.0,Slight,Raining no high winds,Wet or damp,Darkness - lights lit,30.0,Rural,2007.0
200545WO76048,36 - 45,,Urban area,8.0,5880.0,,,Journey as part of work,Mid Junction - on roundabout or on main road,IVECO,,Heavy oil,Male,,No tow/articulation,Did not leave carriageway,0.0,Changing lane to left,1.0,Goods 7.5 tonnes mgw and over,No,Nearside,2005.0,Slight,Raining + high winds,Wet or damp,Darkness - lights lit,70.0,Rural,2005.0
2008030002522,56 - 65,,Data missing or out of range,,1997.0,,,Other/Not known (2005-10),Not at or within 20 metres of junction,CITROEN,C8 EXCLUSIVE HDI 136,Heavy oil,Male,,No tow/articulation,Did not leave carriageway,0.0,Going ahead other,1.0,Car,No,Nearside,2008.0,Slight,Fine no high winds,Dry,Daylight,30.0,Rural,2008.0
2007350341407,21 - 25,,Urban area,3.0,,,Lamp post,Journey as part of work,Mid Junction - on roundabout or on main road,FORD,RANGER SUPER CAB,,Male,,No tow/articulation,Nearside,0.0,Going ahead other,1.0,Car,No,Nearside,2007.0,Slight,Fine no high winds,Wet or damp,Daylight,60.0,Rural,2007.0
200405ET00325,46 - 55,,Urban area,1.0,,,,Data missing or out of range,Data missing or out of range,LONDON TAXIS INT,TX1 BRONZE,,Male,,No tow/articulation,Did not leave carriageway,0.0,Going ahead other,2.0,109,Data missing or out of range,Front,2004.0,,,,,,,
200704AL07256,46 - 55,1.0,Urban area,8.0,1598.0,,,Other/Not known (2005-10),Mid Junction - on roundabout or on main road,SKODA,OCTAVIA AMBIENTE FSI,Petrol,Male,,No tow/articulation,Did not leave carriageway,0.0,Going ahead other,2.0,Car,No,Offside,2007.0,Slight,Raining no high winds,Wet or damp,Darkness - lights lit,30.0,Urban,2007.0
200622DE53097,56 - 65,4.0,Urban area,10.0,1749.0,,,Other/Not known (2005-10),Approaching junction or waiting/parked at junction approach,CITROEN,C5 LX,Petrol,Male,,No tow/articulation,Did not leave carriageway,0.0,Waiting to go - held up,2.0,Car,No,Back,2006.0,Slight,Fine no high winds,Dry,Daylight,30.0,Urban,2006.0
2004350103304,21 - 25,5.0,Rural,10.0,1998.0,,,Data missing or out of range,Data missing or out of range,MERCEDES,C200 ELEGANCE AUTO,Petrol,Male,,No tow/articulation,Did not leave carriageway,0.0,Turning right,2.0,109,Data missing or out of range,Offside,2004.0,,,,,,,
2005920501160,56 - 65,8.0,Urban area,,1396.0,,,Other/Not known (2005-10),Not at or within 20 metres of junction,ROVER,414S,Petrol,Male,,No tow/articulation,Did not leave carriageway,0.0,Overtaking - nearside,2.0,Car,No,Front,2005.0,Serious,Fine no high winds,Dry,Daylight,60.0,Rural,2005.0
2004160C02770,56 - 65,22.0,Urban area,1.0,498.0,,,Data missing or out of range,Data missing or out of range,HONDA,,Petrol,Male,,No tow/articulation,Did not leave carriageway,0.0,Going ahead other,2.0,106,Data missing or out of range,Front,2004.0,,,,,,,
200742I336608,46 - 55,,Urban area,4.0,,,,Other/Not known (2005-10),Entering main road,RENAULT,KANGOO SL17 DCI 70,,Male,,No tow/articulation,Did not leave carriageway,0.0,Reversing,4.0,Car,No,Did not impact,2007.0,Fatal,Fine no high winds,Dry,Daylight,30.0,Urban,2007.0
20044100B0932,16 - 20,3.0,Data missing or out of range,,1149.0,,,Data missing or out of range,Data missing or out of range,RENAULT,CLIO DYNAMIQUE 16V,Petrol,Male,,No tow/articulation,Did not leave carriageway,0.0,Turning right,1.0,109,Data missing or out of range,Offside,2004.0,,,,,,,
2006130016406,36 - 45,3.0,Small town,7.0,1360.0,,,Journey as part of work,Not at or within 20 metres of junction,PEUGEOT,206 LOOK,Petrol,Female,,No tow/articulation,Did not leave carriageway,0.0,Going ahead other,1.0,Car,No,Front,2006.0,Slight,Fine no high winds,Wet or damp,Daylight,30.0,Urban,2006.0
200743P104057,Data missing or out of range,10.0,Data missing or out of range,,1242.0,,,Journey as part of work,Not at or within 20 metres of junction,FORD,FIESTA FUSION,Petrol,Male,,No tow/articulation,Did not leave carriageway,0.0,Waiting to go - held up,1.0,Car,No,Front,2007.0,Slight,Fine no high winds,Dry,Daylight,50.0,Rural,2007.0
200520L036901,21 - 25,1.0,Urban area,1.0,1998.0,,,Other/Not known (2005-10),Not at or within 20 metres of junction,FORD,TRANSIT 260 SWB TD,Heavy oil,Male,Skidded,No tow/articulation,Did not leave carriageway,0.0,Going ahead other,2.0,Van / Goods 3.5 tonnes mgw or under,No,Front,2005.0,Serious,Fine no high winds,Wet or damp,Darkness - lights lit,30.0,Urban,2005.0
2005470506549,16 - 20,9.0,Rural,8.0,1119.0,,,Other/Not known (2005-10),Not at or within 20 metres of junction,FORD,FIESTA CLASSIC QUARTZ,Petrol,Male,,No tow/articulation,Did not leave carriageway,9.0,Parked,2.0,Car,No,Back,2005.0,Slight,Fine no high winds,Dry,Daylight,50.0,Rural,2005.0
200801KF73755,Data missing or out of range,1.0,Rural,6.0,2987.0,,,Other/Not known (2005-10),Mid Junction - on roundabout or on main road,MERCEDES,E280 CDI AVANTGARDE AUTO,Heavy oil,Male,,No tow/articulation,Did not leave carriageway,0.0,Going ahead other,3.0,Car,No,Offside,2008.0,Slight,Fine no high winds,Dry,Daylight,30.0,Urban,2008.0
200401TX00504,36 - 45,2.0,Urban area,7.0,5883.0,,,Data missing or out of range,Data missing or out of range,DENNIS,,Heavy oil,Male,,No tow/articulation,Did not leave carriageway,0.0,Going ahead other,1.0,Bus or coach (17 or more pass seats),Data missing or out of range,Did not impact,2004.0,,,,,,,
2006460123907,16 - 20,1.0,Small town,7.0,49.0,,,Other/Not known (2005-10),Not at or within 20 metres of junction,APRILIA,SR 50 R,Petrol,Male,,No tow/articulation,Nearside,0.0,Going ahead other,2.0,Motorcycle over 125cc and up to 500cc,No,Back,2006.0,Slight,Unknown,Dry,Daylight,30.0,Rural,2006.0
200430A000679,26 - 35,4.0,Urban area,7.0,1905.0,,,Data missing or out of range,Data missing or out of range,CITROEN,RELAY 1000D,Heavy oil,Male,,No tow/articulation,Did not leave carriageway,0.0,Turning right,1.0,Van / Goods 3.5 tonnes mgw or under,Data missing or out of range,Front,2004.0,,,,,,,
2005520078719,46 - 55,10.0,Urban area,3.0,1905.0,,,Other/Not known (2005-10),Not at or within 20 metres of junction,PEUGEOT,405 GLX TURBO DIESEL,Heavy oil,Male,,No tow/articulation,Did not leave carriageway,0.0,Going ahead other,1.0,Car,No,Front,2005.0,Slight,Fine no high winds,Dry,Daylight,30.0,Rural,2005.0
200720E088401,36 - 45,1.0,Urban area,5.0,1450.0,Parked vehicle,,Commuting to/from work,Not at or within 20 metres of junction,HARLEY-DAVIDSON,FLHRCI ROAD KING CLA,Petrol,Male,,No tow/articulation,Did not leave carriageway,0.0,Overtaking static vehicle - offside,2.0,Motorcycle over 500cc,No,Nearside,2007.0,Slight,Fine no high winds,Dry,Daylight,30.0,Urban,2007.0
200543N411095,46 - 55,24.0,Urban area,4.0,738.0,,,Journey as part of work,Not at or within 20 metres of junction,KAWASAKI,,Petrol,Male,Skidded,No tow/articulation,Did not leave carriageway,0.0,Going ahead other,2.0,Motorcycle over 500cc,No,Front,2005.0,Slight,Fine no high winds,Dry,Daylight,70.0,Rural,2005.0
200540C016100,46 - 55,7.0,Urban area,6.0,998.0,,,Journey as part of work,Mid Junction - on roundabout or on main road,NISSAN,MICRA GX,Petrol,Male,,No tow/articulation,Did not leave carriageway,0.0,Going ahead other,2.0,Car,No,Front,2005.0,Slight,Fine no high winds,Dry,Daylight,30.0,Urban,2005.0
200701ZT62129,56 - 65,,Small town,7.0,,,,Other/Not known (2005-10),Approaching junction or waiting/parked at junction approach,VOLKSWAGEN,TPORTER T30 130 TDI LWB A,,Male,,No tow/articulation,Did not leave carriageway,0.0,Going ahead other,1.0,Car,No,Did not impact,2007.0,Slight,Fine no high winds,Dry,Daylight,30.0,Urban,2007.0
200801GD74870,21 - 25,1.0,Urban area,3.0,96.0,,,Other/Not known (2005-10),Approaching junction or waiting/parked at junction approach,PIAGGIO,ZIP 100,Petrol,Male,,No tow/articulation,Did not leave carriageway,0.0,Going ahead other,1.0,Motorcycle 125cc and under,No,Front,2008.0,Serious,Fine no high winds,Dry,Daylight,30.0,Urban,2008.0
2005070503811,36 - 45,3.0,Data missing or out of range,,1497.0,,,Other/Not known (2005-10),Approaching junction or waiting/parked at junction approach,NISSAN,ALMERA TWISTER,Petrol,Male,,No tow/articulation,Did not leave carriageway,0.0,Parked,2.0,Car,No,Front,2005.0,Slight,Fine no high winds,Dry,Daylight,30.0,Urban,2005.0
200650A41I408,36 - 45,6.0,Urban area,5.0,1390.0,,,Data missing or out of range,Approaching junction or waiting/parked at junction approach,RENAULT,CLIO S,Petrol,Female,,No tow/articulation,Did not leave carriageway,0.0,Waiting to go - held up,2.0,Car,Data missing or out of range,Front,2006.0,Slight,Fine no high winds,Dry,Daylight,30.0,Urban,2006.0
2007350173007,26 - 35,3.0,Small town,10.0,3500.0,,,Other/Not known (2005-10),Not at or within 20 metres of junction,HONDA,,Petrol,Female,,No tow/articulation,Did not leave carriageway,0.0,Going ahead other,1.0,Car,No,Front,2007.0,Slight,Fine no high winds,Dry,Daylight,60.0,Rural,2007.0
2007100678607,26 - 35,7.0,Data missing or out of range,,1587.0,,Lamp post,Other/Not known (2005-10),Mid Junction - on roundabout or on main road,CITROEN,XSARA FORTE,Petrol,Male,Skidded,No tow/articulation,Nearside and rebounded,0.0,Going ahead other,2.0,Car,No,Front,2007.0,Serious,Raining no high winds,Wet or damp,Darkness - lights lit,50.0,Rural,2007.0
200450E52D267,26 - 35,12.0,Data missing or out of range,,1108.0,,,Data missing or out of range,Data missing or out of range,RENAULT,CLIO NIGHT & DAY,Petrol,Male,,No tow/articulation,Did not leave carriageway,0.0,Turning right,2.0,109,Data missing or out of range,Back,2004.0,,,,,,,
2006530187014,26 - 35,17.0,Data missing or out of range,,400.0,,,Other/Not known (2005-10),Approaching junction or waiting/parked at junction approach,HONDA,,Petrol,Male,,No tow/articulation,Did not leave carriageway,0.0,Turning right,1.0,Motorcycle over 125cc and up to 500cc,No,Front,2006.0,Slight,Fine no high winds,Dry,Daylight,30.0,Urban,2006.0
2007100855207,56 - 65,11.0,Urban area,2.0,,,,Journey as part of work,Not at or within 20 metres of junction,VOLVO,,Heavy oil,Male,,No tow/articulation,Did not leave carriageway,2.0,Parked,1.0,Bus or coach (17 or more pass seats),No,Did not impact,2007.0,Slight,Fine no high winds,Wet or damp,Darkness - lights lit,30.0,Urban,2007.0
200642I300008,26 - 35,2.0,Urban area,2.0,636.0,,,Commuting to/from work,Approaching junction or waiting/parked at junction approach,KAWASAKI,ZX636 B1H,Petrol,Male,,No tow/articulation,Offside - crossed central reservation,0.0,Going ahead other,1.0,Motorcycle over 500cc,No,Front,2006.0,Fatal,Fine no high winds,Dry,Daylight,30.0,Urban,2006.0
20053102D1647,46 - 55,11.0,Urban area,2.0,1488.0,,,Other/Not known (2005-10),Mid Junction - on roundabout or on main road,VAUXHALL,CORSA GLS TD,Heavy oil,Male,,No tow/articulation,Did not leave carriageway,0.0,Turning right,1.0,Car,No,Offside,2005.0,Slight,Fine no high winds,Dry,Daylight,30.0,Urban,2005.0
200401TC00114,56 - 65,,Urban area,4.0,,,,Data missing or out of range,Data missing or out of range,DAF TRUCKS,FA CF65.220,,Male,,No tow/articulation,Did not leave carriageway,0.0,Waiting to go - held up,3.0,Goods 7.5 tonnes mgw and over,Data missing or out of range,Back,2004.0,,,,,,,
2006100376606,36 - 45,11.0,Urban area,2.0,,,,Journey as part of work,Entering main road,VOLVO,,Heavy oil,Female,,No tow/articulation,Did not leave carriageway,0.0,Turning left,1.0,Bus or coach (17 or more pass seats),No,Front,2006.0,Slight,Raining no high winds,Wet or damp,Daylight,30.0,Urban,2006.0
200543P030065,26 - 35,2.0,Urban area,6.0,2800.0,,,Journey as part of work,Entering roundabout,IVECO,,Heavy oil,Male,,No tow/articulation,Did not leave carriageway,0.0,Going ahead other,1.0,Van / Goods 3.5 tonnes mgw or under,No,Front,2005.0,Slight,Fine no high winds,Dry,Daylight,30.0,Urban,2005.0
20064100D0146,Over 75,8.0,Small town,10.0,1389.0,,,Other/Not known (2005-10),Mid Junction - on roundabout or on main road,VAUXHALL,CORSA CDX 1.4I AUTO,Petrol,Female,,No tow/articulation,Did not leave carriageway,0.0,Turning right,1.0,Car,No,Nearside,2006.0,Slight,Fine no high winds,Wet or damp,Daylight,40.0,Rural,2006.0
200401WW00334,56 - 65,10.0,Urban area,5.0,1788.0,,,Data missing or out of range,Data missing or out of range,VOLKSWAGEN,,Petrol,Male,,No tow/articulation,Did not leave carriageway,0.0,Turning right,2.0,109,Data missing or out of range,Offside,2004.0,,,,,,,
20074100G0237,21 - 25,1.0,Urban area,3.0,1796.0,,Tree,Other/Not known (2005-10),Not at or within 20 metres of junction,VAUXHALL,VECTRA DESIGN,Petrol,Male,Skidded,No tow/articulation,Nearside and rebounded,0.0,Going ahead other,1.0,Car,No,Nearside,2007.0,Slight,Fine no high winds,Dry,Daylight,70.0,Rural,2007.0
2005030001701,56 - 65,17.0,Rural,8.0,970.0,,,Other/Not known (2005-10),Not at or within 20 metres of junction,SUZUKI,SJ 410Q SANTANA,Petrol,Male,,No tow/articulation,Did not leave carriageway,0.0,Parked,2.0,Car,No,Front,2005.0,Serious,Fine no high winds,Dry,Daylight,30.0,Rural,2005.0
200545MO69461,56 - 65,14.0,Urban area,2.0,1298.0,,,Other/Not known (2005-10),Leaving main road,SUZUKI,SWIFT GLXA,Petrol,Female,,No tow/articulation,Did not leave carriageway,0.0,Turning right,2.0,Car,No,Front,2005.0,Slight,Fine no high winds,Dry,Daylight,40.0,Rural,2005.0
200701LX50049,36 - 45,2.0,Urban area,5.0,1896.0,,,Journey as part of work,Mid Junction - on roundabout or on main road,VOLKSWAGEN,TRANSPORTER T28 104 TDI,Heavy oil,Male,,No tow/articulation,Did not leave carriageway,0.0,Turning right,2.0,Van / Goods 3.5 tonnes mgw or under,No,Offside,2007.0,Slight,Fine no high winds,Dry,Daylight,30.0,Urban,2007.0
2006130680206,46 - 55,6.0,Rural,6.0,2457.0,,,Other/Not known (2005-10),Entering main road,SUBARU,LEGACY GX AWD AUTO,Petrol,Female,,No tow/articulation,Did not leave carriageway,0.0,Turning left,1.0,Car,No,Front,2006.0,Slight,Fine no high winds,Dry,Daylight,40.0,Rural,2006.0
20074100K0740,16 - 20,8.0,Small town,8.0,142.0,,,Commuting to/from work,Approaching junction or waiting/parked at junction approach,YAMAHA,XV125,Petrol,Male,Skidded,No tow/articulation,Did not leave carriageway,0.0,Slowing or stopping,1.0,Motorcycle 125cc and under,No,Nearside,2007.0,Serious,Fine no high winds,Wet or damp,Darkness - lights lit,30.0,Urban,2007.0
20044100A0789,Over 75,11.0,Rural,9.0,1581.0,,,Data missing or out of range,Data missing or out of range,FIAT,TIPO SX IE,Petrol,Male,,No tow/articulation,Did not leave carriageway,0.0,Going ahead right-hand bend,2.0,109,Data missing or out of range,Front,2004.0,,,,,,,
2006940602119,36 - 45,,Rural,,11705.0,,,Journey as part of work,Not at or within 20 metres of junction,SCANIA,,Heavy oil,Male,,Articulated vehicle,Did not leave carriageway,0.0,Going ahead other,2.0,Goods 7.5 tonnes mgw and over,No,Front,2006.0,Slight,Fine no high winds,Dry,Daylight,70.0,Rural,2006.0
2006121090863,36 - 45,2.0,Data missing or out of range,,2874.0,,,Other/Not known (2005-10),Not at or within 20 metres of junction,SSANGYONG,REXTON RX290S5 TDI AUTO,Heavy oil,Male,,No tow/articulation,Did not leave carriageway,0.0,Going ahead other,1.0,Car,No,Offside,2006.0,Slight,Fine no high winds,Dry,Daylight,30.0,Urban,2006.0
200614G063906,36 - 45,3.0,Urban area,3.0,1461.0,,,Journey as part of work,Leaving main road,RENAULT,KANGOO SL17DCI 70,Heavy oil,Male,,No tow/articulation,Did not leave carriageway,0.0,Turning right,1.0,Van / Goods 3.5 tonnes mgw or under,No,Nearside,2006.0,Slight,Fine no high winds,Dry,Daylight,30.0,Urban,2006.0
2006070601986,26 - 35,1.0,Urban area,5.0,1769.0,,,Other/Not known (2005-10),Mid Junction - on roundabout or on main road,NISSAN,ALMERA SE AUTO,Petrol,Male,,No tow/articulation,Did not leave carriageway,0.0,Waiting to go - held up,4.0,Car,No,Back,2006.0,Slight,Fine no high winds,Dry,Daylight,30.0,Urban,2006.0
2006100619706,46 - 55,3.0,Small town,2.0,1796.0,,,Other/Not known (2005-10),Leaving main road,TOYOTA,COROLLA TSPORT VVTLI,Petrol,Male,,No tow/articulation,Did not leave carriageway,0.0,Turning right,1.0,Car,No,Offside,2006.0,Slight,Fine no high winds,Dry,Daylight,40.0,Urban,2006.0
200701VW40286,26 - 35,,Data missing or out of range,,1794.0,,,Other/Not known (2005-10),Cleared junction or waiting/parked at junction exit,TOYOTA,COROLLA VERSO VVT-I T3,Petrol,Male,,No tow/articulation,Did not leave carriageway,0.0,Slowing or stopping,1.0,Car,No,Back,2007.0,Slight,Fine no high winds,Dry,Daylight,30.0,Urban,2007.0
2005520046957,16 - 20,3.0,Data missing or out of range,,599.0,,,Other/Not known (2005-10),Not at or within 20 metres of junction,SUZUKI,GSX R600 K1,Petrol,Male,,No tow/articulation,Did not leave carriageway,0.0,Going ahead other,2.0,Motorcycle over 500cc,No,Front,2005.0,Slight,Fine no high winds,Dry,Darkness - no lighting,70.0,Rural,2005.0
200630C000504,21 - 25,4.0,Data missing or out of range,,8268.0,,,Journey as part of work,Not at or within 20 metres of junction,DENNIS,,Heavy oil,Male,,No tow/articulation,Did not leave carriageway,0.0,Going ahead left-hand bend,1.0,Bus or coach (17 or more pass seats),No,Did not impact,2006.0,Slight,Fine no high winds,Dry,Daylight,50.0,Rural,2006.0
20063102B1081,26 - 35,3.0,Urban area,7.0,1995.0,,,Journey as part of work,Leaving main road,TOYOTA,RAV4 XT3 D-4D,Heavy oil,Female,,No tow/articulation,Did not leave carriageway,0.0,Turning right,2.0,Car,No,Front,2006.0,Slight,Fine no high winds,Dry,Daylight,30.0,Urban,2006.0
200750B71P961,21 - 25,9.0,Rural,4.0,2671.0,,,Data missing or out of range,Not at or within 20 metres of junction,AUDI,A6 2.7T QUATTRO,Petrol,Male,Skidded,No tow/articulation,Did not leave carriageway,0.0,Going ahead right-hand bend,1.0,Car,No,Front,2007.0,Slight,Fine no high winds,Wet or damp,Daylight,30.0,Rural,2007.0
2005130772705,21 - 25,4.0,Urban area,8.0,1686.0,,,Other/Not known (2005-10),Not at or within 20 metres of junction,VAUXHALL,ASTRA LS DTI,Heavy oil,Male,,No tow/articulation,Did not leave carriageway,0.0,Waiting to go - held up,1.0,Car,No,Back,2005.0,Slight,Fine no high winds,Wet or damp,Daylight,30.0,Rural,2005.0
2007030001833,46 - 55,3.0,Urban area,9.0,1896.0,,,Other/Not known (2005-10),Not at or within 20 metres of junction,SKODA,OCTAVIA CLASSIC TDI,Heavy oil,Male,,No tow/articulation,Did not leave carriageway,0.0,Slowing or stopping,4.0,Car,No,Back,2007.0,Slight,Fine no high winds,Dry,Daylight,30.0,Urban,2007.0
200732C082707,21 - 25,4.0,Urban area,2.0,1242.0,,Tree,Other/Not known (2005-10),Not at or within 20 metres of junction,FIAT,PUNTO ACTIVE SPORT 16V,Petrol,Male,Skidded,No tow/articulation,Offside,0.0,Going ahead right-hand bend,1.0,Car,No,Nearside,2007.0,Serious,Other,Wet or damp,Darkness - lights lit,40.0,Rural,2007.0
200501XD80030,56 - 65,4.0,Data missing or out of range,,8268.0,,,Journey as part of work,Mid Junction - on roundabout or on main road,DENNIS,,Heavy oil,Male,,No tow/articulation,Did not leave carriageway,0.0,Going ahead other,1.0,Bus or coach (17 or more pass seats),No,Did not impact,2005.0,Slight,Fine no high winds,Dry,Daylight,30.0,Urban,2005.0
200501PL60861,36 - 45,,Urban area,6.0,2204.0,,,Other/Not known (2005-10),Cleared junction or waiting/parked at junction exit,HONDA,ACCORD I CTDI SPORT,Heavy oil,Male,,No tow/articulation,Did not leave carriageway,0.0,Turning right,1.0,Car,No,Front,2005.0,Slight,Fine no high winds,Dry,Daylight,30.0,Urban,2005.0
200645WA94893,36 - 45,3.0,Urban area,10.0,2402.0,,,Commuting to/from work,Not at or within 20 metres of junction,FORD,TRANSIT 350 LWB TD,Heavy oil,Male,,No tow/articulation,Did not leave carriageway,0.0,Slowing or stopping,1.0,Van / Goods 3.5 tonnes mgw or under,No,Back,2006.0,Slight,Fine no high winds,Wet or damp,Daylight,50.0,Rural,2006.0
200505DD02884,46 - 55,7.0,Urban area,1.0,2664.0,,,Journey as part of work,Not at or within 20 metres of junction,LONDON TAXIS INT,TX1 BRONZE,Heavy oil,Male,,No tow/articulation,Did not leave carriageway,0.0,Waiting to turn right,2.0,Taxi/Private hire car,No,Nearside,2005.0,Slight,Fine no high winds,Wet or damp,Daylight,30.0,Rural,2005.0
2007600FL9033,Over 75,6.0,Urban area,1.0,1594.0,,,Other/Not known (2005-10),Not at or within 20 metres of junction,KIA,MENTOR L AUTO,Petrol,Male,Skidded,No tow/articulation,Did not leave carriageway,0.0,Going ahead other,1.0,Car,No,Front,2007.0,Slight,Fine no high winds,Dry,Daylight,70.0,Rural,2007.0
2006620156668,21 - 25,2.0,Small town,,1587.0,,,Journey as part of work,Not at or within 20 metres of junction,PEUGEOT,,Petrol,Female,,No tow/articulation,Did not leave carriageway,0.0,Going ahead other,2.0,Car,No,Nearside,2006.0,Slight,Fine no high winds,Dry,Daylight,30.0,Urban,2006.0
200645TA80446,21 - 25,1.0,Urban area,10.0,1149.0,,Telegraph or electricity pole,Other/Not known (2005-10),Not at or within 20 metres of junction,RENAULT,CLIO CAMPUS SPORT,Petrol,Female,,No tow/articulation,Offside,0.0,Going ahead right-hand bend,1.0,Car,No,Did not impact,2006.0,Slight,Fine no high winds,Wet or damp,Darkness - no lighting,60.0,Rural,2006.0
2007440490675,21 - 25,3.0,Urban area,7.0,599.0,,,Other/Not known (2005-10),Approaching junction or waiting/parked at junction approach,TRIUMPH,DAYTONA 600,Petrol,Male,,No tow/articulation,Did not leave carriageway,0.0,Going ahead other,2.0,Motorcycle over 500cc,No,Front,2007.0,Serious,Fine no high winds,Dry,Darkness - lights lit,40.0,Rural,2007.0