Accident_Index,Age_Band_of_Driver,Age_of_Vehicle,Driver_Home_Area_Type,Driver_IMD_Decile,Engine_Capacity_.CC.,Hit_Object_in_Carriageway,Hit_Object_off_Carriageway,Journey_Purpose_of_Driver,Junction_Location,make,model,Propulsion_Code,Sex_of_Driver,Skidding_and_Overturning,Towing_and_Articulation,Vehicle_Leaving_Carriageway,Vehicle_Location.Restricted_Lane,Vehicle_Manoeuvre,Vehicle_Reference,Vehicle_Type,Was_Vehicle_Left_Hand_Drive,X1st_Point_of_Impact,Year_x,Severity_Label,Weather_Conditions,Road_Surface_Conditions,Light_Conditions,Speed_limit,Urban_or_Rural_Area,Year_y
200501XH30480,36 - 45,7.0,Urban area,7.0,1275.0,,,Other/Not known (2005-10),Approaching junction or waiting/parked at junction approach,NISSAN,MICRA GX,Petrol,Female,,No tow/articulation,Did not leave carriageway,0.0,Waiting to go - held up,1.0,Car,No,Back,2005.0,Slight,Fine no high winds,Dry,Daylight,30.0,Urban,2005.0
2004330400666,46 - 55,1.0,Data missing or out of range,,1997.0,,,Data missing or out of range,Data missing or out of range,CITROEN,BERLINGO 800TD HDI LX,Heavy oil,Male,,No tow/articulation,Did not leave carriageway,0.0,Parked,1.0,Van / Goods 3.5 tonnes mgw or under,Data missing or out of range,Offside,2004.0,,,,,,,
200601WW50088,21 - 25,5.0,Urban area,3.0,7300.0,,,Other/Not known (2005-10),Mid Junction - on roundabout or on main road,VOLVO,,Heavy oil,Male,,No tow/articulation,Did not leave carriageway,0.0,Moving off,1.0,Bus or coach (17 or more pass seats),No,Did not impact,2006.0,Slight,Fine no high winds,Dry,Daylight,30.0,Urban,2006.0
2005215234740,56 - 65,1.0,Urban area,10.0,2184.0,,,Other/Not known (2005-10),Not at or within 20 metres of junction,NISSAN,ALMERA TINO SVE DCI 136PS,Heavy oil,Male,,No tow/articulation,Did not leave carriageway,0.0,Overtaking static vehicle - offside,1.0,Car,No,Nearside,2005.0,Slight,Fine no high winds,Dry,Daylight,30.0,Urban,2005.0
200801TX20003,66 - 75,2.0,Urban area,6.0,1242.0,Parked vehicle,,Other/Not known (2005-10),Not at or within 20 metres of junction,FORD,FIESTA STYLE,Petrol,Female,,No tow/articulation,Did not leave carriageway,0.0,Parked,1.0,Car,No,Offside,2008.0,Slight,Raining no high winds,Wet or damp,Daylight,30.0,Urban,2008.0
200501BS70030,56 - 65,8.0,Rural,9.0,11946.0,,,Other/Not known (2005-10),Approaching junction or waiting/parked at junction approach,MERCEDES,,Heavy oil,Male,,Articulated vehicle,Did not leave carriageway,0.0,Going ahead other,1.0,Goods 7.5 tonnes mgw and over,No,Nearside,2005.0,Slight,Fine no high winds,Dry,Daylight,30.0,Urban,2005.0
2006440326590,56 - 65,,Rural,7.0,1986.0,,,Other/Not known (2005-10),Not at or within 20 metres of junction,AUDI,A4 S LINE TDI 140,Heavy oil,Male,,No tow/articulation,Did not leave carriageway,0.0,Going ahead right-hand bend,1.0,Car,No,Offside,2006.0,Slight,Fine no high winds,Dry,Daylight,60.0,Rural,2006.0
20044100J2560,26 - 35,5.0,Urban area,10.0,1332.0,Bollard or refuge,Road sign or traffic signal,Data missing or out of range,Data missing or out of range,TOYOTA,STARLET SOLIDA,Petrol,Female,,No tow/articulation,Did not leave carriageway,0.0,Turning left,1.0,109,Data missing or out of range,Front,2004.0,,,,,,,
200806P086450,26 - 35,6.0,Urban area,,1769.0,,,Other/Not known (2005-10),Entering main road,NISSAN,ALMERA E AUTO,Petrol,Male,,No tow/articulation,Did not leave carriageway,0.0,Turning right,1.0,Car,No,Offside,2008.0,Slight,Fine no high winds,Wet or damp,Darkness - lights lit,30.0,Urban,2008.0
200750E31M550,26 - 35,,Urban area,3.0,,,,Data missing or out of range,Cleared junction or waiting/parked at junction exit,VAUXHALL,ASTRA CLUB CDTI,,Male,,No tow/articulation,Did not leave carriageway,0.0,Waiting to go - held up,2.0,Car,No,Front,2007.0,Slight,Unknown,Dry,Daylight,30.0,Urban,2007.0
2004214404323,36 - 45,5.0,Urban area,7.0,1994.0,,,Data missing or out of range,Data missing or out of range,ROVER,420 D TURBO,Heavy oil,Male,Skidded,No tow/articulation,Did not leave carriageway,0.0,Going ahead left-hand bend,1.0,109,Data missing or out of range,Front,2004.0,,,,,,,
200745EL03601,66 - 75,3.0,Urban area,10.0,1868.0,,,Other/Not known (2005-10),Not at or within 20 metres of junction,CITROEN,BERLINGO M-SPACE FORTE D,Heavy oil,Male,Skidded,No tow/articulation,Did not leave carriageway,0.0,Going ahead other,2.0,Car,No,Front,2007.0,Slight,Unknown,Dry,Daylight,30.0,Rural,2007.0
200620L102501,26 - 35,8.0,Urban area,1.0,1998.0,,,Other/Not known (2005-10),Not at or within 20 metres of junction,DAEWOO,NUBIRA CDX AUTO,Petrol,Male,,No tow/articulation,Did not leave carriageway,0.0,Going ahead other,1.0,Car,No,Front,2006.0,Slight,Fine no high winds,Dry,Daylight,30.0,Rural,2006.0
200501YR90435,36 - 45,16.0,Urban area,8.0,1985.0,,,Other/Not known (2005-10),Mid Junction - on roundabout or on main road,SAAB,9000 S,Petrol,Female,,No tow/articulation,Did not leave carriageway,0.0,Turning right,1.0,Car,No,Nearside,2005.0,Slight,Fine no high winds,Dry,Daylight,30.0,Urban,2005.0
200630D000486,26 - 35,1.0,Urban area,2.0,1598.0,,,Other/Not known (2005-10),Entering main road,VAUXHALL,ASTRA CLUB TWINPORT S-A,Petrol,Female,,No tow/articulation,Did not leave carriageway,0.0,Turning left,1.0,Car,No,Front,2006.0,Slight,Fine no high winds,Wet or damp,Daylight,30.0,Urban,2006.0
2005520048470,26 - 35,,Small town,8.0,,,,Other/Not known (2005-10),Approaching junction or waiting/parked at junction approach,FIAT,PUNTO ACTIVE,,Male,Overturned,No tow/articulation,Did not leave carriageway,0.0,Going ahead other,1.0,Motorcycle over 500cc,No,Nearside,2005.0,Slight,Fine no high winds,Dry,Daylight,30.0,Urban,2005.0
200742I042302,36 - 45,14.0,Urban area,4.0,2400.0,,,Other/Not known (2005-10),Entering roundabout,TOYOTA,,Heavy oil,Female,,No tow/articulation,Did not leave carriageway,0.0,Going ahead other,1.0,Car,No,Offside,2007.0,Slight,Fine no high winds,Dry,Daylight,30.0,Urban,2007.0
200504AX05094,46 - 55,,Urban area,6.0,1896.0,,,Journey as part of work,Approaching junction or waiting/parked at junction approach,SKODA,OCTAVIA AMBIENTE TDI PD8V,Heavy oil,Male,,No tow/articulation,Did not leave carriageway,0.0,Waiting to go - held up,2.0,Car,No,Back,2005.0,Slight,Fine no high winds,Dry,Daylight,30.0,Urban,2005.0
200601LX50918,36 - 45,8.0,Urban area,9.0,1761.0,,,Other/Not known (2005-10),Not at or within 20 metres of junction,PEUGEOT,406 LX S 16V,Petrol,Male,,No tow/articulation,Did not leave carriageway,0.0,Going ahead other,1.0,Car,No,Front,2006.0,Slight,Fine no high winds,Dry,Daylight,30.0,Urban,2006.0
200804DL08173,56 - 65,6.0,Urban area,9.0,1769.0,,,Other/Not known (2005-10),Approaching junction or waiting/parked at junction approach,NISSAN,PRIMERA S,Petrol,Male,,No tow/articulation,Did not leave carriageway,0.0,Waiting to go - held up,1.0,Car,No,Front,2008.0,Slight,Fine no high winds,Dry,Darkness - lights lit,30.0,Urban,2008.0
2005555B00114,46 - 55,4.0,Data missing or out of range,,124.0,,,Data missing or out of range,Data missing or out of range,PIAGGIO,VESPA ET4,Petrol,Male,,No tow/articulation,Did not leave carriageway,0.0,Going ahead other,1.0,Motorcycle 125cc and under,Data missing or out of range,Did not impact,2005.0,Serious,Fine no high winds,Dry,Darkness - lights lit,30.0,Urban,2005.0
200743N242057,26 - 35,2.0,Rural,8.0,1910.0,,Tree,Other/Not known (2005-10),Mid Junction - on roundabout or on main road,VAUXHALL,VECTRA CLUB CDTI 8V,Heavy oil,Male,,No tow/articulation,Straight ahead at junction,0.0,Going ahead other,1.0,Car,No,Front,2007.0,Slight,Fine no high winds,Wet or damp,Darkness - no lighting,50.0,Rural,2007.0
200801CP00303,56 - 65,,Urban area,4.0,1686.0,,,Journey as part of work,Approaching junction or waiting/parked at junction approach,VAUXHALL,ASTRA CLUB CDTI 100,Heavy oil,Male,,No tow/articulation,Did not leave carriageway,0.0,Going ahead other,1.0,Taxi/Private hire car,No,Front,2008.0,Slight,Fine no high winds,Wet or damp,Darkness - lights lit,30.0,Urban,2008.0
2007470708448,26 - 35,1.0,Urban area,7.0,1400.0,,,Journey as part of work,Not at or within 20 metres of junction,VOLKSWAGEN,POLO SE 80,Petrol,Female,,No tow/articulation,Did not leave carriageway,0.0,Slowing or stopping,2.0,Car,No,Back,2007.0,Slight,Fine no high winds,Wet or damp,Daylight,70.0,Rural,2007.0
200743N039027,46 - 55,2.0,Urban area,7.0,1991.0,,,Other/Not known (2005-10),Mid Junction - on roundabout or on main road,KIA,SPORTAGE XE CRDI AUTO,Heavy oil,Female,Skidded,No tow/articulation,Did not leave carriageway,0.0,Going ahead other,2.0,Car,No,Front,2007.0,Slight,Fine no high winds,Dry,Darkness - no lighting,60.0,Rural,2007.0
200505AA03697,36 - 45,4.0,Urban area,2.0,5480.0,,,Journey as part of work,Cleared junction or waiting/parked at junction exit,VOLVO,,Heavy oil,Male,,No tow/articulation,Did not leave carriageway,0.0,Turning right,2.0,Goods 7.5 tonnes mgw and over,No,Offside,2005.0,Serious,Fine no high winds,Wet or damp,Daylight,60.0,Rural,2005.0
2006440474637,26 - 35,8.0,Urban area,2.0,9600.0,,,Journey as part of work,Approaching junction or waiting/parked at junction approach,VOLVO,,Heavy oil,Male,Skidded,No tow/articulation,Did not leave carriageway,0.0,Going ahead other,1.0,Bus or coach (17 or more pass seats),No,Front,2006.0,Slight,Fine no high winds,Wet or damp,Daylight,30.0,Urban,2006.0
200422EB28250,36 - 45,5.0,Data missing or out of range,,1905.0,,,Data missing or out of range,Data missing or out of range,CITROEN,XSARA EXCLUSIVE TD,Heavy oil,Female,,No tow/articulation,Did not leave carriageway,0.0,Waiting to go - held up,2.0,109,Data missing or out of range,Back,2004.0,,,,,,,
200447K173742,16 - 20,14.0,Urban area,7.0,1488.0,,,Data missing or out of range,Data missing or out of range,VAUXHALL,NOVA MERIT TD,Heavy oil,Female,,No tow/articulation,Did not leave carriageway,0.0,Going ahead other,2.0,109,Data missing or out of range,Nearside,2004.0,,,,,,,
200401EO00037,26 - 35,10.0,Data missing or out of range,,499.0,,,Data missing or out of range,Data missing or out of range,HONDA,,Petrol,Male,,No tow/articulation,Did not leave carriageway,0.0,Overtaking static vehicle - offside,1.0,106,Data missing or out of range,Front,2004.0,,,,,,,
20053102A0700,26 - 35,3.0,Small town,3.0,1587.0,,Lamp post,Other/Not known (2005-10),Not at or within 20 metres of junction,CITROEN,XSARA VTR 16V,Petrol,Female,,No tow/articulation,Offside,0.0,Going ahead left-hand bend,1.0,Car,No,Front,2005.0,Slight,Fine no high winds,Dry,Darkness - lights lit,30.0,Rural,2005.0
20074100J2460,66 - 75,5.0,Urban area,4.0,2148.0,,,Other/Not known (2005-10),Mid Junction - on roundabout or on main road,MERCEDES,C220 CDI ELEGANCE AUTO,Heavy oil,Male,,No tow/articulation,Did not leave carriageway,0.0,Slowing or stopping,2.0,Car,No,Back,2007.0,Slight,Raining no high winds,Wet or damp,Daylight,60.0,Rural,2007.0
2007131112507,36 - 45,6.0,Urban area,3.0,1594.0,,,Commuting to/from work,Not at or within 20 metres of junction,KIA,SHUMA S,Petrol,Male,Skidded,No tow/articulation,Did not leave carriageway,0.0,Going ahead other,8.0,Car,No,Front,2007.0,Fatal,Fine no high winds,Dry,Darkness - no lighting,70.0,Rural,2007.0
200620F190903,26 - 35,5.0,Urban area,1.0,1242.0,,,Other/Not known (2005-10),Mid Junction - on roundabout or on main road,FIAT,BRAVA 80 16V SX FORMULA,Petrol,Female,,No tow/articulation,Did not leave carriageway,0.0,Going ahead other,2.0,Car,No,Nearside,2006.0,Slight,Raining no high winds,Wet or damp,Daylight,30.0,Urban,2006.0
2004120600437,36 - 45,2.0,Data missing or out of range,,1998.0,,,Data missing or out of range,Data missing or out of range,FORD,MONDEO ZETEC TDCI,Heavy oil,Male,,No tow/articulation,Did not leave carriageway,0.0,Going ahead other,1.0,109,Data missing or out of range,Offside,2004.0,,,,,,,
2005460109715,66 - 75,26.0,Small town,5.0,475.0,,,Commuting to/from work,Mid Junction - on roundabout or on main road,BMW,,Petrol,Male,,No tow/articulation,Did not leave carriageway,0.0,Going ahead other,2.0,Motorcycle over 125cc and up to 500cc,No,Nearside,2005.0,Slight,Fine no high winds,Dry,Daylight,30.0,Urban,2005.0
200420G091302,26 - 35,11.0,Urban area,4.0,1389.0,,,Data missing or out of range,Data missing or out of range,VAUXHALL,ASTRA LS I,Petrol,Female,,No tow/articulation,Did not leave carriageway,0.0,Going ahead other,1.0,109,Data missing or out of range,Nearside,2004.0,,,,,,,
200722CA86921,46 - 55,,Urban area,10.0,,,,Journey as part of work,Not at or within 20 metres of junction,FIAT,DOBLO MULTIJET FAMILY,,Male,,No tow/articulation,Did not leave carriageway,0.0,Going ahead right-hand bend,2.0,Van / Goods 3.5 tonnes mgw or under,No,Front,2007.0,Serious,Fine no high winds,Dry,Daylight,30.0,Rural,2007.0
2007230796270,26 - 35,11.0,Urban area,5.0,1994.0,,Near/Offside crash barrier,Other/Not known (2005-10),Not at or within 20 metres of junction,SUBARU,IMPREZA TURBO 4WD,Petrol,Male,Overturned,No tow/articulation,Nearside,0.0,Going ahead left-hand bend,1.0,Car,No,Front,2007.0,Slight,Fine no high winds,Dry,Daylight,70.0,Rural,2007.0
200711BF06000,36 - 45,7.0,Urban area,6.0,998.0,,,Commuting to/from work,Approaching junction or waiting/parked at junction approach,NISSAN,MICRA CELEBRATION 16V,Petrol,Female,Skidded,No tow/articulation,Did not leave carriageway,0.0,Slowing or stopping,2.0,Car,No,Front,2007.0,Slight,Snowing + high winds,Snow,Daylight,30.0,Urban,2007.0
200501KF60105,26 - 35,2.0,Data missing or out of range,,1396.0,,,Other/Not known (2005-10),Mid Junction - on roundabout or on main road,HONDA,CIVIC S,Petrol,Female,,No tow/articulation,Did not leave carriageway,0.0,Turning right,1.0,Car,No,Front,2005.0,Slight,Fine no high winds,Wet or damp,Daylight,30.0,Urban,2005.0
2005440795534,46 - 55,4.0,Small town,9.0,2362.0,,,Commuting to/from work,Not at or within 20 metres of junction,TOYOTA,PREVIA GS VVTI AUTO,Petrol,Female,,No tow/articulation,Did not leave carriageway,0.0,Going ahead other,2.0,Car,No,Front,2005.0,Slight,Raining + high winds,Flood over 3cm. deep,Darkness - no lighting,60.0,Rural,2005.0
200501MM71080,46 - 55,3.0,Urban area,5.0,1998.0,,,Other/Not known (2005-10),Not at or within 20 metres of junction,DAEWOO,TACUMA CDX,Petrol,Male,,No tow/articulation,Did not leave carriageway,0.0,Going ahead other,1.0,Car,No,Front,2005.0,Slight,Fine no high winds,Dry,Daylight,30.0,Urban,2005.0
2004214318842,46 - 55,,Small town,6.0,,,,Data missing or out of range,Data missing or out of range,VOLKSWAGEN,LT35 95 TDI MWB,,Male,,No tow/articulation,Did not leave carriageway,0.0,Turning right,1.0,Goods over 3.5t. and under 7.5t,Data missing or out of range,Offside,2004.0,,,,,,,
200620F127401,36 - 45,5.0,Urban area,2.0,1997.0,,,Other/Not known (2005-10),Approaching junction or waiting/parked at junction approach,CITROEN,XSARA PICASSO SX HDI,Heavy oil,Male,,No tow/articulation,Did not leave carriageway,0.0,Going ahead other,3.0,Car,No,Back,2006.0,Slight,Fine no high winds,Dry,Daylight,40.0,Urban,2006.0
20063102D3503,16 - 20,10.0,Urban area,8.0,1896.0,,,Other/Not known (2005-10),Approaching junction or waiting/parked at junction approach,SEAT,IBIZA SALSA,Heavy oil,Male,,No tow/articulation,Did not leave carriageway,0.0,Slowing or stopping,1.0,Car,No,Front,2006.0,Slight,Fine no high winds,Wet or damp,Daylight,30.0,Urban,2006.0
2004520069604,21 - 25,5.0,Data missing or out of range,,6370.0,,Other permanent object,Data missing or out of range,Data missing or out of range,MERCEDES,,Heavy oil,Male,Overturned,No tow/articulation,Nearside,0.0,Going ahead right-hand bend,1.0,Goods 7.5 tonnes mgw and over,Data missing or out of range,Nearside,2004.0,,,,,,,
200445RE53938,46 - 55,7.0,Urban area,8.0,1762.0,,,Data missing or out of range,Data missing or out of range,TOYOTA,CARINA E SE AUTO,Petrol,Male,,No tow/articulation,Did not leave carriageway,0.0,Waiting to go - held up,4.0,109,Data missing or out of range,Back,2004.0,,,,,,,
2006070601758,21 - 25,5.0,Urban area,9.0,1299.0,,,Other/Not known (2005-10),Approaching junction or waiting/parked at junction approach,FORD,KA LUXURY,Petrol,Female,Skidded,No tow/articulation,Did not leave carriageway,0.0,Slowing or stopping,1.0,Car,No,Front,2006.0,Slight,Fine no high winds,Wet or damp,Daylight,30.0,Rural,2006.0
200601LX50232,Data missing or out of range,12.0,Data missing or out of range,,1597.0,,,Other/Not known (2005-10),Approaching junction or waiting/parked at junction approach,NISSAN,SUNNY SLX AUTO,Petrol,Female,,No tow/articulation,Did not leave carriageway,0.0,Going ahead other,2.0,Car,No,Front,2006.0,Slight,Fine no high winds,Dry,Darkness - lights lit,30.0,Urban,2006.0
200704DL07109,46 - 55,,Urban area,10.0,,,,Other/Not known (2005-10),Approaching junction or waiting/parked at junction approach,NISSAN,NAVARA DCI AVENTURA A,,Male,,No tow/articulation,Did not leave carriageway,0.0,Going ahead other,1.0,Car,No,Front,2007.0,Slight,Fine no high winds,Dry,Daylight,30.0,Urban,2007.0
2004214336560,Data missing or out of range,5.0,Rural,7.0,1975.0,,,Data missing or out of range,Data missing or out of range,HYUNDAI,LANTRA CDX,Petrol,Female,,No tow/articulation,Did not leave carriageway,0.0,Turning right,2.0,109,Data missing or out of range,Did not impact,2004.0,,,,,,,
200401WW00294,26 - 35,8.0,Urban area,2.0,1994.0,,,Data missing or out of range,Data missing or out of range,ROVER,420 D TURBO,Heavy oil,Male,,No tow/articulation,Did not leave carriageway,0.0,Parked,1.0,109,Data missing or out of range,Data missing or out of range,2004.0,,,,,,,
200801RY10201,26 - 35,14.0,Urban area,4.0,1074.0,,,Other/Not known (2005-10),Mid Junction - on roundabout or on main road,SUZUKI,,Petrol,Male,,No tow/articulation,Did not leave carriageway,0.0,Going ahead other,1.0,Motorcycle over 500cc,No,Nearside,2008.0,Slight,Fine no high winds,Dry,Daylight,30.0,Urban,2008.0
200601YR90742,Data missing or out of range,7.0,Data missing or out of range,,973.0,,,Other/Not known (2005-10),Approaching junction or waiting/parked at junction approach,VAUXHALL,CORSA GLS 12V,Petrol,Female,,No tow/articulation,Did not leave carriageway,0.0,Going ahead other,2.0,Car,No,Front,2006.0,Slight,Fine no high winds,Dry,Darkness - lights lit,30.0,Urban,2006.0
2004121250909,26 - 35,4.0,Data missing or out of range,,599.0,,,Data missing or out of range,Data missing or out of range,HONDA,,Petrol,Male,Skidded,No tow/articulation,Did not leave carriageway,0.0,Going ahead left-hand bend,1.0,106,Data missing or out of range,Front,2004.0,,,,,,,
200601CW11345,36 - 45,4.0,Urban area,2.0,1895.0,,,Other/Not known (2005-10),Approaching junction or waiting/parked at junction approach,BMW,316I SE,Petrol,Female,,No tow/articulation,Did not leave carriageway,0.0,Slowing or stopping,1.0,Car,No,Front,2006.0,Slight,Fine no high winds,Dry,Darkness - lights lit,30.0,Urban,2006.0
200630C000526,26 - 35,8.0,Urban area,4.0,1598.0,,,Other/Not known (2005-10),Mid Junction - on roundabout or on main road,VOLKSWAGEN,POLO 1.6 CL,Petrol,Male,Skidded,No tow/articulation,Did not leave carriageway,0.0,Going ahead other,2.0,Car,No,Front,2006.0,Slight,Fine no high winds,Dry,Daylight,60.0,Rural,2006.0
20044100A0369,21 - 25,5.0,Urban area,3.0,1199.0,,,Data missing or out of range,Data missing or out of range,VAUXHALL,CORSA GLS 16V AUTO,Petrol,Female,,No tow/articulation,Did not leave carriageway,0.0,Going ahead other,2.0,109,Data missing or out of range,Back,2004.0,,,,,,,
2007121290138,26 - 35,1.0,Urban area,5.0,4250.0,,,Journey as part of work,Cleared junction or waiting/parked at junction exit,MERCEDES,,Heavy oil,Male,,No tow/articulation,Did not leave carriageway,0.0,Moving off,2.0,Goods over 3.5t. and under 7.5t,No,Front,2007.0,Slight,Fine no high winds,Dry,Daylight,60.0,Rural,2007.0
200601SX20137,26 - 35,9.0,Urban area,8.0,899.0,,,Other/Not known (2005-10),Not at or within 20 metres of junction,FIAT,CINQUECENTO S,Petrol,Female,,No tow/articulation,Did not leave carriageway,0.0,Slowing or stopping,1.0,Car,No,Back,2006.0,Slight,Fine no high winds,Dry,Daylight,30.0,Urban,2006.0
200406X905738,56 - 65,3.0,Data missing or out of range,,11021.0,,,Data missing or out of range,Data missing or out of range,SCANIA,,Heavy oil,Male,,Articulated vehicle,Did not leave carriageway,0.0,Going ahead other,3.0,Goods 7.5 tonnes mgw and over,Data missing or out of range,Offside,2004.0,,,,,,,
2006216407482,46 - 55,4.0,Urban area,9.0,1997.0,,,Taking pupil to/from school,Leaving roundabout,CITROEN,BERLINGO 800 LX HDI,Heavy oil,Male,,No tow/articulation,Did not leave carriageway,0.0,Turning left,2.0,Van / Goods 3.5 tonnes mgw or under,No,Nearside,2006.0,Slight,Fine no high winds,Wet or damp,Daylight,30.0,Urban,2006.0
2006160D04010,26 - 35,10.0,Urban area,1.0,1124.0,,,Other/Not known (2005-10),Not at or within 20 metres of junction,CITROEN,AX MEMPHIS,Petrol,Male,,No tow/articulation,Did not leave carriageway,0.0,Going ahead other,4.0,Car,No,Front,2006.0,Slight,Fine no high winds,Dry,Daylight,40.0,Urban,2006.0
200801SX20990,Over 75,6.0,Urban area,8.0,998.0,,,Other/Not known (2005-10),Mid Junction - on roundabout or on main road,NISSAN,MICRA TEMPEST CVT,Petrol,Female,,No tow/articulation,Did not leave carriageway,0.0,Going ahead other,1.0,Car,No,Front,2008.0,Slight,Fine no high winds,Dry,Daylight,30.0,Urban,2008.0
2004600FL3037,16 - 20,,Small town,10.0,,,,Data missing or out of range,Data missing or out of range,FSO CARS,CARO,,Male,,No tow/articulation,Did not leave carriageway,0.0,Waiting to turn right,1.0,109,Data missing or out of range,Back,2004.0,,,,,,,
2004520077488,46 - 55,17.0,Urban area,3.0,2792.0,,,Data missing or out of range,Data missing or out of range,FORD,SIERRA XR4X4,Petrol,Male,,No tow/articulation,Did not leave carriageway,0.0,Moving off,1.0,109,Data missing or out of range,Front,2004.0,,,,,,,
200750B61N921,56 - 65,,Urban area,7.0,,,,Data missing or out of range,Not at or within 20 metres of junction,VAUXHALL,COMBO SE 1.7D,,Male,,No tow/articulation,Did not leave carriageway,0.0,Slowing or stopping,3.0,Car,No,Back,2007.0,Slight,Fine no high winds,Wet or damp,Daylight,50.0,Rural,2007.0
2006460026732,26 - 35,2.0,Urban area,,1998.0,,,Commuting to/from work,Approaching junction or waiting/parked at junction approach,SAAB,9-3 1.8T VECTOR SPORT,Petrol,Female,,No tow/articulation,Did not leave carriageway,0.0,Slowing or stopping,2.0,Car,No,Back,2006.0,Slight,Fine no high winds,Dry,Daylight,30.0,Urban,2006.0
200645WO85710,Data missing or out of range,6.0,Urban area,2.0,1794.0,,,Other/Not known (2005-10),Approaching junction or waiting/parked at junction approach,TOYOTA,AVENSIS GS VVT-I,Petrol,Male,,No tow/articulation,Did not leave carriageway,0.0,Going ahead other,1.0,Car,No,Did not impact,2006.0,Slight,Fine no high winds,Dry,Daylight,30.0,Urban,2006.0
200601QK50551,66 - 75,,Urban area,5.0,,,,Other/Not known (2005-10),Mid Junction - on roundabout or on main road,IVECO-FORD,,,Male,,No tow/articulation,Did not leave carriageway,0.0,Waiting to go - held up,2.0,Car,No,Back,2006.0,Slight,Fine no high winds,Dry,Daylight,30.0,Urban,2006.0
200720E052103,46 - 55,11.0,Urban area,6.0,1896.0,,,Other/Not known (2005-10),Not at or within 20 metres of junction,VOLKSWAGEN,SHARAN CARAT,Heavy oil,Male,,No tow/articulation,Did not leave carriageway,0.0,Waiting to go - held up,2.0,Car,No,Offside,2007.0,Slight,Fine no high winds,Dry,Daylight,30.0,Urban,2007.0
200701YR64070,21 - 25,,Urban area,7.0,,,,Commuting to/from work,Mid Junction - on roundabout or on main road,PIAGGIO,VESPA LX 50,,Female,,No tow/articulation,Did not leave carriageway,0.0,Overtaking static vehicle - offside,2.0,Motorcycle 125cc and under,No,Front,2007.0,Slight,Fine no high winds,Dry,Daylight,30.0,Urban,2007.0
2007131067107,36 - 45,,Urban area,7.0,2993.0,,,Commuting to/from work,Not at or within 20 metres of junction,BMW,335D SE A,Heavy oil,Female,,No tow/articulation,Did not leave carriageway,0.0,Going ahead other,2.0,Car,No,Front,2007.0,Slight,Fine no high winds,Wet or damp,Daylight,70.0,Rural,2007.0
200804TA08183,21 - 25,7.0,Urban area,4.0,1242.0,,,Other/Not known (2005-10),Not at or within 20 metres of junction,FIAT,PUNTO ELX 8V,Petrol,Female,,No tow/articulation,Did not leave carriageway,0.0,Slowing or stopping,3.0,Car,No,Back,2008.0,Slight,Fine no high winds,Dry,Daylight,70.0,Rural,2008.0
2006460032558,36 - 45,7.0,Urban area,2.0,1998.0,,,Other/Not known (2005-10),Not at or within 20 metres of junction,KIA,SPORTAGE GLX SE,Petrol,Female,,No tow/articulation,Did not leave carriageway,0.0,Going ahead other,2.0,Car,No,Back,2006.0,Slight,Fine no high winds,Dry,Darkness - lights lit,40.0,Rural,2006.0
200430A000119,26 - 35,11.0,Data missing or out of range,,1289.0,,,Data missing or out of range,Data missing or out of range,SKODA,FAVORIT GLXI,Petrol,Male,,No tow/articulation,Did not leave carriageway,0.0,Waiting to go - held up,2.0,109,Data missing or out of range,Back,2004.0,,,,,,,
200532D544105,26 - 35,1.0,Urban area,8.0,1364.0,,,Commuting to/from work,Not at or within 20 metres of junction,MINI,ONE D,Heavy oil,Female,,No tow/articulation,Did not leave carriageway,0.0,Going ahead other,1.0,Car,No,Front,2005.0,Slight,Fine no high winds,Dry,Daylight,30.0,Rural,2005.0
200801ZT80146,56 - 65,7.0,Urban area,9.0,1397.0,,,Other/Not known (2005-10),Mid Junction - on roundabout or on main road,SKODA,FABIA COMFORT 8V,Petrol,Female,,No tow/articulation,Did not leave carriageway,0.0,Going ahead other,2.0,Car,No,Offside,2008.0,Slight,Fine no high winds,Dry,Daylight,30.0,Urban,2008.0
2004360025919,16 - 20,,Rural,7.0,,,,Data missing or out of range,Data missing or out of range,VAUXHALL,COMBO 1700 DI,,Male,Skidded,No tow/articulation,Did not leave carriageway,0.0,Overtaking moving vehicle - offside,1.0,109,Data missing or out of range,Front,2004.0,,,,,,,
200622DE52699,36 - 45,12.0,Data missing or out of range,,899.0,,,Journey as part of work,Approaching junction or waiting/parked at junction approach,KAWASAKI,,Petrol,Male,,No tow/articulation,Did not leave carriageway,0.0,Going ahead other,1.0,Motorcycle over 500cc,No,Front,2006.0,Slight,Fine no high winds,Dry,Daylight,30.0,Urban,2006.0
200520D372603,36 - 45,2.0,Urban area,4.0,1995.0,,,Other/Not known (2005-10),Not at or within 20 metres of junction,TOYOTA,AVENSIS T SPIRIT D-4D,Heavy oil,Male,,No tow/articulation,Did not leave carriageway,0.0,Going ahead other,1.0,Taxi/Private hire car,No,Front,2005.0,Serious,Fine no high winds,Dry,Darkness - lights lit,30.0,Urban,2005.0