Accident_Index,Age_Band_of_Driver,Age_of_Vehicle,Driver_Home_Area_Type,Driver_IMD_Decile,Engine_Capacity_.CC.,Hit_Object_in_Carriageway,Hit_Object_off_Carriageway,Journey_Purpose_of_Driver,Junction_Location,make,model,Propulsion_Code,Sex_of_Driver,Skidding_and_Overturning,Towing_and_Articulation,Vehicle_Leaving_Carriageway,Vehicle_Location.Restricted_Lane,Vehicle_Manoeuvre,Vehicle_Reference,Vehicle_Type,Was_Vehicle_Left_Hand_Drive,X1st_Point_of_Impact,Year_x,Severity_Label,Weather_Conditions,Road_Surface_Conditions,Light_Conditions,Speed_limit,Urban_or_Rural_Area,Year_y
200620E083203,16 - 20,2.0,Urban area,1.0,660.0,,,Other/Not known (2005-10),Mid Junction - on roundabout or on main road,YAMAHA,,Petrol,Male,,No tow/articulation,Did not leave carriageway,0.0,Going ahead other,1.0,Other vehicle,No,Front,2006.0,Serious,Fine no high winds,Dry,Darkness - lights lit,30.0,Urban,2006.0
2006170H10136,36 - 45,1.0,Data missing or out of range,,2148.0,,,Other/Not known (2005-10),Mid Junction - on roundabout or on main road,MERCEDES,C220 CDI AVANTGDE SE A,Heavy oil,Male,,No tow/articulation,Did not leave carriageway,0.0,Turning right,1.0,Car,No,Front,2006.0,Serious,Fine no high winds,Wet or damp,Darkness - lights lit,60.0,Urban,2006.0
20044200H0027,36 - 45,2.0,Urban area,9.0,1149.0,,,Data missing or out of range,Data missing or out of range,RENAULT,CLIO DYNAMIQUE 16V,Petrol,Male,,No tow/articulation,Did not leave carriageway,0.0,Turning left,1.0,109,Data missing or out of range,Did not impact,2004.0,,,,,,,
200537L012157,16 - 20,7.0,Rural,4.0,125.0,,,Other/Not known (2005-10),Mid Junction - on roundabout or on main road,APRILIA,,Petrol,Male,,No tow/articulation,Did not leave carriageway,0.0,Going ahead other,2.0,Motorcycle 125cc and under,No,Front,2005.0,Slight,Fine no high winds,Dry,Darkness - lights lit,30.0,Urban,2005.0
200701XD80629,26 - 35,7.0,Urban area,4.0,,,,Other/Not known (2005-10),Approaching junction or waiting/parked at junction approach,DENNIS,,Petrol,Male,,No tow/articulation,Did not leave carriageway,0.0,Going ahead other,2.0,Bus or coach (17 or more pass seats),No,Front,2007.0,Serious,Fine no high winds,Dry,Daylight,30.0,Urban,2007.0
200597AC02408,21 - 25,3.0,Urban area,,1199.0,,,Other/Not known (2005-10),Approaching junction or waiting/parked at junction approach,VAUXHALL,CORSA COMFORT 16V,Petrol,Female,,No tow/articulation,Did not leave carriageway,0.0,Waiting to go - held up,2.0,Car,No,Back,2005.0,Slight,Fine no high winds,Dry,Daylight,30.0,Urban,2005.0
200601MM71007,Data missing or out of range,,Data missing or out of range,,,,,Other/Not known (2005-10),Not at or within 20 metres of junction,VOLKSWAGEN,800 SPECIAL TD SWB,,Not known,,No tow/articulation,Did not leave carriageway,0.0,Going ahead other,2.0,Car,No,Front,2006.0,Slight,Fine no high winds,Dry,Daylight,30.0,Urban,2006.0
200446WK97306,16 - 20,4.0,Data missing or out of range,,125.0,,Telegraph or electricity pole,Data missing or out of range,Data missing or out of range,APRILIA,,Petrol,Male,Skidded and overturned,No tow/articulation,Nearside,0.0,Going ahead right-hand bend,1.0,Motorcycle 125cc and under,Data missing or out of range,Front,2004.0,,,,,,,
2007960701330,66 - 75,2.0,Rural,,1598.0,,,Other/Not known (2005-10),Not at or within 20 metres of junction,VAUXHALL,ASTRA BREEZE,Petrol,Male,,No tow/articulation,Did not leave carriageway,0.0,Waiting to go - held up,2.0,Car,No,Back,2007.0,Slight,Fine no high winds,Dry,Daylight,60.0,Rural,2007.0
20063102C3410,16 - 20,1.0,Urban area,3.0,2198.0,,Lamp post,Other/Not known (2005-10),Not at or within 20 metres of junction,FORD,MONDEO ST TDCI,Heavy oil,Male,Skidded,No tow/articulation,Nearside,0.0,Changing lane to left,1.0,Car,No,Front,2006.0,Slight,Fine no high winds,Wet or damp,Darkness - lights lit,30.0,Urban,2006.0
2006460122658,56 - 65,5.0,Urban area,10.0,1796.0,,,Other/Not known (2005-10),Not at or within 20 metres of junction,BMW,316TI SE COMPACT AUTO,Petrol,Female,,No tow/articulation,Did not leave carriageway,0.0,Slowing or stopping,6.0,Car,No,Front,2006.0,Slight,Fine no high winds,Dry,Daylight,70.0,Rural,2006.0
200642I339008,36 - 45,2.0,Urban area,9.0,1998.0,,,Other/Not known (2005-10),Cleared junction or waiting/parked at junction exit,FORD,MONDEO GHIA X TDCI,Heavy oil,Female,,No tow/articulation,Did not leave carriageway,0.0,Slowing or stopping,2.0,Car,No,Back,2006.0,Slight,Fine no high winds,Dry,Daylight,30.0,Urban,2006.0
200732C200907,56 - 65,3.0,Rural,3.0,1248.0,,,Other/Not known (2005-10),Entering main road,VAUXHALL,CORSA ENERGY CDTI,Heavy oil,Female,,No tow/articulation,Did not leave carriageway,0.0,Moving off,1.0,Car,No,Front,2007.0,Slight,Fine no high winds,Dry,Daylight,30.0,Rural,2007.0
200420E155703,26 - 35,,Urban area,6.0,1988.0,,,Data missing or out of range,Data missing or out of range,FORD,FOCUS ST170,Petrol,Female,,No tow/articulation,Did not leave carriageway,0.0,Waiting to go - held up,2.0,109,Data missing or out of range,Offside,2004.0,,,,,,,
200601MM71092,26 - 35,3.0,Urban area,1.0,1796.0,,,Other/Not known (2005-10),Approaching junction or waiting/parked at junction approach,MG,TF 135 SUNSTORM,Petrol,Female,,No tow/articulation,Did not leave carriageway,0.0,Moving off,2.0,Car,No,Offside,2006.0,Slight,Fine no high winds,Dry,Daylight,30.0,Urban,2006.0
200801KF74296,Data missing or out of range,7.0,Urban area,3.0,1850.0,,,Other/Not known (2005-10),Not at or within 20 metres of junction,HONDA,ACCORD VTEC S,Petrol,Male,,No tow/articulation,Did not leave carriageway,0.0,Going ahead other,3.0,Car,No,Front,2008.0,Slight,Unknown,Dry,Daylight,30.0,Urban,2008.0
2007600WR1064,46 - 55,,Urban area,,,,,Journey as part of work,Cleared junction or waiting/parked at junction exit,DENNIS,,,Female,,No tow/articulation,Did not leave carriageway,0.0,Going ahead other,2.0,Car,No,Did not impact,2007.0,Slight,Raining no high winds,Wet or damp,Daylight,30.0,Urban,2007.0
200445RE58957,16 - 20,4.0,Urban area,10.0,1199.0,Parked vehicle,,Data missing or out of range,Data missing or out of range,VAUXHALL,CORSA ENVOY 16V,Petrol,Female,,No tow/articulation,Did not leave carriageway,0.0,Going ahead other,1.0,109,Data missing or out of range,Front,2004.0,,,,,,,
200401JC00104,16 - 20,6.0,Urban area,3.0,2664.0,Parked vehicle,,Data missing or out of range,Data missing or out of range,NISSAN,TERRANO SE TOURING TDI A,Heavy oil,Male,,No tow/articulation,Did not leave carriageway,0.0,Going ahead other,1.0,109,Data missing or out of range,Nearside,2004.0,,,,,,,
2004930003766,36 - 45,3.0,Rural,,1149.0,,,Data missing or out of range,Data missing or out of range,RENAULT,CLIO DYNAMIQUE 16V,Petrol,Female,Skidded,No tow/articulation,Offside,0.0,Going ahead right-hand bend,1.0,109,Data missing or out of range,Front,2004.0,,,,,,,
200632D396006,56 - 65,2.0,Rural,7.0,1229.0,,,Other/Not known (2005-10),Approaching junction or waiting/parked at junction approach,VAUXHALL,CORSA ENERGY TWINPORT,Petrol,Male,,No tow/articulation,Did not leave carriageway,0.0,Going ahead other,1.0,Car,No,Offside,2006.0,Slight,Fine no high winds,Wet or damp,Darkness - lights lit,30.0,Urban,2006.0
200750E21F281,26 - 35,9.0,Urban area,6.0,1595.0,,,Data missing or out of range,Approaching junction or waiting/parked at junction approach,VOLKSWAGEN,GOLF CABRIOLET SE,Petrol,Female,,No tow/articulation,Did not leave carriageway,0.0,Waiting to go - held up,2.0,Car,No,Back,2007.0,Slight,Fine no high winds,Dry,Daylight,30.0,Urban,2007.0
2006070601377,21 - 25,2.0,Rural,7.0,11705.0,,,Journey as part of work,Not at or within 20 metres of junction,SCANIA,,Heavy oil,Male,,Articulated vehicle,Did not leave carriageway,0.0,Slowing or stopping,2.0,Goods 7.5 tonnes mgw and over,No,Back,2006.0,Slight,Fine no high winds,Dry,Daylight,60.0,Rural,2006.0
200701ZD30417,Data missing or out of range,7.0,Data missing or out of range,,1299.0,Parked vehicle,Other permanent object,Other/Not known (2005-10),Not at or within 20 metres of junction,TOYOTA,YARIS SR,Petrol,Not known,,No tow/articulation,Nearside,0.0,Going ahead other,2.0,Car,No,Nearside,2007.0,Slight,Fine no high winds,Dry,Daylight,30.0,Urban,2007.0
2007940701310,36 - 45,7.0,Urban area,,899.0,,,Other/Not known (2005-10),Mid Junction - on roundabout or on main road,KAWASAKI,ZX900-E1,Petrol,Male,,No tow/articulation,Did not leave carriageway,0.0,Turning left,1.0,Motorcycle over 500cc,No,Offside,2007.0,Serious,Fine no high winds,Dry,Daylight,30.0,Rural,2007.0
2006130171806,Data missing or out of range,,Data missing or out of range,,4100.0,,,Other/Not known (2005-10),Mid Junction - on roundabout or on main road,LAND ROVER,,Heavy oil,Not known,,No tow/articulation,Did not leave carriageway,0.0,Going ahead other,1.0,Car,No,Nearside,2006.0,Slight,Fine no high winds,Dry,Daylight,30.0,Urban,2006.0
200630C000595,16 - 20,8.0,Urban area,1.0,1149.0,,,Other/Not known (2005-10),Entering main road,RENAULT,CLIO BIARRITZ,Petrol,Male,Skidded and overturned,No tow/articulation,Did not leave carriageway,0.0,Turning right,1.0,Car,No,Front,2006.0,Serious,Fine no high winds,Dry,Darkness - lights lit,60.0,Urban,2006.0
2004070406051,21 - 25,,Urban area,1.0,1796.0,,,Data missing or out of range,Data missing or out of range,MERCEDES,C180 KOMP. CLASSIC SE A,Petrol,Male,,No tow/articulation,Did not leave carriageway,0.0,Going ahead other,3.0,109,Data missing or out of range,Back,2004.0,,,,,,,
200520D374401,36 - 45,6.0,Urban area,1.0,11967.0,,,Journey as part of work,Entering roundabout,MERCEDES,,Heavy oil,Male,,No tow/articulation,Did not leave carriageway,0.0,Turning left,1.0,Bus or coach (17 or more pass seats),No,Nearside,2005.0,Slight,Fine no high winds,Wet or damp,Darkness - lights lit,30.0,Urban,2005.0
200720M065403,26 - 35,1.0,Urban area,,1560.0,,,Other/Not known (2005-10),Approaching junction or waiting/parked at junction approach,PEUGEOT,307 SPORT HDI,Heavy oil,Female,,No tow/articulation,Did not leave carriageway,0.0,Slowing or stopping,2.0,Car,No,Back,2007.0,Slight,Fine no high winds,Dry,Daylight,50.0,Rural,2007.0
2005100863805,46 - 55,6.0,Rural,4.0,1796.0,,Other permanent object,Other/Not known (2005-10),Approaching junction or waiting/parked at junction approach,VAUXHALL,VECTRA SXI 16V,Petrol,Female,,No tow/articulation,Offside,0.0,Overtaking moving vehicle - offside,1.0,Car,No,Front,2005.0,Slight,Fine no high winds,Dry,Daylight,60.0,Rural,2005.0
2004070402768,21 - 25,7.0,Urban area,10.0,1341.0,Kerb,,Data missing or out of range,Data missing or out of range,HYUNDAI,ACCENT COUPE SI,Petrol,Female,,No tow/articulation,Nearside,0.0,Going ahead other,2.0,109,Data missing or out of range,Did not impact,2004.0,,,,,,,
200701LX50502,16 - 20,10.0,Urban area,4.0,1595.0,,,Other/Not known (2005-10),Mid Junction - on roundabout or on main road,AUDI,A3 1.6,Petrol,Female,,No tow/articulation,Did not leave carriageway,0.0,Turning left,1.0,Car,No,Front,2007.0,Slight,Fine no high winds,Dry,Daylight,30.0,Urban,2007.0
2006520044041,Over 75,12.0,Rural,6.0,,,,Journey as part of work,Mid Junction - on roundabout or on main road,CASE IH,,Heavy oil,Male,,Single trailer,Did not leave carriageway,0.0,Moving off,2.0,Agricultural vehicle,No,Offside,2006.0,Fatal,Fine no high winds,Dry,Daylight,60.0,Rural,2006.0
200606J053204,21 - 25,3.0,Urban area,1.0,8268.0,,,Other/Not known (2005-10),Not at or within 20 metres of junction,DENNIS,,Heavy oil,Male,,No tow/articulation,Did not leave carriageway,0.0,Going ahead other,1.0,Bus or coach (17 or more pass seats),No,Did not impact,2006.0,Slight,Fine no high winds,Dry,Daylight,30.0,Urban,2006.0
200805AA26812,21 - 25,,Data missing or out of range,,,,,Other/Not known (2005-10),Not at or within 20 metres of junction,FORD,TRAN CONNECT L 200 TD SWB,,Male,,No tow/articulation,Did not leave carriageway,0.0,Going ahead other,1.0,Car,No,Nearside,2008.0,Slight,Fine no high winds,Dry,Daylight,30.0,Urban,2008.0
200601JI40774,36 - 45,5.0,Urban area,4.0,1598.0,,,Other/Not known (2005-10),Not at or within 20 metres of junction,RENAULT,MEGANE CLASSIC RXE,Petrol,Female,,No tow/articulation,Did not leave carriageway,0.0,Going ahead left-hand bend,1.0,Car,No,Front,2006.0,Slight,Fine no high winds,Dry,Daylight,50.0,Urban,2006.0
2006230695006,21 - 25,7.0,Urban area,9.0,11705.0,,Entered ditch,Journey as part of work,Not at or within 20 metres of junction,SCANIA,,Heavy oil,Male,Jackknifed,Articulated vehicle,Offside,0.0,Going ahead other,1.0,Goods 7.5 tonnes mgw and over,No,Front,2006.0,Slight,Fine no high winds,Wet or damp,Darkness - no lighting,60.0,Rural,2006.0
2007120480489,46 - 55,1.0,Urban area,8.0,1794.0,,,Other/Not known (2005-10),Approaching junction or waiting/parked at junction approach,TOYOTA,MR2 ROADSTER VVTI,Petrol,Female,,No tow/articulation,Did not leave carriageway,0.0,Turning right,1.0,Car,No,Front,2007.0,Slight,Fine no high winds,Dry,Darkness - lights lit,30.0,Urban,2007.0
200806L005450,36 - 45,8.0,Urban area,7.0,1870.0,,,Other/Not known (2005-10),Approaching junction or waiting/parked at junction approach,RENAULT,CLIO SI DTI,Heavy oil,Female,,No tow/articulation,Did not leave carriageway,0.0,Waiting to turn right,2.0,Car,No,Back,2008.0,Slight,Fine no high winds,Wet or damp,Darkness - lights lit,30.0,Rural,2008.0
2006070604439,36 - 45,1.0,Urban area,5.0,10518.0,,,Journey as part of work,Not at or within 20 metres of junction,MAN,,Heavy oil,Male,Skidded,No tow/articulation,Did not leave carriageway,0.0,Going ahead left-hand bend,1.0,Goods 7.5 tonnes mgw and over,No,Offside,2006.0,Slight,Fog or mist,Wet or damp,Daylight,50.0,Rural,2006.0
2004230496857,21 - 25,12.0,Data missing or out of range,,1796.0,,,Data missing or out of range,Data missing or out of range,FORD,ORION LX I,Petrol,Male,Skidded,No tow/articulation,Did not leave carriageway,0.0,Going ahead left-hand bend,1.0,109,Data missing or out of range,Front,2004.0,,,,,,,
200430C000430,36 - 45,1.0,Rural,6.0,1997.0,,,Data missing or out of range,Data missing or out of range,PEUGEOT,,Heavy oil,Male,Skidded,No tow/articulation,Did not leave carriageway,0.0,Going ahead left-hand bend,2.0,108,Data missing or out of range,Front,2004.0,,,,,,,
2006600FL3047,16 - 20,1.0,Urban area,,998.0,,,Other/Not known (2005-10),Approaching junction or waiting/parked at junction approach,TOYOTA,YARIS T2,Petrol,Female,,No tow/articulation,Did not leave carriageway,0.0,Waiting to turn right,2.0,Car,No,Back,2006.0,Slight,Fine no high winds,Dry,Daylight,30.0,Rural,2006.0
2007440413040,56 - 65,4.0,Urban area,10.0,1328.0,,Other permanent object,Other/Not known (2005-10),Entering main road,SUZUKI,IGNIS GL,Petrol,Female,Skidded,No tow/articulation,Nearside,0.0,Turning right,1.0,Car,No,Front,2007.0,Slight,Fine no high winds,Dry,Daylight,30.0,Urban,2007.0
2004400D03006,36 - 45,,Urban area,5.0,1560.0,,,Data missing or out of range,Data missing or out of range,PEUGEOT,307 SW SE HDI,Heavy oil,Male,,No tow/articulation,Did not leave carriageway,0.0,Waiting to go - held up,2.0,109,Data missing or out of range,Back,2004.0,,,,,,,
200745EL13805,36 - 45,3.0,Urban area,10.0,1896.0,,,Other/Not known (2005-10),Approaching junction or waiting/parked at junction approach,VOLKSWAGEN,SHARAN CARAT TDI PD,Heavy oil,Male,Skidded,No tow/articulation,Did not leave carriageway,0.0,Going ahead other,2.0,Car,No,Back,2007.0,Serious,Fine no high winds,Dry,Daylight,30.0,Urban,2007.0
2004120300106,26 - 35,5.0,Data missing or out of range,,1868.0,,,Data missing or out of range,Data missing or out of range,PEUGEOT,306 LX D,Heavy oil,Male,,No tow/articulation,Did not leave carriageway,0.0,Going ahead other,2.0,109,Data missing or out of range,Front,2004.0,,,,,,,
2006470609710,Data missing or out of range,10.0,Urban area,3.0,1289.0,,,Other/Not known (2005-10),Approaching junction or waiting/parked at junction approach,SKODA,FELICIA LXI PLUS,Petrol,Female,,No tow/articulation,Did not leave carriageway,0.0,Waiting to go - held up,1.0,Car,No,Front,2006.0,Slight,Fine no high winds,Dry,Daylight,30.0,Urban,2006.0
2005360033060,66 - 75,3.0,Rural,5.0,1794.0,,,Other/Not known (2005-10),Leaving main road,TOYOTA,AVENSIS VERMONT VVTI,Petrol,Male,,No tow/articulation,Did not leave carriageway,0.0,Turning right,1.0,Car,No,Nearside,2005.0,Slight,Fine no high winds,Dry,Daylight,40.0,Rural,2005.0
200611AK20950,36 - 45,9.0,Rural,4.0,1527.0,,,Other/Not known (2005-10),Leaving main road,CITROEN,SAXO XD,Heavy oil,Male,,No tow/articulation,Did not leave carriageway,0.0,Turning right,1.0,Car,No,Nearside,2006.0,Slight,Fine no high winds,Dry,Daylight,30.0,Urban,2006.0
200406P905374,56 - 65,,Urban area,3.0,1242.0,,,Data missing or out of range,Data missing or out of range,FIAT,PUNTO ACTIVE 8V,Petrol,Male,,No tow/articulation,Did not leave carriageway,0.0,Waiting to turn right,2.0,109,Data missing or out of range,Back,2004.0,,,,,,,
200506B037192,Data missing or out of range,,Data missing or out of range,,1149.0,,,Other/Not known (2005-10),Not at or within 20 metres of junction,RENAULT,CLIO EXTREME 3 16V,Petrol,Not known,,No tow/articulation,Did not leave carriageway,0.0,Going ahead other,1.0,Car,No,Front,2005.0,Serious,Raining no high winds,Wet or damp,Darkness - lights lit,30.0,Urban,2005.0
2006121990146,46 - 55,1.0,Data missing or out of range,,1339.0,,,Commuting to/from work,Approaching junction or waiting/parked at junction approach,HONDA,JAZZ SE,Petrol,Female,,No tow/articulation,Did not leave carriageway,0.0,Going ahead other,2.0,Car,No,Back,2006.0,Slight,Fine no high winds,Dry,Daylight,30.0,Rural,2006.0
2007520713378,16 - 20,11.0,Urban area,2.0,1300.0,,,Other/Not known (2005-10),Approaching junction or waiting/parked at junction approach,TOYOTA,,Petrol,Male,,No tow/articulation,Did not leave carriageway,0.0,Going ahead other,1.0,Car,No,Front,2007.0,Slight,Fine no high winds,Dry,Darkness - lights lit,30.0,Urban,2007.0
200745SU15870,36 - 45,,Urban area,10.0,1997.0,,,Other/Not known (2005-10),Entering roundabout,PEUGEOT,407 SW SE HDI,Heavy oil,Male,,No tow/articulation,Did not leave carriageway,0.0,Moving off,1.0,Car,No,Front,2007.0,Serious,Fine no high winds,Wet or damp,Daylight,60.0,Urban,2007.0
200801MM70134,Data missing or out of range,5.0,Data missing or out of range,,1399.0,,,Other/Not known (2005-10),Entering main road,DAEWOO,KALOS SX 16V,Petrol,Female,,No tow/articulation,Did not leave carriageway,0.0,Moving off,2.0,Car,No,Front,2008.0,Serious,Fine no high winds,Dry,Darkness - lights lit,30.0,Urban,2008.0
2004030002692,16 - 20,,Rural,5.0,,,,Data missing or out of range,Data missing or out of range,SYM,CITY HOPPER,,Male,,No tow/articulation,Did not leave carriageway,0.0,Going ahead other,2.0,Motorcycle 50cc and under,Data missing or out of range,Front,2004.0,,,,,,,
20044200C0435,26 - 35,,Urban area,4.0,1870.0,,Tree,Data missing or out of range,Data missing or out of range,VAUXHALL,VIVARO 2700 DTI SWB,Heavy oil,Male,Skidded,No tow/articulation,Offside,0.0,Going ahead other,1.0,Van / Goods 3.5 tonnes mgw or under,Data missing or out of range,Front,2004.0,,,,,,,
200745WA04245,21 - 25,10.0,Urban area,9.0,1149.0,,,Commuting to/from work,Not at or within 20 metres of junction,RENAULT,CLIO RN PROVENCE 1.2,Petrol,Female,Skidded,No tow/articulation,Did not leave carriageway,0.0,Going ahead other,3.0,Car,No,Front,2007.0,Serious,Fine no high winds,Dry,Daylight,50.0,Urban,2007.0
200714C075007,16 - 20,10.0,Small town,1.0,124.0,,Other permanent object,Journey as part of work,Cleared junction or waiting/parked at junction exit,PIAGGIO,T5 125,Petrol,Male,Skidded,No tow/articulation,Nearside,0.0,Slowing or stopping,1.0,Motorcycle 125cc and under,No,Offside,2007.0,Serious,Raining no high winds,Wet or damp,Daylight,30.0,Urban,2007.0
200497LA02111,21 - 25,3.0,Urban area,,1998.0,,,Data missing or out of range,Data missing or out of range,FORD,TRANSIT 280 SWB TD,Heavy oil,Male,,No tow/articulation,Did not leave carriageway,0.0,Going ahead other,2.0,Van / Goods 3.5 tonnes mgw or under,Data missing or out of range,Front,2004.0,,,,,,,
200737G023955,46 - 55,13.0,Urban area,1.0,1598.0,,,Other/Not known (2005-10),Not at or within 20 metres of junction,SEAT,CORDOBA CLX,Petrol,Male,,No tow/articulation,Did not leave carriageway,8.0,U-turn,1.0,Car,No,Nearside,2007.0,Slight,Fine no high winds,Wet or damp,Darkness - lights lit,30.0,Urban,2007.0
2007470704833,26 - 35,13.0,Data missing or out of range,,2497.0,,,Other/Not known (2005-10),Entering main road,MAZDA,626 GT ABS,Petrol,Male,,No tow/articulation,Did not leave carriageway,0.0,Going ahead other,1.0,Car,No,Front,2007.0,Slight,Fine no high winds,Dry,Darkness - lights lit,30.0,Urban,2007.0
200742I534112,36 - 45,4.0,Data missing or out of range,,10824.0,,,Journey as part of work,Mid Junction - on roundabout or on main road,ERF,,Heavy oil,Male,,Articulated vehicle,Did not leave carriageway,0.0,Going ahead other,2.0,Goods 7.5 tonnes mgw and over,No,Nearside,2007.0,Serious,Fine no high winds,Dry,Darkness - no lighting,50.0,Rural,2007.0
2007360041216,26 - 35,,Rural,8.0,1998.0,,Road sign or traffic signal,Commuting to/from work,Mid Junction - on roundabout or on main road,VOLVO,V50 SPORT D (E4),Heavy oil,Male,,No tow/articulation,Nearside,0.0,Going ahead other,2.0,Car,No,Front,2007.0,Serious,Fine no high winds,Dry,Daylight,70.0,Rural,2007.0
200406J015468,21 - 25,8.0,Urban area,3.0,1970.0,Parked vehicle,Lamp post,Data missing or out of range,Data missing or out of range,ALFA ROMEO,GTV T SPARK 16V,Petrol,Male,Skidded,No tow/articulation,Offside and rebounded,0.0,Going ahead other,1.0,109,Data missing or out of range,Nearside,2004.0,,,,,,,
200701ZD64107,16 - 20,9.0,Urban area,2.0,1242.0,,,Other/Not known (2005-10),Not at or within 20 metres of junction,FIAT,PUNTO SX 60,Petrol,Male,Skidded and overturned,No tow/articulation,Nearside,0.0,Reversing,1.0,Car,No,Nearside,2007.0,Serious,Fine no high winds,Dry,Daylight,30.0,Urban,2007.0
200805BB27910,16 - 20,4.0,Urban area,9.0,998.0,,,Other/Not known (2005-10),Not at or within 20 metres of junction,VAUXHALL,CORSA DESIGN TWINPORT,Petrol,Male,,No tow/articulation,Did not leave carriageway,0.0,Parked,2.0,Car,No,Offside,2008.0,Slight,Fine no high winds,Dry,Darkness - lights lit,30.0,Urban,2008.0
200606L042581,21 - 25,7.0,Data missing or out of range,,1389.0,Kerb,,Commuting to/from work,Not at or within 20 metres of junction,VAUXHALL,TIGRA CHEQUERS,Petrol,Male,,No tow/articulation,Nearside,0.0,Going ahead other,2.0,Car,No,Front,2006.0,Slight,Fine no high winds,Wet or damp,Daylight,30.0,Urban,2006.0
2005100844705,26 - 35,,Urban area,8.0,1149.0,,,Other/Not known (2005-10),Not at or within 20 metres of junction,RENAULT,CLIO DYNAMIQUE 16V,Petrol,Female,,No tow/articulation,Did not leave carriageway,0.0,Going ahead other,1.0,Car,No,Front,2005.0,Slight,Fine no high winds,Dry,Daylight,60.0,Rural,2005.0
2007170S11867,26 - 35,,Data missing or out of range,,,Kerb,,Other/Not known (2005-10),Not at or within 20 metres of junction,IVECO,DAILY 35C13 LWB,,Male,,No tow/articulation,Did not leave carriageway,0.0,Going ahead other,1.0,Motorcycle 50cc and under,No,Front,2007.0,Serious,Fine no high winds,Dry,Daylight,60.0,Rural,2007.0
200750D21G751,66 - 75,9.0,Urban area,10.0,1598.0,,,Data missing or out of range,Not at or within 20 metres of junction,RENAULT,CLIO RXE,Petrol,Female,,No tow/articulation,Did not leave carriageway,0.0,Turning right,1.0,Car,No,Front,2007.0,Slight,Fine no high winds,Wet or damp,Daylight,30.0,Urban,2007.0
2005470506241,16 - 20,1.0,Urban area,7.0,1149.0,,Near/Offside crash barrier,Other/Not known (2005-10),Not at or within 20 metres of junction,RENAULT,CLIO EXTREME 3 16V,Petrol,Male,Skidded,No tow/articulation,Nearside,0.0,Going ahead right-hand bend,1.0,Car,No,Front,2005.0,Slight,Fine no high winds,Dry,Darkness - no lighting,70.0,Urban,2005.0
200743P209077,36 - 45,1.0,Urban area,2.0,1364.0,,,Taking pupil to/from school,Not at or within 20 metres of junction,VAUXHALL,CORSA SXI+,Petrol,Female,,No tow/articulation,Did not leave carriageway,0.0,Going ahead other,1.0,Car,No,Front,2007.0,Slight,Fine no high winds,Wet or damp,Daylight,30.0,Rural,2007.0
200420G023202,21 - 25,,Urban area,3.0,,,,Data missing or out of range,Data missing or out of range,ROVER,45 IL 16V,,Male,,No tow/articulation,Offside,0.0,Going ahead other,2.0,108,Data missing or out of range,Front,2004.0,,,,,,,
200550D21C376,26 - 35,7.0,Rural,6.0,1597.0,,,Data missing or out of range,Mid Junction - on roundabout or on main road,FORD,ESCORT FINESSE 16V,Petrol,Male,,No tow/articulation,Did not leave carriageway,0.0,Going ahead other,1.0,Car,No,Front,2005.0,Slight,Raining no high winds,Wet or damp,Daylight,30.0,Urban,2005.0
200701LX50739,Data missing or out of range,2.0,Data missing or out of range,,7300.0,,,Journey as part of work,Mid Junction - on roundabout or on main road,VOLVO,,Heavy oil,Male,,No tow/articulation,Did not leave carriageway,0.0,Going ahead other,2.0,Bus or coach (17 or more pass seats),No,Front,2007.0,Slight,Fine no high winds,Dry,Daylight,30.0,Urban,2007.0
200463DP30804,46 - 55,7.0,Urban area,,2495.0,,,Data missing or out of range,Data missing or out of range,LAND ROVER,DISCOVERY ES TDI AUTO,Heavy oil,Female,Overturned,No tow/articulation,Did not leave carriageway,0.0,Going ahead left-hand bend,1.0,109,Data missing or out of range,Offside,2004.0,,,,,,,
200522DB46913,26 - 35,9.0,Urban area,2.0,918.0,,Road sign or traffic signal,Other/Not known (2005-10),Not at or within 20 metres of junction,HONDA,,Petrol,Male,,No tow/articulation,Offside - crossed central reservation,0.0,Going ahead left-hand bend,1.0,Motorcycle over 500cc,No,Front,2005.0,Fatal,Fine no high winds,Dry,Daylight,40.0,Urban,2005.0
200401WW00101,36 - 45,4.0,Urban area,4.0,1800.0,,,Data missing or out of range,Data missing or out of range,VOLKSWAGEN,PASSAT S 20V,Petrol,Male,,No tow/articulation,Did not leave carriageway,0.0,Going ahead other,1.0,109,Data missing or out of range,Data missing or out of range,2004.0,,,,,,,
20044100D0003,36 - 45,9.0,Urban area,9.0,1796.0,,,Data missing or out of range,Data missing or out of range,BMW,518 I,Petrol,Male,,No tow/articulation,Did not leave carriageway,0.0,Waiting to turn right,2.0,109,Data missing or out of range,Back,2004.0,,,,,,,