Accident_Index,Age_Band_of_Driver,Age_of_Vehicle,Driver_Home_Area_Type,Driver_IMD_Decile,Engine_Capacity_.CC.,Hit_Object_in_Carriageway,Hit_Object_off_Carriageway,Journey_Purpose_of_Driver,Junction_Location,make,model,Propulsion_Code,Sex_of_Driver,Skidding_and_Overturning,Towing_and_Articulation,Vehicle_Leaving_Carriageway,Vehicle_Location.Restricted_Lane,Vehicle_Manoeuvre,Vehicle_Reference,Vehicle_Type,Was_Vehicle_Left_Hand_Drive,X1st_Point_of_Impact,Year_x,Severity_Label,Weather_Conditions,Road_Surface_Conditions,Light_Conditions,Speed_limit,Urban_or_Rural_Area,Year_y
2004440AA0019,36 - 45,13.0,Urban area,4.0,1721.0,,,Data missing or out of range,Data missing or out of range,RENAULT,21 SAVANNA GTS,Petrol,Male,,No tow/articulation,Did not leave carriageway,0.0,Going ahead other,2.0,109,Data missing or out of range,Nearside,2004.0,,,,,,,
200506K040589,Data missing or out of range,3.0,Data missing or out of range,,1598.0,,,Other/Not known (2005-10),Not at or within 20 metres of junction,ALFA ROMEO,,Petrol,Male,,No tow/articulation,Did not leave carriageway,0.0,Going ahead other,1.0,Car,No,Front,2005.0,Slight,Fine no high winds,Dry,Daylight,40.0,Rural,2005.0
200437B019490,36 - 45,,Urban area,6.0,,,,Data missing or out of range,Data missing or out of range,DODGE,,,Female,,No tow/articulation,Did not leave carriageway,0.0,Going ahead other,3.0,109,Data missing or out of range,Back,2004.0,,,,,,,
200704BC07174,46 - 55,8.0,Urban area,6.0,4250.0,,,Journey as part of work,Mid Junction - on roundabout or on main road,MERCEDES,,Heavy oil,Male,,No tow/articulation,Did not leave carriageway,0.0,Going ahead other,1.0,Bus or coach (17 or more pass seats),No,Front,2007.0,Slight,Fine no high winds,Dry,Daylight,30.0,Urban,2007.0
200801SX20922,36 - 45,1.0,Urban area,6.0,125.0,,,Other/Not known (2005-10),Mid Junction - on roundabout or on main road,HONDA,VT 125 C-6,Petrol,Male,,No tow/articulation,Did not leave carriageway,0.0,Going ahead other,2.0,Motorcycle over 125cc and up to 500cc,No,Offside,2008.0,Slight,Fine no high winds,Dry,Darkness - lights lit,30.0,Rural,2008.0
200447K173169,16 - 20,11.0,Urban area,2.0,1119.0,,,Data missing or out of range,Data missing or out of range,FORD,FIESTA I,Petrol,Female,,No tow/articulation,Did not leave carriageway,0.0,Reversing,1.0,109,Data missing or out of range,Offside,2004.0,,,,,,,
200520L181901,26 - 35,3.0,Urban area,,1747.0,,,Other/Not known (2005-10),Not at or within 20 metres of junction,ALFA ROMEO,156 T.SPARK VELOCE,Petrol,Male,,No tow/articulation,Did not leave carriageway,0.0,Parked,2.0,Car,No,Back,2005.0,Slight,Fine no high winds,Dry,Daylight,30.0,Urban,2005.0
200754DE15807,36 - 45,5.0,Urban area,8.0,12000.0,,,Journey as part of work,Not at or within 20 metres of junction,VOLVO,,Heavy oil,Male,,No tow/articulation,Did not leave carriageway,0.0,Going ahead other,2.0,Bus or coach (17 or more pass seats),No,Offside,2007.0,Slight,Raining no high winds,Wet or damp,Daylight,40.0,Urban,2007.0
200601PY20399,Data missing or out of range,13.0,Data missing or out of range,,1796.0,,,Other/Not known (2005-10),Mid Junction - on roundabout or on main road,VAUXHALL,CAVALIER LS AUTO,Petrol,Male,,No tow/articulation,Did not leave carriageway,0.0,Going ahead other,3.0,Car,No,Front,2006.0,Slight,Fine no high winds,Wet or damp,Daylight,30.0,Urban,2006.0
2005130283205,36 - 45,7.0,Small town,5.0,1370.0,Kerb,Other permanent object,Other/Not known (2005-10),Not at or within 20 metres of junction,FIAT,BRAVA 1.4 S,Petrol,Male,Overturned,No tow/articulation,Nearside,0.0,Going ahead right-hand bend,1.0,Car,No,Nearside,2005.0,Slight,Fine no high winds,Dry,Daylight,60.0,Rural,2005.0
2006470610635,36 - 45,,Urban area,3.0,,,,Journey as part of work,Approaching junction or waiting/parked at junction approach,FIAT,PUNTO VAN JTD,,Female,,No tow/articulation,Did not leave carriageway,0.0,Going ahead other,1.0,Goods over 3.5t. and under 7.5t,No,Front,2006.0,Slight,Raining + high winds,Wet or damp,Daylight,30.0,Urban,2006.0
200714G077207,36 - 45,7.0,Urban area,3.0,1700.0,,,Other/Not known (2005-10),Mid Junction - on roundabout or on main road,VAUXHALL,,Heavy oil,Male,,No tow/articulation,Nearside,0.0,Turning right,1.0,Car,No,Nearside,2007.0,Slight,Fine no high winds,Dry,Daylight,40.0,Urban,2007.0
200501VW40335,36 - 45,5.0,Urban area,,3908.0,,,Journey as part of work,Not at or within 20 metres of junction,IVECO-FORD,,Heavy oil,Male,,No tow/articulation,Did not leave carriageway,0.0,Slowing or stopping,1.0,Goods over 3.5t. and under 7.5t,No,Offside,2005.0,Slight,Fine no high winds,Dry,Daylight,30.0,Urban,2005.0
200605CC05812,46 - 55,1.0,Rural,5.0,2402.0,,,Other/Not known (2005-10),Approaching junction or waiting/parked at junction approach,FORD,,Heavy oil,Male,,No tow/articulation,Did not leave carriageway,0.0,Going ahead other,1.0,Van / Goods 3.5 tonnes mgw or under,No,Front,2006.0,Slight,Fine no high winds,Dry,Darkness - lights lit,30.0,Rural,2006.0
200401RG40137,36 - 45,14.0,Urban area,1.0,1000.0,,,Data missing or out of range,Data missing or out of range,KAWASAKI,,Petrol,Male,,No tow/articulation,Did not leave carriageway,0.0,Turning left,1.0,106,Data missing or out of range,Did not impact,2004.0,,,,,,,
2005350654605,46 - 55,10.0,Urban area,2.0,1998.0,,,Other/Not known (2005-10),Not at or within 20 metres of junction,KIA,SPORTAGE GLX,Petrol,Male,,No tow/articulation,Did not leave carriageway,0.0,Slowing or stopping,2.0,Car,No,Back,2005.0,Slight,Fine no high winds,Wet or damp,Darkness - lights lit,50.0,Urban,2005.0
200446MA91160,16 - 20,,Rural,10.0,1390.0,,,Data missing or out of range,Data missing or out of range,VOLKSWAGEN,GOLF MATCH,Petrol,Male,,No tow/articulation,Did not leave carriageway,0.0,Turning right,1.0,109,Data missing or out of range,Front,2004.0,,,,,,,
200404D023804,21 - 25,4.0,Urban area,5.0,1998.0,,,Data missing or out of range,Data missing or out of range,VAUXHALL,VECTRA SRI 140,Petrol,Male,Skidded,No tow/articulation,Nearside,0.0,Going ahead other,1.0,109,Data missing or out of range,Offside,2004.0,,,,,,,
200437B020786,46 - 55,8.0,Data missing or out of range,,1700.0,,,Data missing or out of range,Data missing or out of range,VAUXHALL,ASTRA LS 1.7D TURBO,Heavy oil,Male,Skidded,No tow/articulation,Did not leave carriageway,0.0,Going ahead left-hand bend,1.0,109,Data missing or out of range,Front,2004.0,,,,,,,
200520M501303,46 - 55,4.0,Urban area,6.0,1769.0,,,Journey as part of work,Not at or within 20 metres of junction,CITROEN,C15 DIESEL,Heavy oil,Male,,No tow/articulation,Did not leave carriageway,0.0,Waiting to go - held up,2.0,Van / Goods 3.5 tonnes mgw or under,No,Back,2005.0,Slight,Fine no high winds,Dry,Daylight,40.0,Rural,2005.0
200606B060410,16 - 20,8.0,Urban area,6.0,1389.0,,,Other/Not known (2005-10),Entering from slip road,VAUXHALL,CORSA BREEZE HI-TORQ,Petrol,Male,Skidded,No tow/articulation,Did not leave carriageway,0.0,Going ahead other,1.0,Car,No,Front,2006.0,Serious,Fine no high winds,Dry,Darkness - lights lit,30.0,Urban,2006.0
200501XS00084,36 - 45,7.0,Urban area,10.0,885.0,,,Other/Not known (2005-10),Not at or within 20 metres of junction,TRIUMPH,T509 SPEED TRIPLE,Petrol,Male,,No tow/articulation,Did not leave carriageway,0.0,Going ahead other,1.0,Motorcycle over 500cc,No,Nearside,2005.0,Slight,Fine no high winds,Dry,Daylight,30.0,Urban,2005.0
2005122780670,56 - 65,4.0,Urban area,10.0,2151.0,,,Other/Not known (2005-10),Entering from slip road,MERCEDES,V220 CDI AMBIENTE AUTO,Heavy oil,Male,,No tow/articulation,Nearside,0.0,Turning left,1.0,Car,No,Back,2005.0,Serious,Fine no high winds,Wet or damp,Darkness - lights lit,60.0,Rural,2005.0
2006216424425,46 - 55,2.0,Urban area,9.0,1997.0,,,Other/Not known (2005-10),Entering roundabout,PEUGEOT,407 SV HDI,Heavy oil,Male,,No tow/articulation,Did not leave carriageway,0.0,Slowing or stopping,1.0,Car,No,Offside,2006.0,Slight,Fine no high winds,Dry,Daylight,30.0,Rural,2006.0
200497LB11205,36 - 45,5.0,Data missing or out of range,,1994.0,,,Data missing or out of range,Data missing or out of range,SUBARU,IMPREZA TURBO 2000 AWD RB5,Petrol,Female,,No tow/articulation,Did not leave carriageway,0.0,Waiting to turn left,2.0,109,Data missing or out of range,Back,2004.0,,,,,,,
2004122490588,26 - 35,3.0,Urban area,9.0,1995.0,,,Data missing or out of range,Data missing or out of range,TOYOTA,AVENSIS VERMONT D4-D,Heavy oil,Male,Skidded,No tow/articulation,Did not leave carriageway,0.0,Going ahead other,1.0,109,Data missing or out of range,Front,2004.0,,,,,,,
2005460118008,26 - 35,8.0,Urban area,7.0,1796.0,,,Other/Not known (2005-10),Not at or within 20 metres of junction,FORD,MONDEO VERONA,Petrol,Male,,No tow/articulation,Did not leave carriageway,0.0,Going ahead other,2.0,Car,No,Front,2005.0,Slight,Raining no high winds,Wet or damp,Darkness - no lighting,40.0,Urban,2005.0
200542E040809,16 - 20,2.0,Rural,7.0,1149.0,,Entered ditch,Other/Not known (2005-10),Not at or within 20 metres of junction,RENAULT,CLIO DYNAM BILLABONG 16V,Petrol,Male,Skidded and overturned,No tow/articulation,Offside,0.0,Going ahead right-hand bend,1.0,Car,No,Offside,2005.0,Slight,Fine no high winds,Dry,Darkness - no lighting,60.0,Rural,2005.0
200604AX06121,66 - 75,9.0,Urban area,5.0,1391.0,,,Other/Not known (2005-10),Mid Junction - on roundabout or on main road,SEAT,CORDOBA SE,Petrol,Male,,No tow/articulation,Did not leave carriageway,0.0,Going ahead other,1.0,Car,No,Front,2006.0,Serious,Fine no high winds,Dry,Darkness - lights lit,30.0,Urban,2006.0
2005230596595,46 - 55,6.0,Rural,,1900.0,Bollard or refuge,,Journey as part of work,Approaching junction or waiting/parked at junction approach,VOLKSWAGEN,PASSAT SE TDI AUTO,Heavy oil,Male,,No tow/articulation,Did not leave carriageway,0.0,Going ahead other,1.0,Car,No,Nearside,2005.0,Slight,Fine no high winds,Wet or damp,Darkness - lights lit,30.0,Urban,2005.0
2004030004247,26 - 35,3.0,Urban area,9.0,1360.0,,,Data missing or out of range,Data missing or out of range,PEUGEOT,307 LX,Petrol,Female,Skidded,No tow/articulation,Did not leave carriageway,0.0,Waiting to turn right,2.0,109,Data missing or out of range,Back,2004.0,,,,,,,
2004130055504,46 - 55,6.0,Urban area,1.0,9600.0,,,Data missing or out of range,Data missing or out of range,VOLVO,,Heavy oil,Male,,No tow/articulation,Did not leave carriageway,0.0,Going ahead other,1.0,Bus or coach (17 or more pass seats),Data missing or out of range,Front,2004.0,,,,,,,
200801CW10320,56 - 65,4.0,Urban area,5.0,1781.0,,,Other/Not known (2005-10),Mid Junction - on roundabout or on main road,AUDI,A4 T AUTO,Petrol,Female,,No tow/articulation,Did not leave carriageway,0.0,Going ahead other,2.0,Car,No,Front,2008.0,Serious,Fine no high winds,Dry,Daylight,30.0,Urban,2008.0
20074100A0325,36 - 45,5.0,Urban area,10.0,1997.0,,,Commuting to/from work,Not at or within 20 metres of junction,CITROEN,XSARA PICASSO HDI EXCLUSIVE,Heavy oil,Male,,No tow/articulation,Did not leave carriageway,0.0,Going ahead other,1.0,Car,No,Nearside,2007.0,Serious,Fine no high winds,Dry,Darkness - no lighting,70.0,Rural,2007.0
200454CT04204,26 - 35,5.0,Rural,6.0,1124.0,,,Data missing or out of range,Data missing or out of range,CITROEN,SAXO STATESIDE,Petrol,Female,,No tow/articulation,Did not leave carriageway,0.0,Going ahead other,1.0,109,Data missing or out of range,Front,2004.0,,,,,,,
200601XD80347,36 - 45,12.0,Urban area,8.0,2435.0,,,Other/Not known (2005-10),Not at or within 20 metres of junction,VOLVO,850 SE AUTO,Petrol,Female,,No tow/articulation,Did not leave carriageway,0.0,Waiting to go - held up,1.0,Car,No,Back,2006.0,Slight,Fine no high winds,Dry,Daylight,30.0,Urban,2006.0
2007400D03680,46 - 55,14.0,Urban area,4.0,3972.0,,,Other/Not known (2005-10),Mid Junction - on roundabout or on main road,MERCEDES,,Heavy oil,Male,,No tow/articulation,Did not leave carriageway,0.0,Going ahead other,2.0,Bus or coach (17 or more pass seats),No,Front,2007.0,Slight,Fine no high winds,Dry,Darkness - no lighting,60.0,Rural,2007.0
200720F101201,36 - 45,,Urban area,,,,,Journey as part of work,Cleared junction or waiting/parked at junction exit,FORD,TOURNEO 280 SWB,,Male,,No tow/articulation,Did not leave carriageway,0.0,Overtaking moving vehicle - offside,1.0,Van / Goods 3.5 tonnes mgw or under,No,Nearside,2007.0,Slight,Fine no high winds,Dry,Darkness - lights lit,30.0,Urban,2007.0
200620F116303,26 - 35,1.0,Urban area,5.0,1596.0,,,Other/Not known (2005-10),Cleared junction or waiting/parked at junction exit,FORD,FOCUS FLIGHT,Petrol,Male,,No tow/articulation,Did not leave carriageway,0.0,Waiting to go - held up,2.0,Car,No,Back,2006.0,Slight,Fine no high winds,Dry,Daylight,40.0,Urban,2006.0
200720L147201,26 - 35,6.0,Data missing or out of range,,5439.0,,Lamp post,Other/Not known (2005-10),Cleared junction or waiting/parked at junction exit,MERCEDES,CL55 AMG AUTO,Petrol,Male,Skidded,No tow/articulation,Nearside,0.0,Overtaking moving vehicle - offside,1.0,Car,No,Nearside,2007.0,Serious,Fine no high winds,Wet or damp,Darkness - lights lit,40.0,Rural,2007.0
2005440793110,Data missing or out of range,,Data missing or out of range,,10824.0,,,Journey as part of work,Mid Junction - on roundabout or on main road,ERF,,Heavy oil,Male,,No tow/articulation,Did not leave carriageway,0.0,Changing lane to left,2.0,Van / Goods 3.5 tonnes mgw or under,No,Nearside,2005.0,Slight,Fine no high winds,Dry,Daylight,50.0,Urban,2005.0
200497NE03907,21 - 25,3.0,Urban area,,599.0,,,Data missing or out of range,Data missing or out of range,KAWASAKI,ZX600-J2,Petrol,Male,Skidded and overturned,No tow/articulation,Did not leave carriageway,0.0,Going ahead left-hand bend,2.0,106,Data missing or out of range,Offside,2004.0,,,,,,,
2005330507135,36 - 45,1.0,Urban area,1.0,1753.0,,,Commuting to/from work,Mid Junction - on roundabout or on main road,FORD,TRAN CONNECT L 200 TD SWB,Heavy oil,Male,Skidded,No tow/articulation,Did not leave carriageway,0.0,Going ahead other,1.0,Van / Goods 3.5 tonnes mgw or under,No,Front,2005.0,Slight,Fine no high winds,Dry,Daylight,30.0,Rural,2005.0
2006160C06080,36 - 45,8.0,Small town,10.0,1598.0,,,Other/Not known (2005-10),Mid Junction - on roundabout or on main road,RENAULT,MEGANE RT SPORT 1.6E,Petrol,Male,,No tow/articulation,Did not leave carriageway,0.0,Going ahead other,2.0,Car,No,Nearside,2006.0,Slight,Raining no high winds,Wet or damp,Daylight,60.0,Rural,2006.0
200806J095340,Data missing or out of range,,Data missing or out of range,,,,,Other/Not known (2005-10),Mid Junction - on roundabout or on main road,VAUXHALL,ASTRAVAN ENVOY CDTI,,Male,Skidded,No tow/articulation,Did not leave carriageway,0.0,Going ahead other,3.0,Other vehicle,No,Front,2008.0,Slight,Fine no high winds,Dry,Daylight,30.0,Urban,2008.0
20063102D1457,36 - 45,5.0,Urban area,9.0,2664.0,,,Journey as part of work,Mid Junction - on roundabout or on main road,LONDON TAXIS INT,TX1 BRONZE AUTO,Heavy oil,Male,,No tow/articulation,Did not leave carriageway,0.0,Overtaking - nearside,2.0,Taxi/Private hire car,No,Offside,2006.0,Slight,Fine no high winds,Dry,Daylight,30.0,Urban,2006.0
2007520707553,36 - 45,1.0,Rural,8.0,1753.0,,,Other/Not known (2005-10),Approaching junction or waiting/parked at junction approach,FORD,S-MAX ZETEC TDCI 6G,Heavy oil,Male,,No tow/articulation,Did not leave carriageway,0.0,Waiting to turn right,1.0,Car,No,Front,2007.0,Slight,Fine no high winds,Dry,Daylight,40.0,Urban,2007.0
200401HT00117,26 - 35,4.0,Urban area,5.0,8300.0,,,Data missing or out of range,Data missing or out of range,DENNIS,,Heavy oil,Male,,No tow/articulation,Did not leave carriageway,0.0,Moving off,1.0,Bus or coach (17 or more pass seats),Data missing or out of range,Did not impact,2004.0,,,,,,,
200401KO00146,Data missing or out of range,,Urban area,5.0,,,,Data missing or out of range,Data missing or out of range,FORD,FIESTA COURIER 50 TD,,Male,,No tow/articulation,Did not leave carriageway,0.0,Going ahead other,2.0,109,Data missing or out of range,Front,2004.0,,,,,,,
2006330609291,16 - 20,6.0,Data missing or out of range,,1242.0,,,Journey as part of work,Not at or within 20 metres of junction,FIAT,BRAVO 80 SX,Petrol,Male,Skidded and overturned,No tow/articulation,Did not leave carriageway,0.0,Going ahead left-hand bend,1.0,Car,No,Offside,2006.0,Slight,Fine no high winds,Wet or damp,Darkness - no lighting,60.0,Rural,2006.0
200730A000126,Data missing or out of range,10.0,Urban area,3.0,1998.0,,,Other/Not known (2005-10),Leaving main road,VAUXHALL,FRONTERA SPORT NIAGARA,Petrol,Male,,No tow/articulation,Did not leave carriageway,0.0,Turning left,2.0,Car,No,Front,2007.0,Slight,Unknown,Dry,Daylight,40.0,Rural,2007.0
2007131112507,26 - 35,6.0,Urban area,3.0,1796.0,,,Commuting to/from work,Not at or within 20 metres of junction,FORD,MONDEO VERONA,Petrol,Male,Skidded,No tow/articulation,Did not leave carriageway,0.0,Going ahead other,7.0,Car,No,Front,2007.0,Fatal,Fine no high winds,Dry,Darkness - no lighting,70.0,Rural,2007.0
2006360034340,Over 75,2.0,Data missing or out of range,,1598.0,,,Other/Not known (2005-10),Not at or within 20 metres of junction,TOYOTA,COROLLA TSPIRIT VVTI AUTO,Petrol,Female,,No tow/articulation,Did not leave carriageway,0.0,Going ahead other,1.0,Car,No,Front,2006.0,Slight,Fine no high winds,Wet or damp,Darkness - no lighting,60.0,Rural,2006.0
200701QK62365,26 - 35,8.0,Urban area,1.0,,,,Journey as part of work,Not at or within 20 metres of junction,DENNIS,,Heavy oil,Male,,No tow/articulation,Did not leave carriageway,0.0,Going ahead other,1.0,Bus or coach (17 or more pass seats),No,Did not impact,2007.0,Slight,Raining no high winds,Wet or damp,Daylight,30.0,Urban,2007.0
2006600FL1059,46 - 55,5.0,Small town,,1997.0,,,Other/Not known (2005-10),Mid Junction - on roundabout or on main road,CITROEN,SYNERGIE SX HDI,Heavy oil,Male,,No tow/articulation,Did not leave carriageway,0.0,Going ahead other,2.0,Car,No,Offside,2006.0,Slight,Raining no high winds,Wet or damp,Daylight,30.0,Rural,2006.0
200620J068102,46 - 55,8.0,Urban area,9.0,1796.0,,,Other/Not known (2005-10),Approaching junction or waiting/parked at junction approach,FORD,MONDEO VERONA,Petrol,Male,,No tow/articulation,Did not leave carriageway,0.0,Moving off,3.0,Car,No,Back,2006.0,Slight,Other,Wet or damp,Daylight,30.0,Urban,2006.0
200597AD04611,21 - 25,,Urban area,,124.0,,,Other/Not known (2005-10),Approaching junction or waiting/parked at junction approach,KYMCO,MOVIE X2,Petrol,Male,,No tow/articulation,Did not leave carriageway,0.0,Slowing or stopping,1.0,Motorcycle 125cc and under,No,Front,2005.0,Slight,Fine no high winds,Frost or ice,Darkness - lights lit,30.0,Urban,2005.0
2006130466706,56 - 65,4.0,Rural,7.0,1781.0,,,Other/Not known (2005-10),Approaching junction or waiting/parked at junction approach,AUDI,A6 T SE CVT,Petrol,Female,,No tow/articulation,Did not leave carriageway,0.0,Waiting to go - held up,1.0,Car,No,Back,2006.0,Slight,Fine no high winds,Dry,Daylight,30.0,Urban,2006.0
2005215328014,46 - 55,3.0,Urban area,10.0,1328.0,,Tree,Other/Not known (2005-10),Mid Junction - on roundabout or on main road,SUZUKI,JIMNY SPECIAL,Petrol,Female,,No tow/articulation,Offside,0.0,Going ahead other,1.0,Car,No,Front,2005.0,Slight,Fine no high winds,Dry,Daylight,60.0,Rural,2005.0
200601SX20628,16 - 20,,Urban area,7.0,,,,Other/Not known (2005-10),Not at or within 20 metres of junction,FORD,TRAN CONNECT 200 D SWB,,Male,,No tow/articulation,Did not leave carriageway,0.0,Going ahead other,1.0,Car,No,Front,2006.0,Slight,Fine no high winds,Dry,Daylight,30.0,Urban,2006.0
200697CD00405,Over 75,,Urban area,,,,,Other/Not known (2005-10),Not at or within 20 metres of junction,VAUXHALL,ASTRAVAN ENVOY CDTI,,Male,Overturned,No tow/articulation,Did not leave carriageway,0.0,Going ahead left-hand bend,1.0,Car,No,Nearside,2006.0,Slight,Fine no high winds,Dry,Daylight,60.0,Rural,2006.0
2006360036138,36 - 45,7.0,Urban area,7.0,11946.0,,,Journey as part of work,Mid Junction - on roundabout or on main road,MERCEDES,,Heavy oil,Male,,Articulated vehicle,Did not leave carriageway,0.0,U-turn,2.0,Goods 7.5 tonnes mgw and over,No,Offside,2006.0,Serious,Fine no high winds,Dry,Daylight,60.0,Rural,2006.0
200642A023405,36 - 45,7.0,Rural,7.0,918.0,,,Other/Not known (2005-10),Approaching junction or waiting/parked at junction approach,HONDA,CBR900RR,Petrol,Male,Skidded,No tow/articulation,Did not leave carriageway,0.0,Going ahead other,2.0,Motorcycle over 500cc,No,Front,2006.0,Serious,Fine no high winds,Dry,Daylight,60.0,Rural,2006.0
20054100T2091,21 - 25,1.0,Urban area,,1461.0,,,Other/Not known (2005-10),Not at or within 20 metres of junction,RENAULT,MEGANE EXPRESSION DCI 100,Heavy oil,Male,,No tow/articulation,Did not leave carriageway,0.0,Going ahead right-hand bend,1.0,Car,No,Front,2005.0,Slight,Fine no high winds,Dry,Darkness - no lighting,70.0,Rural,2005.0
200750F53I492,66 - 75,10.0,Small town,7.0,1597.0,,,Data missing or out of range,Approaching junction or waiting/parked at junction approach,FORD,ESCORT SERENADE AUTO,Petrol,Male,,No tow/articulation,Did not leave carriageway,0.0,Going ahead other,1.0,Car,No,Front,2007.0,Slight,Raining no high winds,Wet or damp,Daylight,30.0,Rural,2007.0
2006100090506,36 - 45,2.0,Data missing or out of range,,101.0,,,Journey as part of work,Approaching junction or waiting/parked at junction approach,SYM,JET 100 - EURO X,Petrol,Male,Skidded and overturned,No tow/articulation,Did not leave carriageway,2.0,Changing lane to left,1.0,Motorcycle 125cc and under,No,Did not impact,2006.0,Serious,Fine no high winds,Dry,Daylight,30.0,Urban,2006.0
2006440217703,36 - 45,1.0,Urban area,8.0,2720.0,,,Other/Not known (2005-10),Cleared junction or waiting/parked at junction exit,LAND ROVER,RANGEROVER SPRT TDV6 SE A,Heavy oil,Male,,No tow/articulation,Did not leave carriageway,0.0,Turning right,2.0,Car,No,Offside,2006.0,Slight,Fine no high winds,Dry,Daylight,30.0,Urban,2006.0
2004520129968,56 - 65,4.0,Data missing or out of range,,1950.0,,,Data missing or out of range,Data missing or out of range,ROVER,75 CLASSIC CDT,Heavy oil,Male,,No tow/articulation,Did not leave carriageway,0.0,Slowing or stopping,2.0,109,Data missing or out of range,Back,2004.0,,,,,,,
2004214M25582,36 - 45,15.0,Urban area,6.0,1598.0,,,Data missing or out of range,Data missing or out of range,MAZDA,323 SE,Petrol,Male,,No tow/articulation,Did not leave carriageway,0.0,Going ahead other,5.0,109,Data missing or out of range,Front,2004.0,,,,,,,
200640D015190,26 - 35,3.0,Urban area,2.0,1296.0,,,Other/Not known (2005-10),Approaching junction or waiting/parked at junction approach,DAIHATSU,HI-JET 1300 16V EFI,Petrol,Male,Skidded,No tow/articulation,Did not leave carriageway,0.0,Slowing or stopping,2.0,Van / Goods 3.5 tonnes mgw or under,No,Back,2006.0,Slight,Fine no high winds,Dry,Daylight,50.0,Rural,2006.0
2005130053105,26 - 35,12.0,Urban area,7.0,2199.0,,,Other/Not known (2005-10),Approaching junction or waiting/parked at junction approach,MERCEDES,E220,Petrol,Male,,No tow/articulation,Did not leave carriageway,0.0,Going ahead other,1.0,Car,No,Front,2005.0,Slight,Fine no high winds,Dry,Daylight,30.0,Urban,2005.0
200601QK50773,Data missing or out of range,,Data missing or out of range,,,,,Other/Not known (2005-10),Mid Junction - on roundabout or on main road,VOLKSWAGEN,T-SPORTER T32 130 TDI LWB,,Male,,No tow/articulation,Did not leave carriageway,0.0,Going ahead other,2.0,Van / Goods 3.5 tonnes mgw or under,No,Front,2006.0,Slight,Fine no high winds,Wet or damp,Darkness - lights lit,30.0,Urban,2006.0
20044200A0131,16 - 20,4.0,Small town,8.0,954.0,,,Data missing or out of range,Data missing or out of range,CITROEN,SAXO FIRST,Petrol,Female,Skidded,No tow/articulation,Did not leave carriageway,0.0,Going ahead other,1.0,109,Data missing or out of range,Front,2004.0,,,,,,,
200701TE00144,26 - 35,2.0,Data missing or out of range,,3920.0,,,Journey as part of work,Mid Junction - on roundabout or on main road,IVECO,,Heavy oil,Male,,No tow/articulation,Did not leave carriageway,0.0,Turning right,1.0,Goods over 3.5t. and under 7.5t,No,Front,2007.0,Slight,Fine no high winds,Dry,Daylight,30.0,Urban,2007.0
200701TC00001,46 - 55,1.0,Urban area,5.0,1796.0,,,Other/Not known (2005-10),Cleared junction or waiting/parked at junction exit,MERCEDES,C180 KOMP. CLASSIC SE A,Petrol,Male,,No tow/articulation,Did not leave carriageway,0.0,Turning right,1.0,Car,No,Front,2007.0,Slight,Raining no high winds,Wet or damp,Darkness - lights lit,30.0,Urban,2007.0
200401KF60072,36 - 45,,Data missing or out of range,,6370.0,,,Data missing or out of range,Data missing or out of range,MERCEDES,,Heavy oil,Male,,No tow/articulation,Did not leave carriageway,0.0,Going ahead other,1.0,Bus or coach (17 or more pass seats),Data missing or out of range,Nearside,2004.0,,,,,,,
200501FH10369,21 - 25,3.0,Urban area,4.0,1124.0,,,Other/Not known (2005-10),Mid Junction - on roundabout or on main road,CITROEN,SAXO FORTE,Petrol,Female,,No tow/articulation,Did not leave carriageway,0.0,Turning right,1.0,Car,No,Offside,2005.0,Slight,Fine no high winds,Dry,Darkness - lights lit,30.0,Urban,2005.0
2007217022233,46 - 55,2.0,Urban area,8.0,1968.0,,,Other/Not known (2005-10),Mid Junction - on roundabout or on main road,AUDI,A3 SPORT TDI,Heavy oil,Male,,No tow/articulation,Did not leave carriageway,0.0,Going ahead other,2.0,Car,No,Back,2007.0,Slight,Fine no high winds,Dry,Darkness - lights lit,30.0,Urban,2007.0
200597CA00306,46 - 55,3.0,Urban area,,2402.0,,,Journey as part of work,Mid Junction - on roundabout or on main road,LONDON TAXIS INT,TXII SILVER,Heavy oil,Male,,No tow/articulation,Did not leave carriageway,0.0,Going ahead other,2.0,Taxi/Private hire car,No,Nearside,2005.0,Slight,Fine no high winds,Dry,Daylight,30.0,Urban,2005.0
200443N273094,26 - 35,1.0,Urban area,4.0,2979.0,,,Data missing or out of range,Data missing or out of range,BMW,Z3 SPORT ROADSTER AUTO,Petrol,Male,,No tow/articulation,Did not leave carriageway,0.0,Going ahead other,3.0,109,Data missing or out of range,Back,2004.0,,,,,,,
200722FA85984,21 - 25,11.0,Small town,7.0,1396.0,,,Other/Not known (2005-10),Approaching junction or waiting/parked at junction approach,HONDA,CIVIC HAWAII,Petrol,Male,,No tow/articulation,Did not leave carriageway,0.0,Going ahead other,1.0,Car,No,Front,2007.0,Slight,Fine no high winds,Dry,Daylight,60.0,Rural,2007.0