Accident_Index,Age_Band_of_Driver,Age_of_Vehicle,Driver_Home_Area_Type,Driver_IMD_Decile,Engine_Capacity_.CC.,Hit_Object_in_Carriageway,Hit_Object_off_Carriageway,Journey_Purpose_of_Driver,Junction_Location,make,model,Propulsion_Code,Sex_of_Driver,Skidding_and_Overturning,Towing_and_Articulation,Vehicle_Leaving_Carriageway,Vehicle_Location.Restricted_Lane,Vehicle_Manoeuvre,Vehicle_Reference,Vehicle_Type,Was_Vehicle_Left_Hand_Drive,X1st_Point_of_Impact,Year_x,Severity_Label,Weather_Conditions,Road_Surface_Conditions,Light_Conditions,Speed_limit,Urban_or_Rural_Area,Year_y
200622CA53350,56 - 65,2.0,Urban area,9.0,1587.0,,,Other/Not known (2005-10),Mid Junction - on roundabout or on main road,CITROEN,BERLINGO MULTISPACE FORTE,Petrol,Female,Skidded and overturned,No tow/articulation,Did not leave carriageway,0.0,Going ahead other,1.0,Car,No,Nearside,2006.0,Slight,Fine no high winds,Dry,Daylight,40.0,Urban,2006.0
200701JC64895,Data missing or out of range,7.0,Urban area,4.0,4250.0,,,Other/Not known (2005-10),Not at or within 20 metres of junction,MERCEDES,,Heavy oil,Not known,,No tow/articulation,Did not leave carriageway,0.0,Reversing,1.0,Goods over 3.5t. and under 7.5t,No,Back,2007.0,Slight,Fine no high winds,Dry,Daylight,30.0,Urban,2007.0
2007620172045,36 - 45,2.0,Urban area,,883.0,Kerb,,Other/Not known (2005-10),Not at or within 20 metres of junction,HARLEY-DAVIDSON,XL883C SPORTSTER,Petrol,Male,Skidded,No tow/articulation,Did not leave carriageway,0.0,Going ahead other,2.0,Motorcycle over 500cc,No,Offside,2007.0,Serious,Fine no high winds,Dry,Daylight,60.0,Rural,2007.0
2005470501265,46 - 55,10.0,Data missing or out of range,,1796.0,,,Other/Not known (2005-10),Approaching junction or waiting/parked at junction approach,FORD,MONDEO VERONA,Petrol,Male,,No tow/articulation,Did not leave carriageway,0.0,Turning right,1.0,Car,No,Front,2005.0,Slight,Fine no high winds,Dry,Darkness - lights lit,30.0,Urban,2005.0
200806L099197,26 - 35,6.0,Small town,5.0,1998.0,,,Other/Not known (2005-10),Entering main road,VAUXHALL,ASTRA TURBO SRI 190,Petrol,Male,,No tow/articulation,Did not leave carriageway,0.0,Turning left,1.0,Car,No,Front,2008.0,Slight,Raining no high winds,Wet or damp,Daylight,30.0,Urban,2008.0
200804EL08052,36 - 45,4.0,Data missing or out of range,,1995.0,,,Taking pupil to/from school,Approaching junction or waiting/parked at junction approach,TOYOTA,AVENSIS T SPIRIT D-4D,Heavy oil,Male,,No tow/articulation,Did not leave carriageway,0.0,Moving off,1.0,Taxi/Private hire car,No,Did not impact,2008.0,Slight,Unknown,Dry,Daylight,30.0,Urban,2008.0
200606J064372,26 - 35,7.0,Urban area,6.0,1390.0,,,Other/Not known (2005-10),Mid Junction - on roundabout or on main road,VOLKSWAGEN,POLO 1.4 CL AUTO,Petrol,Female,,No tow/articulation,Did not leave carriageway,0.0,Going ahead other,2.0,Car,No,Offside,2006.0,Slight,Fine no high winds,Dry,Daylight,30.0,Urban,2006.0
2008070331280,Data missing or out of range,5.0,Data missing or out of range,,1360.0,,Other permanent object,Other/Not known (2005-10),Not at or within 20 metres of junction,CITROEN,SAXO FURIO,Petrol,Not known,,No tow/articulation,Nearside,0.0,Parked,2.0,Car,No,Back,2008.0,Serious,Fine no high winds,Dry,Daylight,30.0,Urban,2008.0
200801TX20179,Data missing or out of range,5.0,Urban area,5.0,1796.0,,,Other/Not known (2005-10),Approaching junction or waiting/parked at junction approach,TOYOTA,CELICA T SPORT VVTLI,Petrol,Male,,No tow/articulation,Did not leave carriageway,0.0,Going ahead other,2.0,Car,No,Front,2008.0,Slight,Fine no high winds,Dry,Darkness - lights lit,40.0,Urban,2008.0
200550C41A774,Over 75,6.0,Data missing or out of range,,998.0,,,Other/Not known (2005-10),Not at or within 20 metres of junction,NISSAN,MICRA GX,Petrol,Female,,No tow/articulation,Did not leave carriageway,0.0,Going ahead right-hand bend,1.0,Car,No,Front,2005.0,Slight,Raining no high winds,Wet or damp,Daylight,30.0,Urban,2005.0
200401KD50005,56 - 65,,Urban area,9.0,8268.0,,,Data missing or out of range,Data missing or out of range,TRANSBUS INT,,Heavy oil,Male,,No tow/articulation,Did not leave carriageway,0.0,Parked,1.0,Bus or coach (17 or more pass seats),Data missing or out of range,Did not impact,2004.0,,,,,,,
2004330407379,36 - 45,7.0,Data missing or out of range,,1998.0,,Central crash barrier,Data missing or out of range,Data missing or out of range,DAEWOO,ESPERO CDXI,Petrol,Male,Skidded,No tow/articulation,Offside on to centrl res + rebounded,0.0,Going ahead other,1.0,109,Data missing or out of range,Front,2004.0,,,,,,,
200601EO41252,46 - 55,10.0,Data missing or out of range,,1085.0,,,Other/Not known (2005-10),Approaching junction or waiting/parked at junction approach,BMW,R1100RS,Petrol,Male,,No tow/articulation,Did not leave carriageway,0.0,Overtaking moving vehicle - offside,2.0,Motorcycle over 500cc,No,Nearside,2006.0,Slight,Raining no high winds,Wet or damp,Daylight,30.0,Urban,2006.0
2004214128426,Data missing or out of range,9.0,Data missing or out of range,,124.0,,,Data missing or out of range,Data missing or out of range,HONDA,,Petrol,Male,,No tow/articulation,Did not leave carriageway,0.0,Going ahead other,2.0,Motorcycle 125cc and under,Data missing or out of range,Front,2004.0,,,,,,,
200443W144104,21 - 25,1.0,Urban area,5.0,1299.0,,,Data missing or out of range,Data missing or out of range,FORD,KA STYLE,Petrol,Female,,No tow/articulation,Did not leave carriageway,0.0,Going ahead other,2.0,109,Data missing or out of range,Front,2004.0,,,,,,,
20073102D0453,56 - 65,7.0,Urban area,2.0,5861.0,,,Journey as part of work,Approaching junction or waiting/parked at junction approach,IVECO-FORD,,Heavy oil,Male,,No tow/articulation,Did not leave carriageway,0.0,Going ahead other,2.0,Van / Goods 3.5 tonnes mgw or under,No,Front,2007.0,Slight,Raining no high winds,Wet or damp,Daylight,60.0,Rural,2007.0
200505AW01170,36 - 45,,Urban area,3.0,,,,Other/Not known (2005-10),Mid Junction - on roundabout or on main road,RENAULT,KANGOO SL19DCI 70,,Male,,No tow/articulation,Did not leave carriageway,0.0,Parked,5.0,Car,No,Offside,2005.0,Slight,Fine no high winds,Dry,Daylight,30.0,Urban,2005.0
200501CP00046,36 - 45,1.0,Data missing or out of range,,6370.0,,,Journey as part of work,Not at or within 20 metres of junction,MERCEDES,,Heavy oil,Male,,No tow/articulation,Did not leave carriageway,0.0,Slowing or stopping,1.0,Bus or coach (17 or more pass seats),No,Did not impact,2005.0,Slight,Fine no high winds,Dry,Daylight,30.0,Urban,2005.0
2007460139351,36 - 45,3.0,Urban area,7.0,1968.0,,,Other/Not known (2005-10),Entering main road,VOLKSWAGEN,TOURAN SPORT FSI,Petrol,Female,,No tow/articulation,Did not leave carriageway,0.0,Turning right,1.0,Car,No,Front,2007.0,Slight,Fine no high winds,Dry,Daylight,50.0,Rural,2007.0
200601GD10616,46 - 55,8.0,Data missing or out of range,,1781.0,,,Journey as part of work,Mid Junction - on roundabout or on main road,VOLKSWAGEN,PASSAT S 20V,Petrol,Male,,No tow/articulation,Did not leave carriageway,0.0,Turning right,2.0,Car,No,Front,2006.0,Slight,Fine no high winds,Dry,Daylight,30.0,Urban,2006.0
200520D034201,46 - 55,9.0,Urban area,,1975.0,,Road sign or traffic signal,Other/Not known (2005-10),Mid Junction - on roundabout or on main road,TOYOTA,COROLLA 2.0D GS,Heavy oil,Male,,No tow/articulation,Nearside,0.0,Going ahead other,2.0,Car,No,Offside,2005.0,Slight,Fine no high winds,Wet or damp,Darkness - lights lit,30.0,Urban,2005.0
200645MO82676,16 - 20,4.0,Urban area,10.0,1299.0,,,Other/Not known (2005-10),Mid Junction - on roundabout or on main road,FORD,KA STYLE,Petrol,Male,Skidded,No tow/articulation,Did not leave carriageway,0.0,Going ahead other,1.0,Car,No,Nearside,2006.0,Slight,Fine no high winds,Dry,Darkness - lights lit,30.0,Urban,2006.0
200714A184407,16 - 20,2.0,Urban area,1.0,49.0,,,Other/Not known (2005-10),Entering main road,YAMAHA,,Petrol,Male,,No tow/articulation,Did not leave carriageway,0.0,Turning left,1.0,Motorcycle 50cc and under,No,Offside,2007.0,Slight,Fine no high winds,Dry,Daylight,30.0,Urban,2007.0
2007460144419,36 - 45,20.0,Urban area,7.0,2765.0,,,Other/Not known (2005-10),Not at or within 20 metres of junction,DAIHATSU,FOURTRAK EL DIESEL,Heavy oil,Female,,No tow/articulation,Did not leave carriageway,0.0,Going ahead other,2.0,Car,No,Front,2007.0,Slight,Fine no high winds,Dry,Daylight,40.0,Rural,2007.0
200506J921852,16 - 20,10.0,Urban area,1.0,1298.0,,,Data missing or out of range,Mid Junction - on roundabout or on main road,SUZUKI,SWIFT GS SE,Petrol,Male,,No tow/articulation,Did not leave carriageway,0.0,Waiting to turn right,2.0,Car,Data missing or out of range,Offside,2005.0,Slight,Fine + high winds,Wet or damp,Darkness - lights lit,30.0,Urban,2005.0
20063104D3211,46 - 55,4.0,Small town,10.0,2295.0,,,Other/Not known (2005-10),Not at or within 20 metres of junction,MERCEDES,CLK 230 AVANTGARDE KOMP.A,Petrol,Female,,No tow/articulation,Did not leave carriageway,0.0,Going ahead other,2.0,Car,No,Front,2006.0,Fatal,Fine no high winds,Dry,Darkness - lights lit,30.0,Rural,2006.0
2008030002628,26 - 35,5.0,Rural,9.0,2999.0,,,Journey as part of work,Entering main road,ISUZU TRUCKS,NKR 77 TURBO ELECTRIC DI,Heavy oil,Male,,No tow/articulation,Did not leave carriageway,0.0,Turning right,1.0,Van / Goods 3.5 tonnes mgw or under,No,Nearside,2008.0,Fatal,Fine no high winds,Dry,Daylight,60.0,Rural,2008.0
200743S114127,36 - 45,2.0,Urban area,10.0,2993.0,,Other permanent object,Commuting to/from work,Approaching junction or waiting/parked at junction approach,BMW,330 CD SE,Heavy oil,Male,Skidded,No tow/articulation,Straight ahead at junction,0.0,Turning right,1.0,Car,No,Front,2007.0,Slight,Fog or mist,Frost or ice,Daylight,70.0,Rural,2007.0
200505BB03818,56 - 65,2.0,Data missing or out of range,,1199.0,,,Journey as part of work,Entering main road,VAUXHALL,CORSA ELEGANCE 16V,Petrol,Female,,No tow/articulation,Did not leave carriageway,0.0,Turning right,2.0,Car,No,Offside,2005.0,Slight,Fine no high winds,Dry,Daylight,30.0,Urban,2005.0
200506K032378,26 - 35,8.0,Urban area,1.0,1396.0,Parked vehicle,,Other/Not known (2005-10),Not at or within 20 metres of junction,ROVER,214S,Petrol,Male,,No tow/articulation,Did not leave carriageway,0.0,Going ahead other,1.0,Car,No,Front,2005.0,Slight,Fine no high winds,Dry,Darkness - lights lit,30.0,Urban,2005.0
20044200D0476,36 - 45,14.0,Urban area,4.0,1396.0,,,Data missing or out of range,Data missing or out of range,HONDA,CONCERTO GL,Petrol,Female,,No tow/articulation,Did not leave carriageway,0.0,Waiting to go - held up,2.0,109,Data missing or out of range,Back,2004.0,,,,,,,
200643W039016,56 - 65,1.0,Urban area,10.0,1988.0,,Road sign or traffic signal,Other/Not known (2005-10),Approaching junction or waiting/parked at junction approach,JAGUAR,X-TYPE SE D,Heavy oil,Male,,No tow/articulation,Offside,0.0,Going ahead left-hand bend,2.0,Car,No,Nearside,2006.0,Slight,Snowing no high winds,Snow,Daylight,40.0,Rural,2006.0
2004400D02991,26 - 35,5.0,Urban area,8.0,599.0,,,Data missing or out of range,Data missing or out of range,KAWASAKI,ZX600-G2,Petrol,Male,,No tow/articulation,Did not leave carriageway,0.0,Going ahead other,4.0,106,Data missing or out of range,Front,2004.0,,,,,,,
2004440AA0278,26 - 35,1.0,Urban area,10.0,1794.0,,Near/Offside crash barrier,Data missing or out of range,Data missing or out of range,TOYOTA,MR2 ROADSTER VVTI,Petrol,Female,Skidded,No tow/articulation,Nearside and rebounded,0.0,Going ahead other,1.0,109,Data missing or out of range,Front,2004.0,,,,,,,
200401DM00359,36 - 45,4.0,Urban area,2.0,2800.0,,,Data missing or out of range,Data missing or out of range,IVECO,,Heavy oil,Male,,No tow/articulation,Did not leave carriageway,0.0,Going ahead other,1.0,Van / Goods 3.5 tonnes mgw or under,Data missing or out of range,Front,2004.0,,,,,,,
2004350541804,56 - 65,7.0,Urban area,2.0,1120.0,,,Data missing or out of range,Data missing or out of range,ROVER,100 KNIGHTSBRIDGE,Petrol,Male,,No tow/articulation,Did not leave carriageway,0.0,Going ahead other,2.0,109,Data missing or out of range,Front,2004.0,,,,,,,
2005350201305,21 - 25,18.0,Small town,3.0,1117.0,,,Other/Not known (2005-10),Entering main road,FORD,FIESTA FESTIVAL,Petrol,Female,,No tow/articulation,Did not leave carriageway,0.0,Turning right,2.0,Car,No,Offside,2005.0,Slight,Raining + high winds,Wet or damp,Daylight,30.0,Rural,2005.0
2007131014207,26 - 35,,Urban area,7.0,1598.0,,,Taking pupil to/from school,Mid Junction - on roundabout or on main road,VAUXHALL,ASTRA ENERGY,Petrol,Female,Skidded,No tow/articulation,Did not leave carriageway,0.0,Turning left,2.0,Car,No,Back,2007.0,Slight,Raining no high winds,Wet or damp,Daylight,30.0,Urban,2007.0
2006470610554,21 - 25,2.0,Urban area,5.0,244.0,,,Journey as part of work,Not at or within 20 metres of junction,PIAGGIO,X9 250,Petrol,Male,,No tow/articulation,Did not leave carriageway,0.0,Going ahead other,1.0,Motorcycle over 125cc and up to 500cc,No,Did not impact,2006.0,Serious,Raining no high winds,Wet or damp,Daylight,70.0,Rural,2006.0
2005460109790,36 - 45,10.0,Urban area,8.0,1587.0,,,Other/Not known (2005-10),Leaving roundabout,TOYOTA,COROLLA CDX AUTO,Petrol,Male,,No tow/articulation,Did not leave carriageway,0.0,Turning left,2.0,Car,No,Nearside,2005.0,Slight,Unknown,Dry,Daylight,30.0,Urban,2005.0
200701KF60206,Data missing or out of range,6.0,Urban area,2.0,1998.0,,,Journey as part of work,Not at or within 20 metres of junction,MERCEDES,E200 CLASSIC KOMPRESSOR A,Petrol,Male,,No tow/articulation,Did not leave carriageway,0.0,Going ahead other,2.0,Car,No,Front,2007.0,Slight,Fine no high winds,Dry,Daylight,30.0,Urban,2007.0
2006360039105,36 - 45,4.0,Rural,5.0,3200.0,,,Other/Not known (2005-10),Mid Junction - on roundabout or on main road,MITSUBISHI,SHOGUN DI-D CLASSIC LWB,Heavy oil,Male,,No tow/articulation,Did not leave carriageway,0.0,Going ahead other,2.0,Car,No,Front,2006.0,Fatal,Fog or mist,Wet or damp,Daylight,60.0,Rural,2006.0
2006350528106,66 - 75,,Rural,6.0,1490.0,,Central crash barrier,Other/Not known (2005-10),Entering from slip road,SUZUKI,SWIFT VVTS GLX,Petrol,Female,Skidded,No tow/articulation,Offside on to central reservation,0.0,Changing lane to right,1.0,Car,No,Back,2006.0,Slight,Raining no high winds,Wet or damp,Darkness - lights lit,70.0,Rural,2006.0
200737B028297,Data missing or out of range,9.0,Data missing or out of range,,1905.0,,,Other/Not known (2005-10),Cleared junction or waiting/parked at junction exit,CITROEN,XANTIA 1.9 TURBO D SX,Heavy oil,Male,,No tow/articulation,Did not leave carriageway,0.0,Parked,3.0,Car,No,Front,2007.0,Slight,Fine no high winds,Wet or damp,Daylight,30.0,Rural,2007.0
200401ZT80360,Data missing or out of range,10.0,Data missing or out of range,,1120.0,,,Data missing or out of range,Data missing or out of range,ROVER,METRO RIO,Petrol,Male,,No tow/articulation,Did not leave carriageway,0.0,Going ahead other,2.0,109,Data missing or out of range,Front,2004.0,,,,,,,
200597GC02001,26 - 35,1.0,Urban area,,1997.0,,,Journey as part of work,Approaching junction or waiting/parked at junction approach,CITROEN,BERLINGO 600TD HDI LX,Heavy oil,Male,,No tow/articulation,Did not leave carriageway,0.0,Going ahead other,1.0,Van / Goods 3.5 tonnes mgw or under,No,Front,2005.0,Slight,Raining + high winds,Wet or damp,Daylight,30.0,Urban,2005.0
200642I412910,56 - 65,9.0,Rural,6.0,2435.0,,,Other/Not known (2005-10),Approaching junction or waiting/parked at junction approach,VOLVO,S70 SE 10V,Petrol,Male,,No tow/articulation,Did not leave carriageway,0.0,Parked,2.0,Car,No,Offside,2006.0,Slight,Fine no high winds,Dry,Darkness - lights lit,30.0,Rural,2006.0
200801TX20342,26 - 35,10.0,Small town,10.0,2793.0,,,Other/Not known (2005-10),Not at or within 20 metres of junction,BMW,528I SE TOURING AUTO,Petrol,Male,,No tow/articulation,Did not leave carriageway,0.0,Waiting to go - held up,2.0,Car,No,Back,2008.0,Slight,Fine no high winds,Dry,Daylight,60.0,Urban,2008.0
20044200G0230,21 - 25,4.0,Urban area,9.0,1124.0,,,Data missing or out of range,Data missing or out of range,PEUGEOT,106 XN ZEST 2,Petrol,Female,,No tow/articulation,Did not leave carriageway,0.0,Turning left,1.0,109,Data missing or out of range,Offside,2004.0,,,,,,,
200622DE50239,66 - 75,,Rural,7.0,1968.0,,,Other/Not known (2005-10),Not at or within 20 metres of junction,AUDI,A3 SPORT TDI AUTO,Heavy oil,Male,,No tow/articulation,Did not leave carriageway,0.0,Going ahead other,2.0,Car,No,Front,2006.0,Slight,Raining no high winds,Wet or damp,Daylight,60.0,Urban,2006.0
2005445ST0079,36 - 45,5.0,Urban area,3.0,9600.0,,,Journey as part of work,Not at or within 20 metres of junction,VOLVO,,Heavy oil,Male,,No tow/articulation,Did not leave carriageway,0.0,Moving off,1.0,Bus or coach (17 or more pass seats),No,Did not impact,2005.0,Slight,Fine no high winds,Dry,Daylight,30.0,Urban,2005.0
200404C072004,46 - 55,9.0,Urban area,3.0,1597.0,,Central crash barrier,Data missing or out of range,Data missing or out of range,PROTON,PERSONA COMPACT SEI A,Petrol,Female,,No tow/articulation,Offside on to centrl res + rebounded,0.0,Going ahead other,2.0,109,Data missing or out of range,Nearside,2004.0,,,,,,,
200501BS70716,26 - 35,4.0,Urban area,10.0,124.0,,,Commuting to/from work,Mid Junction - on roundabout or on main road,PIAGGIO,VESPA ET4,Petrol,Female,,No tow/articulation,Did not leave carriageway,0.0,Overtaking static vehicle - offside,2.0,Motorcycle 125cc and under,No,Front,2005.0,Slight,Fine no high winds,Wet or damp,Daylight,30.0,Urban,2005.0
200722FA86771,46 - 55,10.0,Urban area,7.0,1002.0,,,Other/Not known (2005-10),Not at or within 20 metres of junction,YAMAHA,YZF 1000R,Petrol,Male,Skidded,No tow/articulation,Did not leave carriageway,0.0,Going ahead left-hand bend,1.0,Motorcycle over 500cc,No,Front,2007.0,Serious,Fine no high winds,Dry,Daylight,60.0,Rural,2007.0
2007600CO6008,16 - 20,,Rural,,,,,Commuting to/from work,Not at or within 20 metres of junction,ISUZU,RODEO DENVER TD INTERCOOL,,Male,,No tow/articulation,Did not leave carriageway,0.0,Going ahead other,1.0,Car,No,Offside,2007.0,Slight,Other,Wet or damp,Darkness - no lighting,60.0,Rural,2007.0
200804EN08134,56 - 65,1.0,Data missing or out of range,,2987.0,,Other permanent object,Other/Not known (2005-10),Approaching junction or waiting/parked at junction approach,MERCEDES,E320 CDI AVANTGARDE AUTO,Heavy oil,Male,,No tow/articulation,Offside,0.0,Going ahead right-hand bend,2.0,Car,No,Front,2008.0,Slight,Raining no high winds,Wet or damp,Darkness - no lighting,60.0,Rural,2008.0
200543N113065,21 - 25,2.0,Urban area,4.0,1248.0,,,Other/Not known (2005-10),Approaching junction or waiting/parked at junction approach,FIAT,PUNTO ACTIVE MULTI-JET,Heavy oil,Female,Skidded,No tow/articulation,Did not leave carriageway,0.0,Going ahead other,2.0,Car,No,Front,2005.0,Slight,Fine no high winds,Dry,Daylight,60.0,Rural,2005.0
200504BB05022,66 - 75,5.0,Urban area,,1289.0,,Other permanent object,Other/Not known (2005-10),Not at or within 20 metres of junction,SKODA,FELICIA L,Petrol,Female,,No tow/articulation,Offside and rebounded,0.0,Going ahead other,2.0,Car,No,Front,2005.0,Serious,Fine no high winds,Dry,Daylight,30.0,Urban,2005.0
2005520116769,Over 75,22.0,Rural,9.0,1335.0,,,Other/Not known (2005-10),Approaching junction or waiting/parked at junction approach,TRIUMPH,ACCLAIM HL,Petrol,Male,Skidded,No tow/articulation,Did not leave carriageway,0.0,Going ahead other,3.0,Car,No,Front,2005.0,Fatal,Fine no high winds,Dry,Daylight,60.0,Rural,2005.0
2007470703784,46 - 55,3.0,Urban area,8.0,1299.0,,,Other/Not known (2005-10),Entering main road,TOYOTA,YARIS T SPIRIT,Petrol,Female,,No tow/articulation,Did not leave carriageway,0.0,Waiting to go - held up,2.0,Car,No,Front,2007.0,Slight,Fine no high winds,Dry,Daylight,30.0,Urban,2007.0
20053102C0820,26 - 35,6.0,Urban area,1.0,1840.0,,,Other/Not known (2005-10),Mid Junction - on roundabout or on main road,MAZDA,323F SE,Petrol,Male,,No tow/articulation,Did not leave carriageway,1.0,Going ahead other,1.0,Car,No,Front,2005.0,Slight,Fine no high winds,Dry,Daylight,30.0,Urban,2005.0
2007100938707,36 - 45,,Urban area,7.0,2179.0,,,Other/Not known (2005-10),Mid Junction - on roundabout or on main road,LAND ROVER,FREELANDER GS TD4,Heavy oil,Male,,No tow/articulation,Did not leave carriageway,0.0,Going ahead other,1.0,Car,No,Front,2007.0,Slight,Fine no high winds,Dry,Daylight,30.0,Urban,2007.0
200601JC30439,21 - 25,1.0,Data missing or out of range,,1332.0,,,Other/Not known (2005-10),Approaching junction or waiting/parked at junction approach,SMART,FORFOUR PASSION,Petrol,Female,,No tow/articulation,Did not leave carriageway,0.0,Going ahead other,1.0,Car,No,Nearside,2006.0,Serious,Fine no high winds,Dry,Daylight,30.0,Urban,2006.0
200501VK30163,Data missing or out of range,7.0,Urban area,10.0,1905.0,,,Other/Not known (2005-10),Cleared junction or waiting/parked at junction exit,PEUGEOT,306 GLX DT,Heavy oil,Male,,No tow/articulation,Did not leave carriageway,0.0,Turning right,2.0,Car,No,Front,2005.0,Slight,Fine no high winds,Dry,Daylight,30.0,Urban,2005.0
200550B41L423,66 - 75,,Rural,5.0,1997.0,,,Data missing or out of range,Mid Junction - on roundabout or on main road,CITROEN,BERLINGO MSPACE FORTE HDI,Heavy oil,Male,,No tow/articulation,Did not leave carriageway,0.0,Going ahead other,2.0,Car,No,Front,2005.0,Slight,Fine no high winds,Dry,Daylight,40.0,Urban,2005.0
200722DE87560,46 - 55,13.0,Urban area,6.0,1986.0,,,Other/Not known (2005-10),Approaching junction or waiting/parked at junction approach,VOLVO,940 SE WENTWORTH,Petrol,Female,,No tow/articulation,Did not leave carriageway,0.0,Going ahead other,1.0,Car,No,Nearside,2007.0,Slight,Raining no high winds,Wet or damp,Darkness - lights lit,30.0,Urban,2007.0
200801ZD73382,21 - 25,3.0,Urban area,2.0,1598.0,,,Other/Not known (2005-10),Approaching junction or waiting/parked at junction approach,VAUXHALL,ASTRA LIFE TWINPORT S-A,Petrol,Female,,No tow/articulation,Did not leave carriageway,1.0,Moving off,2.0,Car,No,Front,2008.0,Slight,Fine no high winds,Dry,Daylight,30.0,Urban,2008.0
200404F037604,36 - 45,7.0,Urban area,7.0,1998.0,,,Data missing or out of range,Data missing or out of range,VAUXHALL,VECTRA LS 16V AUTO,Petrol,Female,,No tow/articulation,Did not leave carriageway,0.0,Turning right,2.0,109,Data missing or out of range,Back,2004.0,,,,,,,
2005100752105,46 - 55,,Urban area,4.0,9000.0,,,Journey as part of work,Mid Junction - on roundabout or on main road,SCANIA,,Heavy oil,Male,,No tow/articulation,Did not leave carriageway,0.0,Going ahead other,2.0,Bus or coach (17 or more pass seats),No,Front,2005.0,Slight,Fine no high winds,Dry,Daylight,30.0,Urban,2005.0
2007920702981,46 - 55,1.0,Rural,,1998.0,,Telegraph or electricity pole,Commuting to/from work,Approaching junction or waiting/parked at junction approach,MAZDA,6 DTS 121,Heavy oil,Male,,No tow/articulation,Offside,0.0,Going ahead other,2.0,Car,No,Front,2007.0,Slight,Raining no high winds,Dry,Daylight,60.0,Rural,2007.0
200801RG40029,16 - 20,1.0,Urban area,2.0,998.0,,,Other/Not known (2005-10),Not at or within 20 metres of junction,CITROEN,C1 VIBE,Petrol,Female,,No tow/articulation,Did not leave carriageway,0.0,Overtaking static vehicle - offside,1.0,Car,No,Front,2008.0,Slight,Fine no high winds,Dry,Daylight,30.0,Urban,2008.0
2005070503432,66 - 75,7.0,Urban area,1.0,848.0,,,Other/Not known (2005-10),Cleared junction or waiting/parked at junction exit,RELIANT,RIALTO VAN,Petrol,Male,,No tow/articulation,Did not leave carriageway,0.0,Reversing,1.0,Car,No,Back,2005.0,Serious,Fine no high winds,Dry,Daylight,30.0,Urban,2005.0
200601ZD30959,26 - 35,,Urban area,2.0,1794.0,,,Other/Not known (2005-10),Approaching junction or waiting/parked at junction approach,TOYOTA,AVENSIS T3-X,Petrol,Male,,No tow/articulation,Did not leave carriageway,0.0,Going ahead other,1.0,Car,No,Offside,2006.0,Slight,Fine no high winds,Dry,Daylight,30.0,Urban,2006.0
2007470703649,16 - 20,11.0,Rural,5.0,1396.0,,,Other/Not known (2005-10),Not at or within 20 metres of junction,ROVER,114 SLI,Petrol,Male,Skidded and overturned,No tow/articulation,Offside and rebounded,0.0,Going ahead left-hand bend,1.0,Car,No,Front,2007.0,Slight,Fine no high winds,Dry,Darkness - no lighting,60.0,Rural,2007.0
200554AM30505,36 - 45,1.0,Urban area,8.0,1261.0,,,Journey as part of work,Not at or within 20 metres of junction,HONDA,ST1300 A,Petrol,Male,,No tow/articulation,Did not leave carriageway,0.0,Overtaking static vehicle - offside,2.0,Motorcycle over 500cc,No,Front,2005.0,Slight,Fine no high winds,Dry,Daylight,60.0,Rural,2005.0
2005460118231,46 - 55,3.0,Small town,4.0,2401.0,,,Other/Not known (2005-10),Not at or within 20 metres of junction,VOLVO,V70 D5 SE AUTO,Heavy oil,Male,,No tow/articulation,Did not leave carriageway,0.0,Going ahead other,2.0,Car,No,Front,2005.0,Slight,Fine no high winds,Wet or damp,Daylight,60.0,Rural,2005.0
2006350386606,36 - 45,9.0,Small town,6.0,1157.0,Kerb,Central crash barrier,Other/Not known (2005-10),Not at or within 20 metres of junction,SUZUKI,GSF 1200 SV,Petrol,Male,,No tow/articulation,Nearside,0.0,Overtaking - nearside,1.0,Motorcycle over 500cc,No,Nearside,2006.0,Slight,Fine no high winds,Dry,Daylight,70.0,Rural,2006.0
200805BB22353,46 - 55,7.0,Urban area,7.0,2982.0,,,Other/Not known (2005-10),Not at or within 20 metres of junction,TOYOTA,LANDCRUISER COLARADO GX,Heavy oil,Female,,No tow/articulation,Did not leave carriageway,0.0,Going ahead other,1.0,Car,No,Nearside,2008.0,Slight,Fine no high winds,Wet or damp,Daylight,30.0,Urban,2008.0
200706A076005,26 - 35,11.0,Urban area,,1389.0,,,Other/Not known (2005-10),Approaching junction or waiting/parked at junction approach,VAUXHALL,ASTRA MONTANA,Petrol,Male,,No tow/articulation,Did not leave carriageway,0.0,Turning left,1.0,Car,No,Offside,2007.0,Slight,Raining no high winds,Wet or damp,Darkness - lights lit,30.0,Urban,2007.0
2004950000936,Data missing or out of range,13.0,Data missing or out of range,,1870.0,Parked vehicle,,Data missing or out of range,Data missing or out of range,RENAULT,CLIO RN DIESEL,Heavy oil,Not known,,No tow/articulation,Did not leave carriageway,0.0,Parked,2.0,109,Data missing or out of range,Offside,2004.0,,,,,,,