Accident_Index,Age_Band_of_Driver,Age_of_Vehicle,Driver_Home_Area_Type,Driver_IMD_Decile,Engine_Capacity_.CC.,Hit_Object_in_Carriageway,Hit_Object_off_Carriageway,Journey_Purpose_of_Driver,Junction_Location,make,model,Propulsion_Code,Sex_of_Driver,Skidding_and_Overturning,Towing_and_Articulation,Vehicle_Leaving_Carriageway,Vehicle_Location.Restricted_Lane,Vehicle_Manoeuvre,Vehicle_Reference,Vehicle_Type,Was_Vehicle_Left_Hand_Drive,X1st_Point_of_Impact,Year_x,Severity_Label,Weather_Conditions,Road_Surface_Conditions,Light_Conditions,Speed_limit,Urban_or_Rural_Area,Year_y
2005350599905,36 - 45,7.0,Urban area,1.0,1896.0,,Road sign or traffic signal,Journey as part of work,Entering from slip road,VOLKSWAGEN,800 SPECIAL TD SWB,Heavy oil,Male,Skidded,No tow/articulation,Straight ahead at junction,0.0,Going ahead other,1.0,Van / Goods 3.5 tonnes mgw or under,No,Front,2005.0,Serious,Fine no high winds,Dry,Darkness - no lighting,70.0,Rural,2005.0
2005215412493,66 - 75,2.0,Data missing or out of range,,2401.0,,,Other/Not known (2005-10),Mid Junction - on roundabout or on main road,VOLVO,S60 D5 SE AUTO,Heavy oil,Male,,No tow/articulation,Did not leave carriageway,0.0,Going ahead other,2.0,Car,No,Front,2005.0,Slight,Other,Wet or damp,Daylight,30.0,Urban,2005.0
200660GN30720,36 - 45,1.0,Data missing or out of range,,11967.0,,,Journey as part of work,Not at or within 20 metres of junction,MERCEDES,,Heavy oil,Male,,Articulated vehicle,Did not leave carriageway,0.0,Going ahead right-hand bend,2.0,Goods 7.5 tonnes mgw and over,No,Did not impact,2006.0,Slight,Fine no high winds,Dry,Daylight,70.0,Rural,2006.0
200401PY20534,56 - 65,3.0,Urban area,4.0,5883.0,,,Data missing or out of range,Data missing or out of range,DENNIS,,Heavy oil,Male,,No tow/articulation,Did not leave carriageway,0.0,Going ahead other,1.0,Bus or coach (17 or more pass seats),Data missing or out of range,Front,2004.0,,,,,,,
2006100174206,56 - 65,12.0,Urban area,2.0,5900.0,,,Journey as part of work,Mid Junction - on roundabout or on main road,DENNIS,,Heavy oil,Male,,No tow/articulation,Did not leave carriageway,0.0,Going ahead other,2.0,Bus or coach (17 or more pass seats),No,Nearside,2006.0,Slight,Raining no high winds,Wet or damp,Darkness - lights lit,30.0,Urban,2006.0
200797QA04906,46 - 55,9.0,Urban area,,1149.0,,Tree,Other/Not known (2005-10),Not at or within 20 metres of junction,RENAULT,CLIO RN PROVENCE 1.2,Petrol,Male,Overturned,No tow/articulation,Straight ahead at junction,0.0,Going ahead other,1.0,Car,No,Front,2007.0,Serious,Fine no high winds,Dry,Daylight,30.0,Urban,2007.0
200763CP01707,66 - 75,13.0,Urban area,,1769.0,,,Other/Not known (2005-10),Mid Junction - on roundabout or on main road,PEUGEOT,205 SCEPTRE,Heavy oil,Male,,No tow/articulation,Did not leave carriageway,0.0,Going ahead other,1.0,Car,No,Front,2007.0,Serious,Fine no high winds,Wet or damp,Daylight,60.0,Rural,2007.0
200704EA07012,46 - 55,6.0,Urban area,7.0,7284.0,,,Journey as part of work,Cleared junction or waiting/parked at junction exit,VOLVO,,Heavy oil,Male,,No tow/articulation,Did not leave carriageway,0.0,Parked,1.0,Goods 7.5 tonnes mgw and over,No,Back,2007.0,Serious,Fine + high winds,Wet or damp,Daylight,30.0,Urban,2007.0
200501KD50449,21 - 25,,Urban area,2.0,,,,Other/Not known (2005-10),Not at or within 20 metres of junction,CITROEN,BERLINGO 600 LX HDI,,Male,,No tow/articulation,Did not leave carriageway,0.0,Going ahead other,1.0,Car,No,Nearside,2005.0,Slight,Fine no high winds,Dry,Daylight,30.0,Urban,2005.0
200640D023630,Data missing or out of range,2.0,Urban area,6.0,1389.0,,,Other/Not known (2005-10),Leaving main road,VAUXHALL,CORSA DESIGN 16V AUTO,Petrol,Male,,No tow/articulation,Did not leave carriageway,0.0,Turning right,1.0,Car,No,Nearside,2006.0,Slight,Fine no high winds,Dry,Daylight,50.0,Rural,2006.0
200401XS00445,26 - 35,2.0,Urban area,2.0,8268.0,,,Data missing or out of range,Data missing or out of range,DENNIS,,Heavy oil,Male,,No tow/articulation,Did not leave carriageway,0.0,Slowing or stopping,1.0,Bus or coach (17 or more pass seats),Data missing or out of range,Back,2004.0,,,,,,,
200704CC07138,21 - 25,9.0,Urban area,2.0,1595.0,,Tree,Other/Not known (2005-10),Not at or within 20 metres of junction,AUDI,A3 1.6,Petrol,Male,Skidded and overturned,No tow/articulation,Offside,0.0,Going ahead left-hand bend,1.0,Car,No,Front,2007.0,Slight,Fine no high winds,Wet or damp,Darkness - no lighting,60.0,Rural,2007.0
200554AT14905,66 - 75,2.0,Urban area,10.0,3222.0,,,Other/Not known (2005-10),Approaching junction or waiting/parked at junction approach,MERCEDES,E320 CDI ELEGANCE AUTO,Heavy oil,Male,,No tow/articulation,Did not leave carriageway,0.0,Going ahead other,6.0,Car,No,Front,2005.0,Slight,Raining no high winds,Wet or damp,Daylight,60.0,Rural,2005.0
2005555W04532,26 - 35,4.0,Urban area,7.0,1396.0,,,Data missing or out of range,Mid Junction - on roundabout or on main road,HONDA,CIVIC 1.4I SPORT,Petrol,Female,,No tow/articulation,Did not leave carriageway,0.0,Turning right,2.0,Car,Data missing or out of range,Nearside,2005.0,Serious,Fine no high winds,Dry,Daylight,60.0,Rural,2005.0
2004950002513,26 - 35,4.0,Urban area,,9600.0,,,Data missing or out of range,Data missing or out of range,VOLVO,,Heavy oil,Male,,No tow/articulation,Did not leave carriageway,0.0,Going ahead other,1.0,Bus or coach (17 or more pass seats),Data missing or out of range,Did not impact,2004.0,,,,,,,
2007130714707,56 - 65,5.0,Small town,8.0,11946.0,,,Journey as part of work,Not at or within 20 metres of junction,MERCEDES,,Heavy oil,Male,,No tow/articulation,Did not leave carriageway,0.0,Changing lane to right,1.0,Goods 7.5 tonnes mgw and over,No,Offside,2007.0,Slight,Fine no high winds,Dry,Darkness - lights lit,70.0,Rural,2007.0
200406X008313,36 - 45,4.0,Urban area,4.0,2157.0,,Central crash barrier,Data missing or out of range,Data missing or out of range,HONDA,ACCORD TYPE-R,Petrol,Male,Skidded,No tow/articulation,Offside,0.0,Changing lane to right,3.0,109,Data missing or out of range,Back,2004.0,,,,,,,
200620L129301,36 - 45,5.0,Urban area,1.0,1998.0,,,Journey as part of work,Entering main road,TOYOTA,AVENSIS GLS VVT-I,Petrol,Male,,No tow/articulation,Did not leave carriageway,0.0,Turning right,1.0,Taxi/Private hire car,No,Nearside,2006.0,Slight,Fine no high winds,Dry,Daylight,30.0,Urban,2006.0
200447K178018,21 - 25,1.0,Urban area,8.0,1199.0,,,Data missing or out of range,Data missing or out of range,VAUXHALL,CORSA LIFE 16V,Petrol,Female,,No tow/articulation,Did not leave carriageway,0.0,Slowing or stopping,3.0,109,Data missing or out of range,Back,2004.0,,,,,,,
200401RG40122,46 - 55,4.0,Urban area,1.0,1998.0,,,Data missing or out of range,Data missing or out of range,TOYOTA,RAV4 GX VVTI,Petrol,Male,,No tow/articulation,Did not leave carriageway,0.0,U-turn,1.0,109,Data missing or out of range,Offside,2004.0,,,,,,,
2005230591122,26 - 35,2.0,Urban area,7.0,1794.0,,,Other/Not known (2005-10),Not at or within 20 metres of junction,TOYOTA,MR2 ROADSTER VVTI,Petrol,Female,,No tow/articulation,Did not leave carriageway,0.0,Parked,2.0,Car,No,Nearside,2005.0,Slight,Fine no high winds,Dry,Daylight,40.0,Urban,2005.0
200797UD04707,36 - 45,6.0,Urban area,,1390.0,,,Other/Not known (2005-10),Leaving roundabout,AUDI,A2 SE,Petrol,Female,,No tow/articulation,Did not leave carriageway,0.0,Going ahead other,1.0,Car,No,Nearside,2007.0,Serious,Fine no high winds,Dry,Daylight,30.0,Rural,2007.0
200436T040210,36 - 45,,Data missing or out of range,,,,,Data missing or out of range,Data missing or out of range,RENAULT,,,Male,,Single trailer,Did not leave carriageway,0.0,Reversing,1.0,Agricultural vehicle,Data missing or out of range,Back,2004.0,,,,,,,
200801CW10653,26 - 35,,Urban area,2.0,1997.0,,,Other/Not known (2005-10),Mid Junction - on roundabout or on main road,CITROEN,C4 PICASSO 7 VTR+ HDI A,Heavy oil,Male,,No tow/articulation,Did not leave carriageway,0.0,Turning right,2.0,Car,No,Nearside,2008.0,Slight,Fine no high winds,Dry,Daylight,30.0,Urban,2008.0
20073102D4319,56 - 65,1.0,Small town,9.0,8292.0,,,Journey as part of work,Entering main road,JCB,,Heavy oil,Male,,Single trailer,Did not leave carriageway,0.0,Turning right,1.0,Agricultural vehicle,No,Offside,2007.0,Serious,Fine no high winds,Dry,Daylight,50.0,Rural,2007.0
200401HT00539,21 - 25,1.0,Data missing or out of range,,1149.0,,,Data missing or out of range,Data missing or out of range,RENAULT,CLIO DYNAM BILLABONG 16V,Petrol,Male,,No tow/articulation,Did not leave carriageway,0.0,Turning right,2.0,109,Data missing or out of range,Front,2004.0,,,,,,,
200622FA49232,26 - 35,5.0,Rural,8.0,1997.0,,Entered ditch,Commuting to/from work,Entering main road,PEUGEOT,306 MERIDIAN HDI (90),Heavy oil,Female,,No tow/articulation,Nearside,0.0,Turning right,2.0,Car,No,Offside,2006.0,Slight,Fine no high winds,Dry,Daylight,60.0,Rural,2006.0
2006556P02880,56 - 65,,Urban area,7.0,,,,Commuting to/from work,Mid Junction - on roundabout or on main road,CITROEN,BERLINGO 1.9D 600,,Male,,No tow/articulation,Did not leave carriageway,0.0,Turning right,2.0,Car,No,Offside,2006.0,Serious,Fine no high winds,Dry,Daylight,30.0,Urban,2006.0
200720F128202,26 - 35,1.0,Urban area,8.0,1388.0,,,Journey as part of work,Cleared junction or waiting/parked at junction exit,FORD,FIESTA STYLE CLIMATE,Petrol,Female,,No tow/articulation,Did not leave carriageway,0.0,Going ahead other,1.0,Car,No,Front,2007.0,Slight,Fine no high winds,Dry,Daylight,30.0,Urban,2007.0
2007950009185,21 - 25,5.0,Urban area,,2463.0,,,Other/Not known (2005-10),Not at or within 20 metres of junction,RENAULT,,Heavy oil,Male,,No tow/articulation,Did not leave carriageway,6.0,Slowing or stopping,3.0,Van / Goods 3.5 tonnes mgw or under,No,Did not impact,2007.0,Fatal,Fine no high winds,Wet or damp,Darkness - no lighting,70.0,Urban,2007.0
200801HT69527,21 - 25,8.0,Urban area,2.0,1242.0,,,Other/Not known (2005-10),Approaching junction or waiting/parked at junction approach,FIAT,BRAVO 80 SX,Petrol,Male,,No tow/articulation,Did not leave carriageway,0.0,Waiting to go - held up,1.0,Car,No,Back,2008.0,Slight,Fine no high winds,Dry,Darkness - lights unlit,30.0,Urban,2008.0
2008100306908,26 - 35,,Urban area,10.0,1149.0,,,Other/Not known (2005-10),Approaching junction or waiting/parked at junction approach,RENAULT,CLIO CAMPUS SPORT 16V,Petrol,Female,,No tow/articulation,Did not leave carriageway,0.0,Waiting to go - held up,2.0,Car,No,Back,2008.0,Slight,Fine no high winds,Dry,Daylight,40.0,Urban,2008.0
2007230791496,21 - 25,13.0,Urban area,10.0,2490.0,,Entered ditch,Other/Not known (2005-10),Not at or within 20 metres of junction,NISSAN,,Petrol,Male,Skidded and overturned,No tow/articulation,Offside,0.0,Going ahead right-hand bend,1.0,Car,No,Front,2007.0,Slight,Fine no high winds,Dry,Daylight,60.0,Rural,2007.0
2005950002376,Over 75,2.0,Rural,,1998.0,,,Other/Not known (2005-10),Not at or within 20 metres of junction,HONDA,ACCORD VTEC EXECUTIVE A,Petrol,Male,,No tow/articulation,Did not leave carriageway,0.0,Reversing,1.0,Car,No,Did not impact,2005.0,Slight,Fine no high winds,Dry,Daylight,30.0,Unallocated,2005.0
200506B030727,46 - 55,6.0,Urban area,2.0,1700.0,,,Other/Not known (2005-10),Approaching junction or waiting/parked at junction approach,VAUXHALL,ASTRA LS TD,Heavy oil,Female,,No tow/articulation,Did not leave carriageway,0.0,Going ahead other,2.0,Car,No,Front,2005.0,Slight,Fine no high winds,Dry,Daylight,30.0,Urban,2005.0
200614G044806,46 - 55,8.0,Urban area,1.0,,,,Journey as part of work,Not at or within 20 metres of junction,VOLVO,,Heavy oil,Male,,No tow/articulation,Did not leave carriageway,0.0,Slowing or stopping,1.0,Bus or coach (17 or more pass seats),No,Did not impact,2006.0,Serious,Fine no high winds,Dry,Daylight,30.0,Urban,2006.0
2006950002399,36 - 45,10.0,Urban area,,9600.0,,,Journey as part of work,Leaving main road,VOLVO,,Heavy oil,Male,,No tow/articulation,Did not leave carriageway,0.0,Going ahead other,2.0,Bus or coach (17 or more pass seats),No,Did not impact,2006.0,Slight,Fine no high winds,Dry,Daylight,30.0,Urban,2006.0
200601ZD30451,36 - 45,2.0,Urban area,9.0,9200.0,Bridge (roof),,Journey as part of work,Not at or within 20 metres of junction,DAF,,Heavy oil,Male,,No tow/articulation,Did not leave carriageway,0.0,Going ahead other,1.0,Bus or coach (17 or more pass seats),No,Front,2006.0,Slight,Fine no high winds,Dry,Daylight,30.0,Urban,2006.0
200637L013594,26 - 35,4.0,Rural,5.0,1242.0,,,Commuting to/from work,Approaching junction or waiting/parked at junction approach,FIAT,PUNTO ACTIVE,Petrol,Female,,No tow/articulation,Did not leave carriageway,0.0,Turning right,2.0,Car,No,Back,2006.0,Slight,Fine no high winds,Wet or damp,Daylight,30.0,Urban,2006.0
200543N440085,66 - 75,9.0,Rural,6.0,1700.0,,,Other/Not known (2005-10),Not at or within 20 metres of junction,VAUXHALL,ASTRA LS 1.7D TURBO,Heavy oil,Female,,No tow/articulation,Did not leave carriageway,0.0,Going ahead other,4.0,Car,No,Back,2005.0,Slight,Fine no high winds,Dry,Daylight,70.0,Rural,2005.0
200704CM07201,56 - 65,,Urban area,4.0,1910.0,Kerb,,Journey as part of work,Entering main road,VAUXHALL,ZAFIRA DESIGN CDTI 150 E4,Heavy oil,Male,,No tow/articulation,Did not leave carriageway,0.0,Changing lane to right,1.0,Car,No,Offside,2007.0,Slight,Fine no high winds,Dry,Daylight,70.0,Rural,2007.0
200601LX50572,21 - 25,7.0,Urban area,5.0,998.0,,,Other/Not known (2005-10),Mid Junction - on roundabout or on main road,NISSAN,MICRA PROFILE 16V,Petrol,Female,,No tow/articulation,Did not leave carriageway,0.0,Going ahead other,1.0,Car,No,Front,2006.0,Serious,Fine no high winds,Dry,Daylight,30.0,Urban,2006.0
200406X008360,16 - 20,5.0,Small town,9.0,998.0,,Central crash barrier,Data missing or out of range,Data missing or out of range,NISSAN,MICRA PROFILE 16V,Petrol,Female,Skidded,No tow/articulation,Offside on to central reservation,0.0,Going ahead other,2.0,109,Data missing or out of range,Front,2004.0,,,,,,,
200420J098001,26 - 35,7.0,Urban area,7.0,3960.0,,,Data missing or out of range,Data missing or out of range,CHRYSLER,,Petrol,Male,,No tow/articulation,Did not leave carriageway,0.0,Going ahead other,2.0,109,Data missing or out of range,Offside,2004.0,,,,,,,
200446CT01665,26 - 35,4.0,Urban area,10.0,1598.0,,,Data missing or out of range,Data missing or out of range,VAUXHALL,ASTRA ENVOY 8V,Petrol,Male,,No tow/articulation,Did not leave carriageway,0.0,Waiting to go - held up,2.0,109,Data missing or out of range,Did not impact,2004.0,,,,,,,
2004610115304,26 - 35,4.0,Data missing or out of range,,1296.0,,,Data missing or out of range,Data missing or out of range,DAIHATSU,CHARADE LXI SE,Petrol,Female,,No tow/articulation,Did not leave carriageway,0.0,Waiting to go - held up,2.0,109,Data missing or out of range,Back,2004.0,,,,,,,
2007131012007,16 - 20,,Urban area,3.0,,,,Journey as part of work,Approaching junction or waiting/parked at junction approach,FORD,,,Male,,No tow/articulation,Did not leave carriageway,0.0,Waiting to turn right,2.0,Car,No,Front,2007.0,Serious,Fine no high winds,Wet or damp,Daylight,30.0,Urban,2007.0
200745SU00698,36 - 45,1.0,Urban area,10.0,2902.0,,,Other/Not known (2005-10),Leaving roundabout,KIA,SEDONA SE+ AUTO,Heavy oil,Female,,No tow/articulation,Did not leave carriageway,0.0,Going ahead other,2.0,Car,No,Did not impact,2007.0,Slight,Fine no high winds,Dry,Daylight,30.0,Urban,2007.0
200404E083804,21 - 25,2.0,Data missing or out of range,,2999.0,,,Data missing or out of range,Data missing or out of range,ISUZU TRUCKS,NKR 77 TURBO ELECTRIC DI,Heavy oil,Male,Skidded,No tow/articulation,Did not leave carriageway,0.0,Going ahead other,2.0,Van / Goods 3.5 tonnes mgw or under,Data missing or out of range,Front,2004.0,,,,,,,
200701TD00010,21 - 25,4.0,Urban area,9.0,1360.0,,Other permanent object,Other/Not known (2005-10),Mid Junction - on roundabout or on main road,PEUGEOT,206 LOOK,Petrol,Female,,No tow/articulation,Offside,0.0,Turning right,1.0,Car,No,Offside,2007.0,Serious,Raining no high winds,Wet or damp,Daylight,30.0,Urban,2007.0
200801KF69318,Data missing or out of range,3.0,Urban area,4.0,1229.0,,,Other/Not known (2005-10),Not at or within 20 metres of junction,VAUXHALL,CORSA SXI TWINPORT S-A,Petrol,Male,,No tow/articulation,Did not leave carriageway,0.0,Parked,4.0,Car,No,Offside,2008.0,Slight,Fine no high winds,Wet or damp,Daylight,30.0,Urban,2008.0
200520H032801,56 - 65,,Urban area,8.0,,,,Journey as part of work,Approaching junction or waiting/parked at junction approach,VAUXHALL,COMBO LS 775 1.7D,,Male,,No tow/articulation,Did not leave carriageway,0.0,Waiting to go - held up,2.0,Car,No,Back,2005.0,Slight,Fine no high winds,Dry,Daylight,30.0,Urban,2005.0
2007460146676,16 - 20,8.0,Data missing or out of range,,1392.0,,,Other/Not known (2005-10),Not at or within 20 metres of junction,NISSAN,ALMERA PREMIUM,Petrol,Male,,No tow/articulation,Did not leave carriageway,0.0,Going ahead other,1.0,Car,No,Nearside,2007.0,Slight,Fine no high winds,Dry,Daylight,30.0,Urban,2007.0
200706K081303,36 - 45,7.0,Urban area,2.0,1598.0,,,Commuting to/from work,Approaching junction or waiting/parked at junction approach,VAUXHALL,ASTRA ENVOY 8V,Petrol,Female,,No tow/articulation,Did not leave carriageway,0.0,Waiting to turn right,2.0,Car,No,Back,2007.0,Slight,Fine no high winds,Dry,Darkness - lights lit,30.0,Urban,2007.0
200745RU11140,66 - 75,1.0,Urban area,10.0,1400.0,,,Other/Not known (2005-10),Leaving roundabout,VOLKSWAGEN,POLO S 75 AUTO,Petrol,Female,,No tow/articulation,Did not leave carriageway,0.0,Turning left,1.0,Car,No,Back,2007.0,Slight,Fine no high winds,Wet or damp,Darkness - no lighting,30.0,Rural,2007.0
200801TX20247,26 - 35,9.0,Urban area,7.0,,,,Journey as part of work,Not at or within 20 metres of junction,DENNIS,,Heavy oil,Male,,No tow/articulation,Did not leave carriageway,0.0,Slowing or stopping,1.0,Bus or coach (17 or more pass seats),No,Did not impact,2008.0,Slight,Fine no high winds,Dry,Daylight,30.0,Urban,2008.0
200597KA03803,36 - 45,9.0,Urban area,,,,,Journey as part of work,Cleared junction or waiting/parked at junction exit,VOLVO,,Heavy oil,Male,,No tow/articulation,Did not leave carriageway,0.0,Waiting to go - held up,2.0,Bus or coach (17 or more pass seats),No,Back,2005.0,Slight,Fine no high winds,Dry,Daylight,30.0,Urban,2005.0
20044200F0141,26 - 35,,Data missing or out of range,,,Parked vehicle,,Data missing or out of range,Data missing or out of range,FORD,TRAN CONNECT LX TDDI SWB,,Male,Overturned,No tow/articulation,Did not leave carriageway,0.0,Going ahead other,1.0,109,Data missing or out of range,Front,2004.0,,,,,,,
200801TX20572,56 - 65,2.0,Urban area,9.0,1910.0,,,Other/Not known (2005-10),Not at or within 20 metres of junction,SAAB,9-3 LINEAR DTH,Heavy oil,Male,,No tow/articulation,Did not leave carriageway,0.0,Going ahead left-hand bend,1.0,Taxi/Private hire car,No,Back,2008.0,Slight,Fine no high winds,Dry,Daylight,30.0,Urban,2008.0
200597KA02508,36 - 45,10.0,Urban area,,,,,Journey as part of work,Entering roundabout,DENNIS,,Heavy oil,Female,,No tow/articulation,Did not leave carriageway,0.0,Going ahead left-hand bend,2.0,Bus or coach (17 or more pass seats),No,Did not impact,2005.0,Slight,Fine no high winds,Dry,Daylight,30.0,Urban,2005.0
200705CC22279,66 - 75,3.0,Data missing or out of range,,1461.0,,,Other/Not known (2005-10),Entering main road,RENAULT,CLIO AUTHENTIQUE DCI 65,Heavy oil,Male,,No tow/articulation,Did not leave carriageway,0.0,Waiting to turn right,2.0,Car,No,Front,2007.0,Serious,Raining no high winds,Wet or damp,Darkness - lights lit,30.0,Urban,2007.0
200522GA38170,21 - 25,14.0,Rural,7.0,1809.0,Kerb,Lamp post,Other/Not known (2005-10),Leaving roundabout,NISSAN,200 SX EXECUTIVE,Petrol,Male,,No tow/articulation,Nearside,0.0,Going ahead other,1.0,Car,No,Front,2005.0,Slight,Raining no high winds,Wet or damp,Darkness - lights lit,60.0,Rural,2005.0
200620H056101,Data missing or out of range,2.0,Urban area,5.0,1596.0,,,Other/Not known (2005-10),Cleared junction or waiting/parked at junction exit,FORD,FOCUS FLIGHT,Petrol,Not known,,No tow/articulation,Did not leave carriageway,0.0,Parked,3.0,Car,No,Offside,2006.0,Slight,Fine no high winds,Dry,Darkness - lights lit,30.0,Urban,2006.0
2005170S13725,46 - 55,,Data missing or out of range,,2995.0,,,Other/Not known (2005-10),Leaving main road,LEXUS,RX300 SE-L AUTO,Petrol,Male,,No tow/articulation,Did not leave carriageway,0.0,Turning right,2.0,Car,No,Offside,2005.0,Serious,Fine no high winds,Dry,Darkness - lights lit,30.0,Urban,2005.0
200701PL68534,46 - 55,3.0,Urban area,3.0,1896.0,,,Journey as part of work,Approaching junction or waiting/parked at junction approach,SKODA,SUPERB CLASSIC 100 TDI,Heavy oil,Male,,No tow/articulation,Did not leave carriageway,3.0,Going ahead other,1.0,Taxi/Private hire car,No,Front,2007.0,Serious,Fine no high winds,Wet or damp,Daylight,30.0,Urban,2007.0
200806M002186,46 - 55,9.0,Urban area,5.0,998.0,,,Other/Not known (2005-10),Approaching junction or waiting/parked at junction approach,NISSAN,MICRA INSPIRATION 16V,Petrol,Female,,No tow/articulation,Did not leave carriageway,0.0,Waiting to go - held up,2.0,Car,No,Back,2008.0,Slight,Fine no high winds,Dry,Daylight,30.0,Urban,2008.0
2007160A00350,26 - 35,1.0,Urban area,1.0,3900.0,,Tree,Journey as part of work,Not at or within 20 metres of junction,ALEXANDER DENNIS,,Heavy oil,Male,,No tow/articulation,Nearside and rebounded,0.0,Going ahead other,1.0,Bus or coach (17 or more pass seats),No,Nearside,2007.0,Slight,Fine no high winds,Dry,Daylight,30.0,Urban,2007.0
200645RE81736,56 - 65,4.0,Urban area,10.0,1339.0,,,Other/Not known (2005-10),Approaching junction or waiting/parked at junction approach,HONDA,JAZZ SE SPORT,Petrol,Male,,No tow/articulation,Did not leave carriageway,0.0,Going ahead other,2.0,Car,No,Back,2006.0,Slight,Fine no high winds,Dry,Daylight,40.0,Rural,2006.0
2007130220007,21 - 25,5.0,Urban area,1.0,125.0,,,Other/Not known (2005-10),Leaving main road,APRILIA,,Petrol,Male,Skidded,No tow/articulation,Did not leave carriageway,0.0,Going ahead other,2.0,Motorcycle 50cc and under,No,Front,2007.0,Slight,Fine no high winds,Dry,Daylight,30.0,Urban,2007.0
20064100D0798,46 - 55,3.0,Small town,6.0,1339.0,,,Other/Not known (2005-10),Entering roundabout,HONDA,JAZZ SE CVT,Petrol,Female,,No tow/articulation,Did not leave carriageway,0.0,Going ahead other,1.0,Car,No,Front,2006.0,Slight,Fine no high winds,Dry,Daylight,60.0,Rural,2006.0
20073102C2523,21 - 25,8.0,Urban area,3.0,1242.0,,,Other/Not known (2005-10),Mid Junction - on roundabout or on main road,FIAT,BRAVO 80 SX,Petrol,Male,,No tow/articulation,Did not leave carriageway,0.0,Going ahead other,1.0,Car,No,Front,2007.0,Slight,Fine no high winds,Dry,Daylight,30.0,Urban,2007.0
20063102B0071,21 - 25,1.0,Rural,3.0,1794.0,,,Other/Not known (2005-10),Mid Junction - on roundabout or on main road,TOYOTA,CELICA VVTL-I GT,Petrol,Female,,No tow/articulation,Did not leave carriageway,0.0,Going ahead other,2.0,Car,No,Offside,2006.0,Slight,Fine no high winds,Wet or damp,Daylight,60.0,Rural,2006.0
200797GC01108,Over 75,3.0,Urban area,,3222.0,,,Other/Not known (2005-10),Mid Junction - on roundabout or on main road,MERCEDES,E320 CDI AVANTGARDE A,Heavy oil,Male,,No tow/articulation,Did not leave carriageway,0.0,Going ahead other,2.0,Car,No,Back,2007.0,Slight,Fine no high winds,Dry,Daylight,30.0,Urban,2007.0
2004230497625,26 - 35,5.0,Data missing or out of range,,11705.0,,,Data missing or out of range,Data missing or out of range,SCANIA,,Heavy oil,Male,,Articulated vehicle,Did not leave carriageway,0.0,Changing lane to left,1.0,Goods 7.5 tonnes mgw and over,Data missing or out of range,Nearside,2004.0,,,,,,,
200501KF60730,Data missing or out of range,13.0,Data missing or out of range,,1845.0,,,Other/Not known (2005-10),Not at or within 20 metres of junction,MAZDA,MX-3 1.8I ABS,Petrol,Male,,No tow/articulation,Did not leave carriageway,0.0,Reversing,1.0,Car,No,Back,2005.0,Slight,Fine no high winds,Dry,Daylight,30.0,Urban,2005.0
200801VK30135,Data missing or out of range,6.0,Urban area,8.0,8268.0,,,Journey as part of work,Mid Junction - on roundabout or on main road,DENNIS,,Heavy oil,Male,,No tow/articulation,Did not leave carriageway,0.0,Moving off,1.0,Bus or coach (17 or more pass seats),No,Did not impact,2008.0,Slight,Fine no high winds,Dry,Daylight,30.0,Urban,2008.0
2005470500254,21 - 25,8.0,Urban area,3.0,1493.0,,Near/Offside crash barrier,Journey as part of work,Not at or within 20 metres of junction,HONDA,CIVIC 1.5I LS,Petrol,Male,,No tow/articulation,Nearside,0.0,Going ahead other,1.0,Car,No,Front,2005.0,Slight,Fine no high winds,Wet or damp,Darkness - no lighting,70.0,Rural,2005.0
200401QA00574,46 - 55,13.0,Urban area,8.0,1990.0,,,Data missing or out of range,Data missing or out of range,BMW,520 I AUTO,Petrol,Male,,No tow/articulation,Did not leave carriageway,0.0,Reversing,2.0,109,Data missing or out of range,Back,2004.0,,,,,,,
2005440715730,16 - 20,10.0,Urban area,4.0,1299.0,,,Other/Not known (2005-10),Mid Junction - on roundabout or on main road,FORD,,Petrol,Female,,No tow/articulation,Did not leave carriageway,0.0,Turning right,1.0,Car,No,Front,2005.0,Slight,Raining no high winds,Wet or damp,Darkness - lights lit,30.0,Urban,2005.0
2004214214627,46 - 55,,Urban area,6.0,,,,Data missing or out of range,Data missing or out of range,NISSAN,CABSTAR E95 SWB,,Male,,No tow/articulation,Did not leave carriageway,0.0,Turning left,1.0,Van / Goods 3.5 tonnes mgw or under,Data missing or out of range,Nearside,2004.0,,,,,,,
200447K178492,46 - 55,15.0,Urban area,3.0,1993.0,,,Data missing or out of range,Data missing or out of range,FORD,SCORPIO AUTO,Petrol,Male,Skidded,No tow/articulation,Nearside,0.0,Going ahead left-hand bend,1.0,109,Data missing or out of range,Front,2004.0,,,,,,,
2006460131480,26 - 35,3.0,Urban area,5.0,1796.0,,,Commuting to/from work,Not at or within 20 metres of junction,VAUXHALL,VECTRA SXI 16V,Petrol,Male,,No tow/articulation,Did not leave carriageway,0.0,Going ahead other,2.0,Car,No,Back,2006.0,Slight,Fine no high winds,Dry,Darkness - no lighting,70.0,Rural,2006.0
200406L017351,36 - 45,4.0,Data missing or out of range,,12130.0,,,Data missing or out of range,Data missing or out of range,VOLVO,,Heavy oil,Male,,No tow/articulation,Did not leave carriageway,0.0,Changing lane to left,1.0,Other vehicle,Data missing or out of range,Nearside,2004.0,,,,,,,