Accident_Index,Age_Band_of_Driver,Age_of_Vehicle,Driver_Home_Area_Type,Driver_IMD_Decile,Engine_Capacity_.CC.,Hit_Object_in_Carriageway,Hit_Object_off_Carriageway,Journey_Purpose_of_Driver,Junction_Location,make,model,Propulsion_Code,Sex_of_Driver,Skidding_and_Overturning,Towing_and_Articulation,Vehicle_Leaving_Carriageway,Vehicle_Location.Restricted_Lane,Vehicle_Manoeuvre,Vehicle_Reference,Vehicle_Type,Was_Vehicle_Left_Hand_Drive,X1st_Point_of_Impact,Year_x,Severity_Label,Weather_Conditions,Road_Surface_Conditions,Light_Conditions,Speed_limit,Urban_or_Rural_Area,Year_y
200434NN03314,16 - 20,,Urban area,9.0,,,,Data missing or out of range,Data missing or out of range,APRILIA,,,Male,,No tow/articulation,Did not leave carriageway,0.0,Going ahead other,1.0,Motorcycle 50cc and under,Data missing or out of range,Offside,2004.0,,,,,,,
200801CW12247,Data missing or out of range,5.0,Data missing or out of range,,8268.0,,,Journey as part of work,Not at or within 20 metres of junction,DENNIS,,Heavy oil,Male,,No tow/articulation,Did not leave carriageway,0.0,Going ahead other,2.0,Bus or coach (17 or more pass seats),No,Nearside,2008.0,Slight,Raining no high winds,Wet or damp,Darkness - lights lit,30.0,Urban,2008.0
200643N315036,36 - 45,11.0,Data missing or out of range,,1995.0,,,Other/Not known (2005-10),Approaching junction or waiting/parked at junction approach,FIAT,COUPE 16V TURBO,Petrol,Male,,No tow/articulation,Did not leave carriageway,0.0,Reversing,1.0,Car,No,Nearside,2006.0,Slight,Other,Dry,Daylight,30.0,Urban,2006.0
200720J020301,26 - 35,2.0,Urban area,4.0,998.0,,,Other/Not known (2005-10),Entering roundabout,VAUXHALL,CORSA LIFE ECO TPORT S-A,Petrol,Female,,No tow/articulation,Did not leave carriageway,0.0,Going ahead other,1.0,Car,No,Front,2007.0,Serious,Fine no high winds,Dry,Darkness - lights lit,40.0,Urban,2007.0
2004070401876,26 - 35,2.0,Urban area,9.0,2402.0,,,Data missing or out of range,Data missing or out of range,FORD,TRANSIT 350 LWB TD,Heavy oil,Male,,No tow/articulation,Did not leave carriageway,0.0,Going ahead other,1.0,Van / Goods 3.5 tonnes mgw or under,Data missing or out of range,Front,2004.0,,,,,,,
200750B41D742,36 - 45,,Rural,2.0,1296.0,,,Data missing or out of range,Not at or within 20 metres of junction,TRIUMPH,HERALD 13/60,Petrol,Male,,No tow/articulation,Did not leave carriageway,0.0,Going ahead other,2.0,Car,No,Front,2007.0,Slight,Fine no high winds,Dry,Daylight,60.0,Rural,2007.0
2006440263259,36 - 45,2.0,Small town,10.0,3920.0,,,Commuting to/from work,Not at or within 20 metres of junction,IVECO,,Heavy oil,Male,,No tow/articulation,Did not leave carriageway,0.0,Going ahead other,2.0,Goods over 3.5t. and under 7.5t,No,Front,2006.0,Slight,Fine no high winds,Wet or damp,Daylight,60.0,Rural,2006.0
200706A086095,26 - 35,6.0,Data missing or out of range,,1590.0,,,Other/Not known (2005-10),Cleared junction or waiting/parked at junction exit,HONDA,CIVIC SE EXECUTIVE AUTO,Petrol,Male,,No tow/articulation,Did not leave carriageway,0.0,Parked,3.0,Car,No,Front,2007.0,Slight,Raining no high winds,Wet or damp,Daylight,30.0,Urban,2007.0
200543N136105,56 - 65,3.0,Urban area,1.0,11946.0,,,Journey as part of work,Not at or within 20 metres of junction,MERCEDES,,Heavy oil,Male,Skidded,Articulated vehicle,Did not leave carriageway,0.0,Going ahead other,1.0,Goods 7.5 tonnes mgw and over,No,Front,2005.0,Serious,Fine no high winds,Dry,Darkness - lights lit,70.0,Rural,2005.0
2007130075507,26 - 35,4.0,Small town,7.0,1242.0,,,Journey as part of work,Not at or within 20 metres of junction,FIAT,PUNTO ACTIVE,Petrol,Male,,No tow/articulation,Did not leave carriageway,0.0,Waiting to go - held up,2.0,Car,No,Back,2007.0,Slight,Fine no high winds,Wet or damp,Daylight,50.0,Rural,2007.0
200663DP40706,21 - 25,,Urban area,,645.0,,Entered ditch,Other/Not known (2005-10),Not at or within 20 metres of junction,SUZUKI,SV 650 SK6,Petrol,Male,Skidded,No tow/articulation,Offside,0.0,Going ahead left-hand bend,1.0,Motorcycle over 500cc,No,Front,2006.0,Slight,Fine no high winds,Wet or damp,Daylight,60.0,Rural,2006.0
2007131024907,26 - 35,9.0,Data missing or out of range,,1997.0,,,Journey as part of work,Not at or within 20 metres of junction,HONDA,ACCORD 2.0I SE,Petrol,Male,,No tow/articulation,Did not leave carriageway,0.0,Parked,1.0,Taxi/Private hire car,No,Nearside,2007.0,Slight,Fine no high winds,Dry,Daylight,30.0,Urban,2007.0
2005520054577,36 - 45,,Urban area,8.0,9603.0,,,Journey as part of work,Approaching junction or waiting/parked at junction approach,VOLVO,,Heavy oil,Male,,No tow/articulation,Did not leave carriageway,0.0,Going ahead left-hand bend,2.0,Goods 7.5 tonnes mgw and over,No,Front,2005.0,Slight,Raining no high winds,Wet or damp,Daylight,50.0,Rural,2005.0
2006620146488,56 - 65,1.0,Data missing or out of range,,1995.0,,,Other/Not known (2005-10),Entering main road,TOYOTA,COROLLA CLR C'N D-4D,Heavy oil,Male,,No tow/articulation,Did not leave carriageway,0.0,Moving off,1.0,Car,No,Front,2006.0,Serious,Unknown,Dry,Daylight,30.0,Urban,2006.0
2004620112963,56 - 65,11.0,Data missing or out of range,,,Road works,,Data missing or out of range,Data missing or out of range,VOLVO,,Heavy oil,Male,,No tow/articulation,Did not leave carriageway,0.0,Turning right,1.0,Bus or coach (17 or more pass seats),Data missing or out of range,Back,2004.0,,,,,,,
2007330705344,56 - 65,,Data missing or out of range,,,,,Other/Not known (2005-10),Cleared junction or waiting/parked at junction exit,FORD,S-MAX TITANIUM TDCI 6G,,Male,Skidded,No tow/articulation,Did not leave carriageway,0.0,Going ahead other,1.0,Goods over 3.5t. and under 7.5t,No,Front,2007.0,Slight,Fine no high winds,Dry,Darkness - lights lit,30.0,Urban,2007.0
2004600GN3086,46 - 55,1.0,Rural,,1360.0,,,Data missing or out of range,Data missing or out of range,PEUGEOT,206 LX AUTO,Petrol,Female,,No tow/articulation,Did not leave carriageway,0.0,Parked,2.0,109,Data missing or out of range,Offside,2004.0,,,,,,,
2004330401928,26 - 35,3.0,Urban area,6.0,2171.0,,,Data missing or out of range,Data missing or out of range,BMW,320CI SE,Petrol,Male,,No tow/articulation,Did not leave carriageway,0.0,Slowing or stopping,2.0,109,Data missing or out of range,Back,2004.0,,,,,,,
2005470507589,36 - 45,8.0,Urban area,6.0,1870.0,,,Commuting to/from work,Not at or within 20 metres of junction,RENAULT,MEGANE RT 1.9 TURBO-D,Heavy oil,Male,,No tow/articulation,Did not leave carriageway,0.0,Waiting to go - held up,3.0,Car,No,Back,2005.0,Slight,Fine no high winds,Wet or damp,Daylight,70.0,Urban,2005.0
200406A016803,46 - 55,4.0,Urban area,10.0,1991.0,,,Data missing or out of range,Data missing or out of range,ROVER,75 CLASSIC SE,Petrol,Male,Skidded,No tow/articulation,Did not leave carriageway,0.0,Going ahead left-hand bend,2.0,109,Data missing or out of range,Front,2004.0,,,,,,,
200705CC14800,21 - 25,5.0,Urban area,6.0,1998.0,,,Journey as part of work,Mid Junction - on roundabout or on main road,FORD,MONDEO LX TDDI,Heavy oil,Male,,No tow/articulation,Did not leave carriageway,0.0,Going ahead other,1.0,Car,No,Front,2007.0,Serious,Fine no high winds,Wet or damp,Daylight,70.0,Rural,2007.0
200704DL07165,36 - 45,3.0,Urban area,10.0,4398.0,,,Journey as part of work,Not at or within 20 metres of junction,BMW,645 CI AUTO,Petrol,Female,,No tow/articulation,Did not leave carriageway,0.0,Slowing or stopping,2.0,Car,No,Back,2007.0,Slight,Fine no high winds,Dry,Daylight,40.0,Rural,2007.0
2007960701227,26 - 35,2.0,Data missing or out of range,,1794.0,,,Other/Not known (2005-10),Not at or within 20 metres of junction,TOYOTA,AVENSIS T3-X,Petrol,Female,,No tow/articulation,Did not leave carriageway,0.0,Going ahead other,4.0,Car,No,Back,2007.0,Slight,Fine no high winds,Dry,Daylight,70.0,Rural,2007.0
200797LB21005,46 - 55,,Rural,,,,,Journey as part of work,Not at or within 20 metres of junction,VAUXHALL,COMBO 1700 DI,,Male,Skidded,No tow/articulation,Did not leave carriageway,0.0,Going ahead left-hand bend,1.0,Car,No,Front,2007.0,Slight,Raining + high winds,Wet or damp,Daylight,60.0,Rural,2007.0
200501JC30225,21 - 25,7.0,Urban area,2.0,1149.0,,,Other/Not known (2005-10),Approaching junction or waiting/parked at junction approach,RENAULT,CLIO BIARRITZ,Petrol,Female,,No tow/articulation,Did not leave carriageway,0.0,Going ahead other,1.0,Car,No,Nearside,2005.0,Slight,Fine no high winds,Dry,Daylight,30.0,Urban,2005.0
200801PY29078,26 - 35,,Urban area,2.0,749.0,,,Other/Not known (2005-10),Not at or within 20 metres of junction,SUZUKI,GSXR 750 K7,Petrol,Male,,No tow/articulation,Did not leave carriageway,0.0,Going ahead other,1.0,Motorcycle over 500cc,No,Nearside,2008.0,Slight,Fine no high winds,Dry,Daylight,30.0,Urban,2008.0
200701XD80613,46 - 55,8.0,Urban area,6.0,1590.0,,,Other/Not known (2005-10),Not at or within 20 metres of junction,HONDA,CIVIC ES AUTO,Petrol,Female,,No tow/articulation,Did not leave carriageway,0.0,Going ahead other,1.0,Car,No,Offside,2007.0,Slight,Fine no high winds,Dry,Daylight,50.0,Urban,2007.0
2006131185406,16 - 20,12.0,Urban area,4.0,1391.0,,,Other/Not known (2005-10),Not at or within 20 metres of junction,FORD,ESCORT AZURA,Petrol,Male,,No tow/articulation,Did not leave carriageway,0.0,Going ahead other,1.0,Car,No,Front,2006.0,Slight,Fine no high winds,Dry,Daylight,30.0,Urban,2006.0
2004131019304,36 - 45,8.0,Urban area,6.0,2495.0,,,Data missing or out of range,Data missing or out of range,LAND ROVER,110 DEFENDER SW TDI,Heavy oil,Male,,No tow/articulation,Did not leave carriageway,0.0,Going ahead other,4.0,109,Data missing or out of range,Did not impact,2004.0,,,,,,,
2004100181704,56 - 65,8.0,Data missing or out of range,,9600.0,,,Data missing or out of range,Data missing or out of range,VOLVO,,Heavy oil,Male,,No tow/articulation,Did not leave carriageway,0.0,Going ahead other,1.0,Bus or coach (17 or more pass seats),Data missing or out of range,Did not impact,2004.0,,,,,,,
2007400B02351,16 - 20,8.0,Urban area,9.0,1686.0,,,Other/Not known (2005-10),Leaving main road,VAUXHALL,CORSA BREEZE DIESEL,Heavy oil,Male,,No tow/articulation,Did not leave carriageway,0.0,Turning right,1.0,Car,No,Nearside,2007.0,Slight,Fine no high winds,Dry,Darkness - lights lit,30.0,Urban,2007.0
200434NN00219,56 - 65,18.0,Urban area,,1721.0,,,Data missing or out of range,Data missing or out of range,VOLVO,340 GLE,Petrol,Male,,No tow/articulation,Did not leave carriageway,0.0,Going ahead other,1.0,109,Data missing or out of range,Front,2004.0,,,,,,,
2007120180251,46 - 55,3.0,Urban area,1.0,11967.0,Bridge (side),Near/Offside crash barrier,Journey as part of work,Not at or within 20 metres of junction,MAN,,Heavy oil,Female,Skidded and overturned,Articulated vehicle,Offside,0.0,Going ahead right-hand bend,1.0,Goods 7.5 tonnes mgw and over,No,Offside,2007.0,Fatal,Fine + high winds,Dry,Daylight,60.0,Rural,2007.0
200704CC07119,46 - 55,2.0,Urban area,1.0,1686.0,,,Other/Not known (2005-10),Mid Junction - on roundabout or on main road,VAUXHALL,ASTRAVAN ENVOY CDTI,Heavy oil,Male,,No tow/articulation,Did not leave carriageway,0.0,Going ahead other,2.0,Van / Goods 3.5 tonnes mgw or under,No,Front,2007.0,Slight,Fine no high winds,Dry,Darkness - lights lit,40.0,Rural,2007.0
200542J012503,26 - 35,5.0,Urban area,5.0,2402.0,,,Journey as part of work,Approaching junction or waiting/parked at junction approach,FORD,TRANSIT 350 LWB TD,Heavy oil,Male,,No tow/articulation,Did not leave carriageway,0.0,Reversing,1.0,Van / Goods 3.5 tonnes mgw or under,No,Back,2005.0,Slight,Fine no high winds,Dry,Daylight,30.0,Urban,2005.0
200601JC30761,26 - 35,1.0,Urban area,4.0,1598.0,,,Journey as part of work,Not at or within 20 metres of junction,VOLKSWAGEN,GOLF FSI SE,Petrol,Male,,No tow/articulation,Did not leave carriageway,0.0,Going ahead other,1.0,Car,No,Front,2006.0,Slight,Fine no high winds,Dry,Darkness - lights lit,30.0,Urban,2006.0
2007521800322,36 - 45,13.0,Urban area,6.0,1331.0,,,Other/Not known (2005-10),Entering roundabout,TOYOTA,COROLLA XLI EXPRESS,Petrol,Female,,No tow/articulation,Did not leave carriageway,0.0,Waiting to go - held up,1.0,Car,No,Back,2007.0,Slight,Unknown,Dry,Daylight,30.0,Urban,2007.0
200806K087135,36 - 45,4.0,Urban area,5.0,1896.0,,,Other/Not known (2005-10),Mid Junction - on roundabout or on main road,VOLKSWAGEN,TOURAN SE TDI,Heavy oil,Male,,No tow/articulation,Did not leave carriageway,0.0,Going ahead other,2.0,Car,No,Offside,2008.0,Slight,Raining no high winds,Wet or damp,Darkness - lights lit,30.0,Urban,2008.0
200501KD50715,26 - 35,,Small town,10.0,125.0,,,Other/Not known (2005-10),Leaving roundabout,HONDA,SES 125-4,Petrol,Male,,No tow/articulation,Did not leave carriageway,0.0,Going ahead other,1.0,Motorcycle 125cc and under,No,Did not impact,2005.0,Slight,Fine no high winds,Dry,Darkness - no lighting,30.0,Urban,2005.0
2004130490904,Data missing or out of range,1.0,Data missing or out of range,,1461.0,,,Data missing or out of range,Data missing or out of range,RENAULT,MEGANE AUTHENTIQUE DCI 80,Heavy oil,Not known,,No tow/articulation,Did not leave carriageway,0.0,Turning left,1.0,109,Data missing or out of range,Offside,2004.0,,,,,,,
2005070505773,56 - 65,,Urban area,9.0,2720.0,,,Other/Not known (2005-10),Not at or within 20 metres of junction,JAGUAR,S-TYPE SE DIESEL AUTO,Heavy oil,Male,,No tow/articulation,Did not leave carriageway,0.0,Going ahead left-hand bend,2.0,Car,No,Front,2005.0,Serious,Fine no high winds,Dry,Darkness - no lighting,60.0,Rural,2005.0
2007460136841,66 - 75,1.0,Rural,7.0,1991.0,,,Other/Not known (2005-10),Mid Junction - on roundabout or on main road,HYUNDAI,TUCSON CRTD GSI,Heavy oil,Male,,No tow/articulation,Did not leave carriageway,0.0,Going ahead other,2.0,Car,No,Front,2007.0,Slight,Fine no high winds,Dry,Daylight,30.0,Urban,2007.0
200801NI70336,36 - 45,1.0,Urban area,2.0,499.0,Parked vehicle,,Other/Not known (2005-10),Approaching junction or waiting/parked at junction approach,HONDA,CBF 500 A-6,Petrol,Male,,No tow/articulation,Did not leave carriageway,0.0,Going ahead other,1.0,Motorcycle over 125cc and up to 500cc,No,Front,2008.0,Fatal,Fine no high winds,Dry,Daylight,30.0,Urban,2008.0
200411BD06480,66 - 75,3.0,Rural,4.0,1997.0,,,Data missing or out of range,Data missing or out of range,CITROEN,XSARA PICASSO LX HDI,Heavy oil,Male,Skidded,No tow/articulation,Did not leave carriageway,0.0,Going ahead other,1.0,109,Data missing or out of range,Front,2004.0,,,,,,,
200742I538108,Data missing or out of range,7.0,Data missing or out of range,,2799.0,,,Other/Not known (2005-10),Approaching junction or waiting/parked at junction approach,VAUXHALL,MOVANO DTI 3500 LWB,Heavy oil,Male,,No tow/articulation,Did not leave carriageway,0.0,Slowing or stopping,1.0,Van / Goods 3.5 tonnes mgw or under,No,Front,2007.0,Slight,Fine no high winds,Dry,Daylight,70.0,Rural,2007.0
2007160C02370,36 - 45,,Data missing or out of range,,,,,Commuting to/from work,Approaching junction or waiting/parked at junction approach,CITROEN,DISPATCH 900 ENTERPRISE,,Male,,No tow/articulation,Did not leave carriageway,0.0,Going ahead other,1.0,Car,No,Front,2007.0,Slight,Fine no high winds,Dry,Daylight,30.0,Rural,2007.0
200401XH00165,21 - 25,,Data missing or out of range,,,,,Data missing or out of range,Data missing or out of range,VAUXHALL,VIVARO 2700 DTI SWB,,Male,,No tow/articulation,Did not leave carriageway,0.0,Going ahead other,2.0,Other vehicle,Data missing or out of range,Front,2004.0,,,,,,,
2007360039691,16 - 20,1.0,Urban area,7.0,49.0,,,Other/Not known (2005-10),Mid Junction - on roundabout or on main road,GILERA,,Petrol,Male,,No tow/articulation,Did not leave carriageway,0.0,Going ahead other,2.0,Motorcycle 50cc and under,No,Offside,2007.0,Slight,Fine no high winds,Dry,Daylight,30.0,Urban,2007.0
2004360022719,Data missing or out of range,,Data missing or out of range,,,,,Data missing or out of range,Data missing or out of range,BEDFORD,ASTRA 9 TD DY,,Male,,No tow/articulation,Did not leave carriageway,0.0,Going ahead other,1.0,109,Data missing or out of range,Nearside,2004.0,,,,,,,
200537G018796,26 - 35,10.0,Rural,6.0,2165.0,,Other permanent object,Other/Not known (2005-10),Not at or within 20 metres of junction,RENAULT,SAFRANE 2.2VI EXECUTIVE,Petrol,Male,,No tow/articulation,Nearside,0.0,Going ahead other,1.0,Car,No,Offside,2005.0,Slight,Fine no high winds,Dry,Darkness - no lighting,60.0,Rural,2005.0
2006350212106,26 - 35,8.0,Urban area,2.0,1995.0,,Other permanent object,Other/Not known (2005-10),Not at or within 20 metres of junction,MAZDA,323 ZXI V6 24V,Petrol,Female,,No tow/articulation,Nearside,6.0,Going ahead other,1.0,Car,No,Front,2006.0,Slight,Fine no high winds,Dry,Daylight,30.0,Urban,2006.0
200401KD50010,36 - 45,8.0,Urban area,7.0,2799.0,Kerb,Other permanent object,Data missing or out of range,Data missing or out of range,MERCEDES,C280 SPORT AUTO,Petrol,Male,,No tow/articulation,Nearside,0.0,Slowing or stopping,1.0,109,Data missing or out of range,Nearside,2004.0,,,,,,,
2004950005495,36 - 45,4.0,Rural,,11705.0,,,Data missing or out of range,Data missing or out of range,SCANIA,,Heavy oil,Male,Overturned,Other tow,Nearside,0.0,Going ahead other,1.0,Goods 7.5 tonnes mgw and over,Data missing or out of range,Nearside,2004.0,,,,,,,
200763DP39407,21 - 25,1.0,Urban area,,1747.0,,Entered ditch,Other/Not known (2005-10),Not at or within 20 metres of junction,FIAT,STILO SPORTING 16V,Petrol,Male,Skidded and overturned,No tow/articulation,Offside,0.0,Going ahead other,1.0,Car,No,Front,2007.0,Slight,Fine no high winds,Dry,Daylight,60.0,Rural,2007.0
200401RG40357,56 - 65,9.0,Urban area,4.0,1996.0,,,Data missing or out of range,Data missing or out of range,MERCEDES,C200 ELEGANCE AUTO,Petrol,Male,,No tow/articulation,Did not leave carriageway,0.0,Going ahead other,1.0,109,Data missing or out of range,Offside,2004.0,,,,,,,
2007400B01006,26 - 35,1.0,Urban area,9.0,125.0,,,Commuting to/from work,Mid Junction - on roundabout or on main road,HONDA,CBR 125 RS-6,Petrol,Male,Skidded,No tow/articulation,Did not leave carriageway,0.0,Going ahead left-hand bend,2.0,Motorcycle over 125cc and up to 500cc,No,Front,2007.0,Slight,Raining no high winds,Wet or damp,Daylight,30.0,Urban,2007.0
2004950010366,Data missing or out of range,9.0,Data missing or out of range,,1597.0,,,Data missing or out of range,Data missing or out of range,NISSAN,PRIMERA EQUATION,Petrol,Not known,,No tow/articulation,Did not leave carriageway,0.0,Parked,2.0,109,Data missing or out of range,Front,2004.0,,,,,,,
2007920704267,46 - 55,2.0,Urban area,,1910.0,,,Journey as part of work,Not at or within 20 metres of junction,VAUXHALL,VECTRA SRI CDTI,Heavy oil,Male,,No tow/articulation,Did not leave carriageway,0.0,Going ahead other,1.0,Taxi/Private hire car,No,Front,2007.0,Slight,Fine no high winds,Wet or damp,Darkness - lights lit,30.0,Urban,2007.0
200601YE80375,66 - 75,5.0,Urban area,5.0,1199.0,,,Other/Not known (2005-10),Not at or within 20 metres of junction,KAWASAKI,ZX1200-A1,Petrol,Male,Skidded,No tow/articulation,Did not leave carriageway,0.0,Going ahead other,3.0,Motorcycle over 500cc,No,Front,2006.0,Slight,Fine no high winds,Dry,Daylight,30.0,Urban,2006.0
2007330700061,16 - 20,3.0,Urban area,10.0,998.0,,,Journey as part of work,Approaching junction or waiting/parked at junction approach,VAUXHALL,CORSA DESIGN TWINPORT,Petrol,Female,,No tow/articulation,Did not leave carriageway,0.0,Going ahead other,2.0,Car,No,Front,2007.0,Slight,Fine no high winds,Wet or damp,Darkness - lights lit,40.0,Urban,2007.0
2007620163561,46 - 55,6.0,Data missing or out of range,,1594.0,,,Other/Not known (2005-10),Not at or within 20 metres of junction,KIA,SHUMA S,Petrol,Male,,No tow/articulation,Did not leave carriageway,0.0,Slowing or stopping,3.0,Car,No,Back,2007.0,Slight,Fine no high winds,Dry,Daylight,40.0,Urban,2007.0
200706F083559,Over 75,2.0,Urban area,5.0,1598.0,,,Other/Not known (2005-10),Approaching junction or waiting/parked at junction approach,MAZDA,3 TS,Petrol,Male,,No tow/articulation,Did not leave carriageway,0.0,Waiting to turn right,2.0,Car,No,Back,2007.0,Slight,Unknown,Dry,Daylight,30.0,Urban,2007.0
2005555B04820,Data missing or out of range,7.0,Data missing or out of range,,2393.0,,,Data missing or out of range,Not at or within 20 metres of junction,AUDI,A4 2.4 SE AUTO,Petrol,Not known,,No tow/articulation,Did not leave carriageway,9.0,Going ahead other,2.0,Car,Data missing or out of range,Front,2005.0,Slight,Fine no high winds,Dry,Daylight,30.0,Urban,2005.0
2004440OC0826,36 - 45,8.0,Urban area,9.0,499.0,,,Data missing or out of range,Data missing or out of range,HONDA,,Petrol,Male,Skidded,No tow/articulation,Did not leave carriageway,0.0,Overtaking moving vehicle - offside,2.0,106,Data missing or out of range,Nearside,2004.0,,,,,,,
200642H005702,26 - 35,16.0,Urban area,3.0,1388.0,,,Journey as part of work,Approaching junction or waiting/parked at junction approach,VAUXHALL,ASTRA STARLIGHT,Petrol,Male,,No tow/articulation,Did not leave carriageway,0.0,Going ahead other,2.0,Car,No,Front,2006.0,Slight,Raining no high winds,Wet or damp,Daylight,30.0,Urban,2006.0
200597LB70511,36 - 45,1.0,Urban area,,5880.0,,,Journey as part of work,Not at or within 20 metres of junction,DAF TRUCKS,FA CF65.220,Heavy oil,Male,,No tow/articulation,Did not leave carriageway,0.0,Going ahead other,2.0,Goods 7.5 tonnes mgw and over,No,Front,2005.0,Serious,Fine no high winds,Wet or damp,Daylight,60.0,Rural,2005.0
2006360037118,36 - 45,3.0,Rural,6.0,11705.0,,Entered ditch,Journey as part of work,Not at or within 20 metres of junction,SCANIA,,Heavy oil,Male,Overturned,Articulated vehicle,Nearside,0.0,Going ahead right-hand bend,2.0,Goods 7.5 tonnes mgw and over,No,Nearside,2006.0,Slight,Fine no high winds,Dry,Daylight,60.0,Rural,2006.0
200650E61B342,46 - 55,11.0,Rural,9.0,1905.0,,,Data missing or out of range,Data missing or out of range,PEUGEOT,405 GLX TURBO DIESEL,Heavy oil,Female,,No tow/articulation,Did not leave carriageway,0.0,Going ahead other,3.0,Car,Data missing or out of range,Back,2006.0,Slight,Fine no high winds,Wet or damp,Daylight,60.0,Rural,2006.0
2005160C03420,36 - 45,2.0,Small town,7.0,1870.0,,,Other/Not known (2005-10),Leaving main road,VOLVO,V40 D SPORT,Heavy oil,Female,,No tow/articulation,Did not leave carriageway,0.0,Turning right,1.0,Car,No,Nearside,2005.0,Serious,Unknown,Dry,Daylight,60.0,Rural,2005.0
200720Z034001,36 - 45,3.0,Urban area,7.0,2402.0,,,Journey as part of work,Approaching junction or waiting/parked at junction approach,FORD,TRANSIT 350 LWB TD,Heavy oil,Male,,No tow/articulation,Did not leave carriageway,0.0,Waiting to go - held up,3.0,Van / Goods 3.5 tonnes mgw or under,No,Offside,2007.0,Slight,Fine no high winds,Dry,Daylight,50.0,Urban,2007.0
200446SK89391,26 - 35,5.0,Data missing or out of range,,1120.0,,,Data missing or out of range,Data missing or out of range,ROVER,211I,Petrol,Female,,No tow/articulation,Did not leave carriageway,0.0,Turning right,1.0,109,Data missing or out of range,Offside,2004.0,,,,,,,
2007122840643,36 - 45,6.0,Small town,5.0,1597.0,,,Journey as part of work,Not at or within 20 metres of junction,NISSAN,PRIMERA 1.6E,Petrol,Male,Skidded,No tow/articulation,Nearside,0.0,Going ahead other,2.0,Car,No,Offside,2007.0,Slight,Fine no high winds,Dry,Darkness - no lighting,60.0,Rural,2007.0
200447K175323,21 - 25,8.0,Urban area,5.0,1996.0,,,Data missing or out of range,Data missing or out of range,MERCEDES,C200 ELEGANCE AUTO,Petrol,Male,Skidded,No tow/articulation,Did not leave carriageway,0.0,Going ahead other,2.0,109,Data missing or out of range,Front,2004.0,,,,,,,
2007620170170,56 - 65,6.0,Urban area,,1298.0,,,Other/Not known (2005-10),Cleared junction or waiting/parked at junction exit,SUZUKI,,Petrol,Male,Skidded,No tow/articulation,Did not leave carriageway,0.0,Going ahead other,2.0,Motorcycle over 500cc,No,Offside,2007.0,Slight,Fine no high winds,Dry,Daylight,30.0,Urban,2007.0
200642I278207,21 - 25,17.0,Urban area,4.0,1993.0,,,Other/Not known (2005-10),Approaching junction or waiting/parked at junction approach,FORD,SIERRA RS COSWORTH,Petrol,Male,,No tow/articulation,Did not leave carriageway,0.0,Going ahead other,2.0,Car,No,Front,2006.0,Slight,Fine no high winds,Dry,Daylight,40.0,Rural,2006.0
2006620156323,36 - 45,6.0,Data missing or out of range,,1388.0,,,Other/Not known (2005-10),Not at or within 20 metres of junction,FORD,PUMA 1.4 16V,Petrol,Female,,No tow/articulation,Did not leave carriageway,0.0,Waiting to go - held up,3.0,Car,No,Back,2006.0,Slight,Fine no high winds,Dry,Daylight,70.0,Urban,2006.0
2005470506165,36 - 45,6.0,Urban area,4.0,1997.0,,,Other/Not known (2005-10),Not at or within 20 metres of junction,PEUGEOT,406 LX HDI(110),Heavy oil,Male,,No tow/articulation,Did not leave carriageway,0.0,U-turn,1.0,Car,No,Offside,2005.0,Slight,Fine no high winds,Dry,Daylight,30.0,Urban,2005.0
200801KD72533,16 - 20,1.0,Urban area,9.0,1598.0,,,Other/Not known (2005-10),Approaching junction or waiting/parked at junction approach,MINI,ONE,Petrol,Male,,No tow/articulation,Did not leave carriageway,0.0,Going ahead other,2.0,Car,No,Front,2008.0,Slight,Fine no high winds,Dry,Darkness - lights lit,30.0,Urban,2008.0
2007130655807,46 - 55,2.0,Urban area,3.0,1461.0,,,Commuting to/from work,Not at or within 20 metres of junction,RENAULT,MEGANE SL OASIS DCI 85 E4,Heavy oil,Male,,No tow/articulation,Did not leave carriageway,0.0,Slowing or stopping,2.0,Car,No,Back,2007.0,Slight,Fine no high winds,Dry,Daylight,70.0,Rural,2007.0
200537B024039,26 - 35,1.0,Rural,5.0,1598.0,,Entered ditch,Other/Not known (2005-10),Not at or within 20 metres of junction,RENAULT,CLIO DYNAMIQUE 16V,Petrol,Female,Skidded and overturned,No tow/articulation,Offside,0.0,Going ahead other,1.0,Car,No,Offside,2005.0,Slight,Fine no high winds,Wet or damp,Darkness - no lighting,60.0,Rural,2005.0
200505BS01062,46 - 55,2.0,Data missing or out of range,,1839.0,,,Journey as part of work,Approaching junction or waiting/parked at junction approach,MAZDA,MX-5 S-VT SPORT,Petrol,Female,,No tow/articulation,Did not leave carriageway,0.0,Going ahead other,1.0,Car,No,Front,2005.0,Slight,Raining no high winds,Wet or damp,Daylight,30.0,Urban,2005.0
20044200C0151,66 - 75,5.0,Urban area,9.0,2460.0,,,Data missing or out of range,Data missing or out of range,VOLVO,S80 D AUTO,Heavy oil,Male,,No tow/articulation,Did not leave carriageway,0.0,Changing lane to right,1.0,109,Data missing or out of range,Offside,2004.0,,,,,,,