Accident_Index,Age_Band_of_Driver,Age_of_Vehicle,Driver_Home_Area_Type,Driver_IMD_Decile,Engine_Capacity_.CC.,Hit_Object_in_Carriageway,Hit_Object_off_Carriageway,Journey_Purpose_of_Driver,Junction_Location,make,model,Propulsion_Code,Sex_of_Driver,Skidding_and_Overturning,Towing_and_Articulation,Vehicle_Leaving_Carriageway,Vehicle_Location.Restricted_Lane,Vehicle_Manoeuvre,Vehicle_Reference,Vehicle_Type,Was_Vehicle_Left_Hand_Drive,X1st_Point_of_Impact,Year_x,Severity_Label,Weather_Conditions,Road_Surface_Conditions,Light_Conditions,Speed_limit,Urban_or_Rural_Area,Year_y
200563BC19705,Over 75,16.0,Urban area,,1397.0,,Road sign or traffic signal,Other/Not known (2005-10),Not at or within 20 metres of junction,VOLVO,340 GL AUTO,Petrol,Female,,No tow/articulation,Did not leave carriageway,0.0,Going ahead right-hand bend,1.0,Car,No,Front,2005.0,Slight,Fine no high winds,Dry,Daylight,30.0,Rural,2005.0
200801ZD31014,46 - 55,8.0,Urban area,5.0,2000.0,,,Other/Not known (2005-10),Cleared junction or waiting/parked at junction exit,VOLKSWAGEN,,Petrol,Female,,No tow/articulation,Did not leave carriageway,0.0,Going ahead left-hand bend,1.0,Car,No,Front,2008.0,Slight,Fine no high winds,Dry,Darkness - lights lit,30.0,Urban,2008.0
200401TE00393,46 - 55,1.0,Urban area,10.0,1796.0,,,Data missing or out of range,Data missing or out of range,MERCEDES,C180 KOMP. CLASSIC SE A,Petrol,Male,,No tow/articulation,Did not leave carriageway,0.0,Slowing or stopping,1.0,109,Data missing or out of range,Front,2004.0,,,,,,,
200550D41G386,21 - 25,8.0,Urban area,,1149.0,,,Data missing or out of range,Not at or within 20 metres of junction,RENAULT,CLIO BIARRITZ,Petrol,Male,,No tow/articulation,Did not leave carriageway,0.0,Going ahead other,1.0,Car,No,Front,2005.0,Slight,Raining no high winds,Wet or damp,Daylight,70.0,Rural,2005.0
200520G095601,36 - 45,5.0,Urban area,2.0,1124.0,,,Journey as part of work,Not at or within 20 metres of junction,PEUGEOT,106 XN ZEST 2,Petrol,Male,,No tow/articulation,Did not leave carriageway,0.0,Going ahead right-hand bend,2.0,Taxi/Private hire car,No,Front,2005.0,Slight,Fine no high winds,Dry,Darkness - lights lit,30.0,Urban,2005.0
2005100651805,26 - 35,7.0,Data missing or out of range,,1597.0,,,Other/Not known (2005-10),Leaving main road,FORD,ESCORT FINESSE 16V,Petrol,Female,,No tow/articulation,Did not leave carriageway,0.0,Turning right,2.0,Car,No,Front,2005.0,Slight,Fine no high winds,Dry,Darkness - lights lit,30.0,Urban,2005.0
20044200J0015,16 - 20,,Urban area,8.0,,,,Data missing or out of range,Data missing or out of range,PEUGEOT,VIVACITY 50,,Male,Skidded and overturned,No tow/articulation,Did not leave carriageway,0.0,Going ahead left-hand bend,1.0,Motorcycle 50cc and under,Data missing or out of range,Nearside,2004.0,,,,,,,
2007217019683,21 - 25,,Urban area,1.0,,,,Journey as part of work,Not at or within 20 metres of junction,VAUXHALL,ASTRAVAN ENVOY CDTI,,Male,,No tow/articulation,Did not leave carriageway,0.0,Changing lane to right,1.0,Car,No,Front,2007.0,Slight,Fine no high winds,Dry,Daylight,70.0,Rural,2007.0
2005440543304,56 - 65,,Urban area,6.0,2148.0,,,Commuting to/from work,Not at or within 20 metres of junction,MERCEDES,VITO 111 CDI XLONG,Heavy oil,Male,,No tow/articulation,Did not leave carriageway,0.0,Slowing or stopping,2.0,Van / Goods 3.5 tonnes mgw or under,No,Back,2005.0,Slight,Fine no high winds,Dry,Daylight,70.0,Rural,2005.0
200545SP73722,26 - 35,,Data missing or out of range,,1995.0,,,Other/Not known (2005-10),Not at or within 20 metres of junction,BMW,118D SPORT,Heavy oil,Male,,No tow/articulation,Did not leave carriageway,0.0,Going ahead other,2.0,Car,No,Back,2005.0,Slight,Unknown,Dry,Daylight,70.0,Rural,2005.0
200430D000370,46 - 55,4.0,Data missing or out of range,,1242.0,,,Data missing or out of range,Data missing or out of range,FIAT,PUNTO 90 ELX,Petrol,Male,,No tow/articulation,Did not leave carriageway,0.0,Going ahead other,2.0,109,Data missing or out of range,Front,2004.0,,,,,,,
2006330601931,16 - 20,10.0,Data missing or out of range,,1905.0,,Tree,Other/Not known (2005-10),Not at or within 20 metres of junction,PEUGEOT,,Heavy oil,Male,,No tow/articulation,Offside and rebounded,0.0,Going ahead right-hand bend,1.0,Car,No,Offside,2006.0,Serious,Fine + high winds,Dry,Daylight,60.0,Rural,2006.0
2005215213093,Data missing or out of range,2.0,Urban area,7.0,1242.0,,,Other/Not known (2005-10),Approaching junction or waiting/parked at junction approach,FIAT,PUNTO ACTIVE,Petrol,Female,,No tow/articulation,Did not leave carriageway,0.0,Waiting to turn right,3.0,Car,No,Back,2005.0,Slight,Fine no high winds,Dry,Daylight,50.0,Rural,2005.0
200497AB03308,36 - 45,15.0,Urban area,,1272.0,,,Data missing or out of range,Data missing or out of range,VOLKSWAGEN,JETTA 4+E,Petrol,Male,,No tow/articulation,Did not leave carriageway,0.0,Going ahead other,1.0,109,Data missing or out of range,Front,2004.0,,,,,,,
200620L095501,26 - 35,1.0,Urban area,1.0,3600.0,,,Other/Not known (2005-10),Entering roundabout,PORSCHE,911 CARRERA 4 S,Petrol,Male,,No tow/articulation,Did not leave carriageway,0.0,Turning left,1.0,Car,No,Offside,2006.0,Slight,Fine no high winds,Dry,Daylight,30.0,Urban,2006.0
200601KG70191,26 - 35,8.0,Urban area,3.0,1998.0,Kerb,Near/Offside crash barrier,Other/Not known (2005-10),Not at or within 20 metres of junction,FIAT,COUPE 20V TURBO,Petrol,Female,Skidded,No tow/articulation,Offside on to central reservation,0.0,Going ahead other,1.0,Car,No,Front,2006.0,Slight,Fine no high winds,Dry,Darkness - lights lit,50.0,Urban,2006.0
200722FA85403,36 - 45,7.0,Urban area,5.0,1997.0,,,Journey as part of work,Leaving main road,PEUGEOT,406 LX HDI (110),Heavy oil,Male,,No tow/articulation,Did not leave carriageway,0.0,Turning right,1.0,Taxi/Private hire car,No,Offside,2007.0,Slight,Other,Wet or damp,Daylight,60.0,Rural,2007.0
200750E41J481,21 - 25,22.0,Urban area,4.0,700.0,,,Data missing or out of range,Approaching junction or waiting/parked at junction approach,YAMAHA,,Petrol,Male,,No tow/articulation,Did not leave carriageway,0.0,Going ahead other,2.0,Motorcycle over 500cc,No,Offside,2007.0,Serious,Fine no high winds,Dry,Daylight,30.0,Urban,2007.0
2007440453541,56 - 65,,Urban area,2.0,,Parked vehicle,,Journey as part of work,Cleared junction or waiting/parked at junction exit,VAUXHALL,COMBO 2000 CDTI 16V,,Male,,No tow/articulation,Did not leave carriageway,0.0,Going ahead other,1.0,Car,No,Front,2007.0,Slight,Raining no high winds,Wet or damp,Darkness - lights lit,30.0,Urban,2007.0
2007440182237,56 - 65,3.0,Urban area,8.0,1753.0,,,Other/Not known (2005-10),Approaching junction or waiting/parked at junction approach,FORD,FOCUS EDGE DIESEL,Heavy oil,Male,,No tow/articulation,Did not leave carriageway,0.0,Going ahead other,2.0,Taxi/Private hire car,No,Nearside,2007.0,Slight,Fine no high winds,Dry,Daylight,40.0,Urban,2007.0
200697UA70706,46 - 55,12.0,Urban area,,,,,Journey as part of work,Cleared junction or waiting/parked at junction exit,VOLVO,,Heavy oil,Male,,No tow/articulation,Did not leave carriageway,0.0,Going ahead other,1.0,Bus or coach (17 or more pass seats),No,Front,2006.0,Serious,Raining + high winds,Wet or damp,Daylight,30.0,Urban,2006.0
200750C41K871,36 - 45,,Urban area,6.0,,,,Data missing or out of range,Not at or within 20 metres of junction,PEUGEOT,EXPERT E7 TAXI,,Female,,No tow/articulation,Did not leave carriageway,0.0,Going ahead other,3.0,Car,No,Back,2007.0,Slight,Fine no high winds,Dry,Daylight,40.0,Rural,2007.0
2004554W03382,36 - 45,1.0,Data missing or out of range,,1590.0,,,Data missing or out of range,Data missing or out of range,SUZUKI,GRAND VITARA 16V SPORT,Petrol,Female,Skidded,No tow/articulation,Did not leave carriageway,,Going ahead other,1.0,109,Data missing or out of range,Front,2004.0,,,,,,,
2006610100006,26 - 35,9.0,Data missing or out of range,,1753.0,,,Journey as part of work,Mid Junction - on roundabout or on main road,FORD,MONDEO GHIA TD,Heavy oil,Male,,No tow/articulation,Did not leave carriageway,0.0,Going ahead other,1.0,Car,No,Front,2006.0,Slight,Raining no high winds,Wet or damp,Darkness - lights lit,30.0,Urban,2006.0
200532D017905,21 - 25,9.0,Data missing or out of range,,899.0,Parked vehicle,,Other/Not known (2005-10),Not at or within 20 metres of junction,FIAT,CINQUECENTO SX,Petrol,Female,Overturned,No tow/articulation,Did not leave carriageway,0.0,Going ahead other,1.0,Car,No,Did not impact,2005.0,Slight,Raining no high winds,Wet or damp,Daylight,30.0,Urban,2005.0
2006556B01221,56 - 65,17.0,Urban area,6.0,1597.0,,,Other/Not known (2005-10),Not at or within 20 metres of junction,NISSAN,SUNNY GSX,Petrol,Female,,No tow/articulation,Did not leave carriageway,0.0,Going ahead other,1.0,Car,No,Back,2006.0,Slight,Fine no high winds,Dry,Daylight,30.0,Urban,2006.0
2004160C10120,56 - 65,5.0,Small town,8.0,1242.0,,,Data missing or out of range,Data missing or out of range,FIAT,PUNTO SX 60,Petrol,Female,,No tow/articulation,Did not leave carriageway,0.0,Slowing or stopping,2.0,109,Data missing or out of range,Back,2004.0,,,,,,,
200604FL06175,36 - 45,8.0,Urban area,2.0,1998.0,Parked vehicle,,Other/Not known (2005-10),Not at or within 20 metres of junction,VAUXHALL,VECTRA SRI 140,Petrol,Female,,No tow/articulation,Did not leave carriageway,0.0,Going ahead other,1.0,Car,No,Front,2006.0,Slight,Raining no high winds,Wet or damp,Darkness - lights lit,30.0,Rural,2006.0
200801CW11976,46 - 55,,Data missing or out of range,,,,,Other/Not known (2005-10),Cleared junction or waiting/parked at junction exit,PIAGGIO,ET2,,Female,Skidded,No tow/articulation,Did not leave carriageway,0.0,Going ahead other,2.0,Motorcycle 125cc and under,No,Did not impact,2008.0,Slight,Fine no high winds,Wet or damp,Daylight,30.0,Urban,2008.0
200743R172077,36 - 45,10.0,Urban area,5.0,1840.0,,,Other/Not known (2005-10),Mid Junction - on roundabout or on main road,MAZDA,323 EXECUTIVE AUTO,Petrol,Female,,No tow/articulation,Did not leave carriageway,0.0,Going ahead other,2.0,Car,No,Offside,2007.0,Slight,Raining no high winds,Wet or damp,Daylight,30.0,Urban,2007.0
2007123570011,16 - 20,6.0,Urban area,7.0,1124.0,Parked vehicle,,Other/Not known (2005-10),Not at or within 20 metres of junction,CITROEN,SAXO FORTE,Petrol,Male,Skidded,No tow/articulation,Did not leave carriageway,0.0,Going ahead other,1.0,Car,No,Front,2007.0,Slight,Fine no high winds,Wet or damp,Darkness - no lighting,60.0,Rural,2007.0
200550B41I413,26 - 35,8.0,Urban area,2.0,2370.0,,,Data missing or out of range,Not at or within 20 metres of junction,VOLKSWAGEN,1200 D SWB,Heavy oil,Male,,No tow/articulation,Did not leave carriageway,0.0,Going ahead other,1.0,Van / Goods 3.5 tonnes mgw or under,No,Offside,2005.0,Slight,Fine no high winds,Dry,Daylight,30.0,Urban,2005.0
200532C056405,36 - 45,2.0,Rural,3.0,1995.0,,Entered ditch,Commuting to/from work,Entering main road,VAUXHALL,ZAFIRA DESIGN DTI 16V,Heavy oil,Male,,No tow/articulation,Nearside,0.0,Turning right,2.0,Car,No,Offside,2005.0,Slight,Raining no high winds,Wet or damp,Daylight,50.0,Rural,2005.0
200730D000133,26 - 35,18.0,Urban area,3.0,1600.0,,,Other/Not known (2005-10),Entering main road,VOLKSWAGEN,,Petrol,Female,,No tow/articulation,Did not leave carriageway,0.0,Reversing,1.0,Car,No,Back,2007.0,Slight,Fine no high winds,Dry,Daylight,30.0,Urban,2007.0
2004230497741,26 - 35,15.0,Urban area,6.0,1298.0,,,Data missing or out of range,Data missing or out of range,SUZUKI,SWIFT GTI,Petrol,Male,,No tow/articulation,Nearside,0.0,Going ahead other,2.0,109,Data missing or out of range,Nearside,2004.0,,,,,,,
2007470704633,26 - 35,28.0,Urban area,10.0,,,,Journey as part of work,Mid Junction - on roundabout or on main road,LEYLAND NATIONAL,,Heavy oil,Male,,No tow/articulation,Did not leave carriageway,2.0,Going ahead other,2.0,Bus or coach (17 or more pass seats),No,Front,2007.0,Slight,Fine no high winds,Dry,Daylight,30.0,Urban,2007.0
2005230590652,56 - 65,4.0,Urban area,1.0,10308.0,,,Journey as part of work,Not at or within 20 metres of junction,IVECO-FORD,,Heavy oil,Male,,Articulated vehicle,Did not leave carriageway,0.0,Going ahead other,1.0,Goods 7.5 tonnes mgw and over,No,Front,2005.0,Fatal,Fog or mist,Dry,Darkness - no lighting,70.0,Rural,2005.0
2004100987504,21 - 25,1.0,Data missing or out of range,,1995.0,,,Data missing or out of range,Data missing or out of range,VAUXHALL,ASTRA LS DTI,Heavy oil,Male,,No tow/articulation,Did not leave carriageway,0.0,Going ahead other,1.0,109,Data missing or out of range,Front,2004.0,,,,,,,
200701PL60353,36 - 45,,Urban area,6.0,124.0,,,Other/Not known (2005-10),Mid Junction - on roundabout or on main road,QINGQI,,Petrol,Male,,No tow/articulation,Did not leave carriageway,0.0,Overtaking static vehicle - offside,1.0,Motorcycle 125cc and under,No,Nearside,2007.0,Serious,Fine no high winds,Dry,Darkness - lights lit,30.0,Urban,2007.0
2007350362707,16 - 20,3.0,Urban area,2.0,1364.0,,,Other/Not known (2005-10),Approaching junction or waiting/parked at junction approach,VAUXHALL,CORSA EXCLUSIV TWINPORT,Petrol,Male,,No tow/articulation,Did not leave carriageway,0.0,Waiting to turn right,2.0,Car,No,Back,2007.0,Slight,Fine no high winds,Dry,Daylight,60.0,Rural,2007.0
2007070701157,46 - 55,7.0,Urban area,2.0,,,,Other/Not known (2005-10),Approaching junction or waiting/parked at junction approach,DAF,,Heavy oil,Male,,No tow/articulation,Did not leave carriageway,0.0,Waiting to go - held up,5.0,Bus or coach (17 or more pass seats),No,Back,2007.0,Slight,Fine no high winds,Dry,Daylight,40.0,Urban,2007.0
2005520124371,46 - 55,7.0,Urban area,5.0,4250.0,Parked vehicle,,Journey as part of work,Not at or within 20 metres of junction,MERCEDES,,Heavy oil,Male,Skidded,No tow/articulation,Did not leave carriageway,0.0,Going ahead left-hand bend,1.0,Bus or coach (17 or more pass seats),No,Front,2005.0,Slight,Raining no high winds,Wet or damp,Daylight,30.0,Urban,2005.0
2006620154887,26 - 35,25.0,Data missing or out of range,,498.0,,,Other/Not known (2005-10),Cleared junction or waiting/parked at junction exit,HONDA,,Petrol,Male,Skidded,No tow/articulation,Offside,0.0,Turning right,1.0,Motorcycle over 125cc and up to 500cc,No,Front,2006.0,Slight,Fine no high winds,Dry,Daylight,60.0,Rural,2006.0
2007440222883,16 - 20,11.0,Urban area,1.0,599.0,,,Other/Not known (2005-10),Not at or within 20 metres of junction,YAMAHA,,Petrol,Male,,No tow/articulation,Did not leave carriageway,0.0,Going ahead right-hand bend,2.0,Motorcycle over 500cc,No,Front,2007.0,Slight,Fine no high winds,Dry,Daylight,40.0,Urban,2007.0
200401DM00147,56 - 65,12.0,Urban area,2.0,1396.0,,,Data missing or out of range,Data missing or out of range,ROVER,214 GSI,Petrol,Female,,No tow/articulation,Did not leave carriageway,0.0,Going ahead other,1.0,109,Data missing or out of range,Offside,2004.0,,,,,,,
200601RY10385,36 - 45,4.0,Urban area,2.0,5883.0,,,Journey as part of work,Mid Junction - on roundabout or on main road,DENNIS,,Heavy oil,Male,,No tow/articulation,Did not leave carriageway,0.0,Going ahead other,2.0,Bus or coach (17 or more pass seats),No,Front,2006.0,Slight,Fine no high winds,Dry,Daylight,30.0,Urban,2006.0
2005440752622,16 - 20,24.0,Urban area,4.0,99.0,,,Other/Not known (2005-10),Approaching junction or waiting/parked at junction approach,HONDA,,Petrol,Male,,No tow/articulation,Did not leave carriageway,0.0,Going ahead other,1.0,Motorcycle 125cc and under,No,Front,2005.0,Slight,Fine no high winds,Wet or damp,Darkness - lights lit,30.0,Urban,2005.0
200697EA04206,16 - 20,3.0,Urban area,,998.0,,,Other/Not known (2005-10),Not at or within 20 metres of junction,VAUXHALL,CORSA ACTIVE TWINPORT,Petrol,Female,,No tow/articulation,Did not leave carriageway,0.0,Slowing or stopping,1.0,Car,No,Front,2006.0,Serious,Fine no high winds,Dry,Daylight,30.0,Urban,2006.0
200704TA07231,46 - 55,,Rural,6.0,2401.0,,,Other/Not known (2005-10),Not at or within 20 metres of junction,VOLVO,S60 S D5 AUTO,Heavy oil,Male,,No tow/articulation,Did not leave carriageway,0.0,Slowing or stopping,2.0,Car,No,Nearside,2007.0,Slight,Fine no high winds,Dry,Daylight,70.0,Rural,2007.0
200701WW50473,46 - 55,,Urban area,4.0,,,,Other/Not known (2005-10),Not at or within 20 metres of junction,CITROEN,BERLINGO 600D X,,Male,,No tow/articulation,Did not leave carriageway,0.0,U-turn,1.0,Car,No,Offside,2007.0,Slight,Fine no high winds,Dry,Daylight,30.0,Urban,2007.0
2007981129407,26 - 35,14.0,Urban area,,1389.0,,,Other/Not known (2005-10),Approaching junction or waiting/parked at junction approach,VAUXHALL,ASTRA CALIFORNIA,Petrol,Male,Skidded,No tow/articulation,Did not leave carriageway,0.0,Going ahead other,1.0,Car,No,Front,2007.0,Slight,Fine no high winds,Wet or damp,Daylight,60.0,Rural,2007.0
2007600CO9055,56 - 65,6.0,Urban area,,1598.0,,,Other/Not known (2005-10),Entering main road,VAUXHALL,ASTRA ENVOY 8V AUTO,Petrol,Male,,No tow/articulation,Did not leave carriageway,0.0,Turning right,1.0,Car,No,Front,2007.0,Slight,Fine no high winds,Dry,Daylight,60.0,Rural,2007.0
200601SX20486,Data missing or out of range,4.0,Urban area,8.0,998.0,,,Other/Not known (2005-10),Cleared junction or waiting/parked at junction exit,NISSAN,MICRA TWISTER,Petrol,Male,,No tow/articulation,Did not leave carriageway,0.0,Going ahead left-hand bend,2.0,Car,No,Front,2006.0,Slight,Fine no high winds,Dry,Daylight,30.0,Urban,2006.0
2007950007165,66 - 75,,Rural,,2204.0,,,Other/Not known (2005-10),Cleared junction or waiting/parked at junction exit,HONDA,CR-V EX I-CTDI,Heavy oil,Male,,No tow/articulation,Did not leave carriageway,0.0,Moving off,2.0,Car,No,Offside,2007.0,Serious,Raining no high winds,Wet or damp,Daylight,30.0,Urban,2007.0
200514D102405,36 - 45,6.0,Urban area,1.0,9600.0,,,Journey as part of work,Not at or within 20 metres of junction,VOLVO,,Heavy oil,Male,,No tow/articulation,Did not leave carriageway,0.0,Slowing or stopping,1.0,Bus or coach (17 or more pass seats),No,Did not impact,2005.0,Slight,Fine no high winds,Dry,Daylight,30.0,Urban,2005.0
200443P366014,Data missing or out of range,7.0,Data missing or out of range,,1948.0,,,Data missing or out of range,Data missing or out of range,VOLVO,S40 SE 2.0I,Petrol,Male,Skidded,No tow/articulation,Nearside,0.0,Overtaking moving vehicle - offside,1.0,109,Data missing or out of range,Front,2004.0,,,,,,,
2005215333375,46 - 55,,Urban area,2.0,2488.0,,Road sign or traffic signal,Other/Not known (2005-10),Mid Junction - on roundabout or on main road,NISSAN,PATHFINDER SE DCI 174,Heavy oil,Male,,No tow/articulation,Straight ahead at junction,0.0,Turning right,1.0,Car,No,Front,2005.0,Slight,Fine no high winds,Dry,Daylight,30.0,Urban,2005.0
200446NK99079,Data missing or out of range,2.0,Rural,6.0,2926.0,,,Data missing or out of range,Data missing or out of range,BMW,,Heavy oil,Male,Skidded,No tow/articulation,Did not leave carriageway,0.0,Going ahead other,2.0,109,Data missing or out of range,Front,2004.0,,,,,,,
200447K176311,26 - 35,8.0,Urban area,4.0,1997.0,,,Data missing or out of range,Data missing or out of range,HONDA,ACCORD AERODECK LS,Petrol,Male,,No tow/articulation,Did not leave carriageway,0.0,Going ahead other,1.0,109,Data missing or out of range,Back,2004.0,,,,,,,
2005460112484,26 - 35,5.0,Urban area,2.0,124.0,,,Other/Not known (2005-10),Cleared junction or waiting/parked at junction exit,GILERA,COGUAR,Petrol,Male,,No tow/articulation,Did not leave carriageway,0.0,Slowing or stopping,1.0,Motorcycle 125cc and under,No,Front,2005.0,Slight,Fine no high winds,Dry,Daylight,30.0,Urban,2005.0
2005215121261,26 - 35,10.0,Urban area,3.0,1761.0,,Tree,Other/Not known (2005-10),Not at or within 20 metres of junction,PEUGEOT,405 GLX AUTO,Petrol,Male,Overturned,No tow/articulation,Offside,0.0,Going ahead other,1.0,Car,No,Front,2005.0,Slight,Fine no high winds,Dry,Daylight,30.0,Urban,2005.0
2006440427464,36 - 45,13.0,Urban area,6.0,124.0,,Central crash barrier,Other/Not known (2005-10),Not at or within 20 metres of junction,APRILIA,,Petrol,Male,Skidded,No tow/articulation,Offside on to central reservation,0.0,Going ahead other,1.0,Motorcycle 125cc and under,No,Offside,2006.0,Serious,Fine no high winds,Dry,Daylight,50.0,Urban,2006.0
200601GD10033,36 - 45,,Urban area,6.0,,,,Other/Not known (2005-10),Approaching junction or waiting/parked at junction approach,VAUXHALL,ASTRAVAN LS DUALFUEL,,Male,,No tow/articulation,Did not leave carriageway,0.0,Going ahead other,1.0,Car,No,Front,2006.0,Serious,Fine no high winds,Dry,Daylight,30.0,Urban,2006.0
200514A222705,36 - 45,,Urban area,3.0,,,,Journey as part of work,Approaching junction or waiting/parked at junction approach,VAUXHALL,ASTRAVAN ENVOY CDTI,,Male,,No tow/articulation,Did not leave carriageway,0.0,Waiting to turn right,1.0,Car,No,Back,2005.0,Slight,Raining no high winds,Wet or damp,Darkness - no lighting,60.0,Rural,2005.0
2006600CO9007,66 - 75,11.0,Urban area,,1896.0,,,Other/Not known (2005-10),Approaching junction or waiting/parked at junction approach,VOLKSWAGEN,VENTO L DIESEL,Heavy oil,Female,,No tow/articulation,Did not leave carriageway,0.0,Going ahead other,1.0,Car,No,Front,2006.0,Slight,Fine no high winds,Wet or damp,Daylight,30.0,Rural,2006.0
200497GA00301,36 - 45,,Urban area,,,,,Data missing or out of range,Data missing or out of range,MERCEDES,208D LWB,,Male,,No tow/articulation,Did not leave carriageway,0.0,Going ahead other,1.0,Goods over 3.5t. and under 7.5t,Data missing or out of range,Front,2004.0,,,,,,,
200711BE18050,36 - 45,10.0,Small town,1.0,1998.0,Parked vehicle,,Other/Not known (2005-10),Approaching junction or waiting/parked at junction approach,KIA,SPORTAGE GLX,Petrol,Male,Skidded,No tow/articulation,Did not leave carriageway,0.0,Going ahead right-hand bend,1.0,Car,No,Front,2007.0,Slight,Fine no high winds,Wet or damp,Daylight,30.0,Rural,2007.0
2005215326711,16 - 20,,Data missing or out of range,,,,Tree,Other/Not known (2005-10),Not at or within 20 metres of junction,HONDA,NT650V DEAUVILLE,,Male,Skidded,No tow/articulation,Offside,0.0,Going ahead right-hand bend,1.0,Car,No,Front,2005.0,Slight,Fine no high winds,Dry,Daylight,30.0,Rural,2005.0
200401QK00505,21 - 25,5.0,Data missing or out of range,,1598.0,,,Data missing or out of range,Data missing or out of range,VAUXHALL,VECTRA ENVOY 8V,Petrol,Female,,No tow/articulation,Did not leave carriageway,0.0,Going ahead other,2.0,109,Data missing or out of range,Front,2004.0,,,,,,,
200501SX20455,46 - 55,2.0,Urban area,4.0,1590.0,,,Other/Not known (2005-10),Not at or within 20 metres of junction,SUZUKI,GRAND VITARA 16V SPORT AUTO,Petrol,Male,,No tow/articulation,Did not leave carriageway,0.0,Parked,1.0,Car,No,Nearside,2005.0,Slight,Fine no high winds,Dry,Daylight,30.0,Urban,2005.0
200801KF69482,26 - 35,6.0,Urban area,4.0,1199.0,,,Other/Not known (2005-10),Not at or within 20 metres of junction,VAUXHALL,CORSA COMFORT 16V,Petrol,Male,,No tow/articulation,Did not leave carriageway,0.0,Slowing or stopping,1.0,Car,No,Back,2008.0,Slight,Raining + high winds,Wet or damp,Darkness - lights lit,30.0,Urban,2008.0
200501YR90356,36 - 45,10.0,Urban area,3.0,1794.0,,,Other/Not known (2005-10),Not at or within 20 metres of junction,VOLVO,440 S,Petrol,Male,,No tow/articulation,Did not leave carriageway,0.0,Going ahead other,1.0,Car,No,Front,2005.0,Slight,Fine no high winds,Dry,Darkness - lights lit,30.0,Urban,2005.0
2004214335068,26 - 35,,Urban area,2.0,,,,Data missing or out of range,Data missing or out of range,VAUXHALL,FRONTERA TRANSGLOBE TDS,,Female,,No tow/articulation,Did not leave carriageway,0.0,Parked,1.0,Motorcycle 50cc and under,Data missing or out of range,Offside,2004.0,,,,,,,
200614C004606,56 - 65,2.0,Urban area,1.0,49.0,,,Journey as part of work,Approaching junction or waiting/parked at junction approach,YAMAHA,JOG R,Petrol,Male,,No tow/articulation,Did not leave carriageway,0.0,Slowing or stopping,1.0,Motorcycle 50cc and under,No,Back,2006.0,Slight,Raining + high winds,Wet or damp,Daylight,40.0,Urban,2006.0
200801LX50631,56 - 65,5.0,Urban area,2.0,49.0,,,Other/Not known (2005-10),Mid Junction - on roundabout or on main road,PEUGEOT,VIVACITY 50,Petrol,Male,Skidded,No tow/articulation,Did not leave carriageway,0.0,Turning right,1.0,Motorcycle 50cc and under,No,Offside,2008.0,Slight,Fine no high winds,Dry,Daylight,30.0,Urban,2008.0
200501CW11257,26 - 35,8.0,Urban area,4.0,1896.0,,,Other/Not known (2005-10),Mid Junction - on roundabout or on main road,FORD,GALAXY GHIA X TDI,Heavy oil,Male,,No tow/articulation,Did not leave carriageway,0.0,Turning right,1.0,Car,No,Offside,2005.0,Slight,Fine no high winds,Dry,Darkness - lights lit,30.0,Urban,2005.0
200801JI76414,26 - 35,2.0,Urban area,6.0,124.0,,Lamp post,Other/Not known (2005-10),Not at or within 20 metres of junction,HONDA,CG 125-4,Petrol,Male,,No tow/articulation,Nearside,0.0,Going ahead right-hand bend,1.0,Motorcycle 125cc and under,No,Nearside,2008.0,Fatal,Fine no high winds,Dry,Daylight,30.0,Urban,2008.0
200701TE00124,Data missing or out of range,2.0,Data missing or out of range,,1995.0,,,Journey as part of work,Approaching junction or waiting/parked at junction approach,VAUXHALL,ZAFIRA DESIGN DTI 16V A,Heavy oil,Male,,No tow/articulation,Did not leave carriageway,0.0,Going ahead other,1.0,Car,No,Front,2007.0,Slight,Fine no high winds,Dry,Daylight,30.0,Urban,2007.0
200545EL78511,66 - 75,8.0,Data missing or out of range,,1590.0,,,Other/Not known (2005-10),Cleared junction or waiting/parked at junction exit,SUZUKI,BALENO GLX AUTO,Petrol,Female,,No tow/articulation,Nearside,0.0,Going ahead other,1.0,Car,No,Front,2005.0,Serious,Fog or mist,Wet or damp,Daylight,30.0,Rural,2005.0
200430A000623,36 - 45,8.0,Rural,7.0,1753.0,,Tree,Data missing or out of range,Data missing or out of range,FORD,MONDEO GHIA DSL TURBO,Heavy oil,Female,Skidded and overturned,No tow/articulation,Nearside,0.0,Going ahead right-hand bend,1.0,109,Data missing or out of range,Front,2004.0,,,,,,,
200501PY20520,46 - 55,9.0,Urban area,5.0,1998.0,Parked vehicle,,Other/Not known (2005-10),Not at or within 20 metres of junction,VAUXHALL,OMEGA 2.0 16V GLS AUTO,Petrol,Female,,No tow/articulation,Did not leave carriageway,0.0,Parked,2.0,Car,No,Front,2005.0,Slight,Fine no high winds,Dry,Daylight,30.0,Urban,2005.0