Accident_Index,Age_Band_of_Driver,Age_of_Vehicle,Driver_Home_Area_Type,Driver_IMD_Decile,Engine_Capacity_.CC.,Hit_Object_in_Carriageway,Hit_Object_off_Carriageway,Journey_Purpose_of_Driver,Junction_Location,make,model,Propulsion_Code,Sex_of_Driver,Skidding_and_Overturning,Towing_and_Articulation,Vehicle_Leaving_Carriageway,Vehicle_Location.Restricted_Lane,Vehicle_Manoeuvre,Vehicle_Reference,Vehicle_Type,Was_Vehicle_Left_Hand_Drive,X1st_Point_of_Impact,Year_x,Severity_Label,Weather_Conditions,Road_Surface_Conditions,Light_Conditions,Speed_limit,Urban_or_Rural_Area,Year_y
2007520714065,16 - 20,15.0,Rural,,1389.0,,,Other/Not known (2005-10),Mid Junction - on roundabout or on main road,VAUXHALL,ASTRA LS I,Petrol,Female,,No tow/articulation,Did not leave carriageway,0.0,Going ahead other,2.0,Car,No,Front,2007.0,Slight,Raining + high winds,Wet or damp,Darkness - no lighting,60.0,Rural,2007.0
2006130059206,26 - 35,,Urban area,8.0,,,,Other/Not known (2005-10),Entering main road,MITSUBISHI,L200 ANIMAL LWB 4WD,,Male,Skidded,No tow/articulation,Did not leave carriageway,0.0,Turning left,1.0,Car,No,Did not impact,2006.0,Slight,Fine no high winds,Frost or ice,Darkness - lights lit,30.0,Rural,2006.0
200505ET01337,46 - 55,3.0,Urban area,,1396.0,,,Other/Not known (2005-10),Mid Junction - on roundabout or on main road,HONDA,CIVIC VISION,Petrol,Male,,No tow/articulation,Did not leave carriageway,0.0,Going ahead other,1.0,Car,No,Offside,2005.0,Slight,Fine no high winds,Dry,Daylight,30.0,Urban,2005.0
200401RG40383,36 - 45,13.0,Urban area,6.0,1598.0,,,Data missing or out of range,Data missing or out of range,MAZDA,323 GLXI ABS,Petrol,Male,,No tow/articulation,Did not leave carriageway,0.0,Overtaking static vehicle - offside,1.0,109,Data missing or out of range,Back,2004.0,,,,,,,
2007460147379,46 - 55,,Urban area,6.0,1995.0,,,Other/Not known (2005-10),Mid Junction - on roundabout or on main road,BMW,320I SE TOURING AUTO,Petrol,Female,,No tow/articulation,Did not leave carriageway,0.0,Going ahead other,2.0,Car,No,Front,2007.0,Slight,Raining no high winds,Wet or damp,Daylight,40.0,Rural,2007.0
20064100C0521,26 - 35,12.0,Urban area,4.0,1975.0,,,Taking pupil to/from school,Mid Junction - on roundabout or on main road,TOYOTA,CARINA E KUDOS,Heavy oil,Female,,No tow/articulation,Did not leave carriageway,0.0,Turning right,1.0,Car,No,Offside,2006.0,Slight,Raining no high winds,Wet or damp,Daylight,30.0,Urban,2006.0
2007440424474,66 - 75,14.0,Small town,7.0,1760.0,,Other permanent object,Other/Not known (2005-10),Leaving main road,CITROEN,BX TXD TURBO,Heavy oil,Male,,No tow/articulation,Offside,0.0,Turning right,1.0,Car,No,Offside,2007.0,Slight,Fine no high winds,Dry,Daylight,60.0,Rural,2007.0
2004130863604,26 - 35,3.0,Urban area,7.0,2979.0,,,Data missing or out of range,Data missing or out of range,BMW,530I SE AUTO,Petrol,Male,,No tow/articulation,Did not leave carriageway,0.0,Waiting to turn right,1.0,109,Data missing or out of range,Offside,2004.0,,,,,,,
2005130953905,Data missing or out of range,11.0,Data missing or out of range,,1389.0,,,Other/Not known (2005-10),Not at or within 20 metres of junction,VAUXHALL,ASTRA LS I,Petrol,Female,,No tow/articulation,Did not leave carriageway,0.0,Parked,3.0,Car,No,Did not impact,2005.0,Serious,Fine no high winds,Dry,Daylight,30.0,Urban,2005.0
2006460128811,16 - 20,9.0,Small town,9.0,1124.0,,,Other/Not known (2005-10),Leaving roundabout,PEUGEOT,106 XL INDEPENDENCE,Petrol,Female,,No tow/articulation,Did not leave carriageway,0.0,Going ahead other,2.0,Car,No,Nearside,2006.0,Slight,Raining no high winds,Wet or damp,Daylight,30.0,Urban,2006.0
20074100T3090,Data missing or out of range,3.0,Data missing or out of range,,1149.0,,,Other/Not known (2005-10),Approaching junction or waiting/parked at junction approach,RENAULT,CLIO DYNAMIQUE 16V,Petrol,Male,,No tow/articulation,Did not leave carriageway,0.0,Going ahead other,1.0,Car,No,Front,2007.0,Slight,Fine no high winds,Dry,Daylight,50.0,Rural,2007.0
200446WL96849,36 - 45,2.0,Data missing or out of range,,1998.0,,,Data missing or out of range,Data missing or out of range,MERCEDES,,Petrol,Female,,No tow/articulation,Did not leave carriageway,0.0,Going ahead other,2.0,109,Data missing or out of range,Front,2004.0,,,,,,,
200447K181327,26 - 35,,Urban area,3.0,459.0,,,Data missing or out of range,Data missing or out of range,PIAGGIO,B 500,Petrol,Male,Skidded,No tow/articulation,Did not leave carriageway,0.0,Going ahead other,2.0,106,Data missing or out of range,Front,2004.0,,,,,,,
200604CD06001,46 - 55,2.0,Urban area,8.0,1997.0,,,Journey as part of work,Approaching junction or waiting/parked at junction approach,PEUGEOT,307 S HDI 90,Heavy oil,Male,,No tow/articulation,Nearside,0.0,Going ahead other,1.0,Car,No,Offside,2006.0,Slight,Fine no high winds,Wet or damp,Daylight,50.0,Rural,2006.0
2005440789956,Data missing or out of range,,Data missing or out of range,,1599.0,,,Other/Not known (2005-10),Entering roundabout,FORD,CAPRI 1600 XL,Petrol,Male,Skidded,No tow/articulation,Did not leave carriageway,0.0,Going ahead other,2.0,Car,No,Front,2005.0,Slight,Fine no high winds,Dry,Darkness - lights lit,40.0,Urban,2005.0
2005215M09369,46 - 55,3.0,Small town,9.0,1995.0,,,Other/Not known (2005-10),Not at or within 20 metres of junction,VAUXHALL,ASTRA LS DTI,Heavy oil,Female,,No tow/articulation,Did not leave carriageway,0.0,Slowing or stopping,1.0,Car,No,Front,2005.0,Slight,Fine no high winds,Dry,Daylight,70.0,Rural,2005.0
2008070384107,46 - 55,5.0,Small town,8.0,1388.0,,,Other/Not known (2005-10),Not at or within 20 metres of junction,FORD,FUSION 1 16V,Petrol,Female,Skidded,No tow/articulation,Nearside,0.0,Going ahead left-hand bend,3.0,Car,No,Front,2008.0,Slight,Raining no high winds,Wet or damp,Darkness - no lighting,60.0,Rural,2008.0
20074100B0170,16 - 20,4.0,Data missing or out of range,,2148.0,,Telegraph or electricity pole,Other/Not known (2005-10),Not at or within 20 metres of junction,MERCEDES,C220 CDI CLASSIC SE A,Heavy oil,Male,Skidded,No tow/articulation,Offside,0.0,Going ahead right-hand bend,1.0,Car,No,Offside,2007.0,Slight,Raining + high winds,Wet or damp,Darkness - no lighting,60.0,Rural,2007.0
200704TA07242,66 - 75,3.0,Small town,9.0,1590.0,,,Other/Not known (2005-10),Not at or within 20 metres of junction,HONDA,HR-V AUTO,Petrol,Male,,No tow/articulation,Did not leave carriageway,0.0,Going ahead other,1.0,Car,No,Front,2007.0,Slight,Fine no high winds,Dry,Daylight,50.0,Rural,2007.0
2007930002186,56 - 65,4.0,Urban area,,1398.0,,,Other/Not known (2005-10),Approaching junction or waiting/parked at junction approach,CITROEN,C3 HDI EXCLUSIVE,Heavy oil,Male,,No tow/articulation,Did not leave carriageway,0.0,Waiting to go - held up,2.0,Car,No,Back,2007.0,Slight,Raining no high winds,Wet or damp,Daylight,30.0,Urban,2007.0
200805AA29157,36 - 45,3.0,Urban area,6.0,1910.0,,,Commuting to/from work,Mid Junction - on roundabout or on main road,VAUXHALL,VECTRA SXI CDTI,Heavy oil,Female,,No tow/articulation,Did not leave carriageway,0.0,Turning right,1.0,Car,No,Nearside,2008.0,Slight,Fine no high winds,Wet or damp,Daylight,30.0,Urban,2008.0
2007440374442,46 - 55,4.0,Rural,7.0,1840.0,,,Other/Not known (2005-10),Mid Junction - on roundabout or on main road,MAZDA,MX-5 1.8I,Petrol,Female,,No tow/articulation,Did not leave carriageway,0.0,Going ahead other,2.0,Car,No,Front,2007.0,Slight,Fine no high winds,Dry,Daylight,60.0,Rural,2007.0
200522GB39174,36 - 45,3.0,Urban area,8.0,1686.0,,,Other/Not known (2005-10),Mid Junction - on roundabout or on main road,VAUXHALL,ASTRA LS DTI 16V ECO,Heavy oil,Female,,No tow/articulation,Did not leave carriageway,0.0,Going ahead other,2.0,Car,No,Nearside,2005.0,Slight,Fine no high winds,Dry,Daylight,60.0,Rural,2005.0
2008070165512,56 - 65,2.0,Urban area,4.0,1390.0,,,Commuting to/from work,Approaching junction or waiting/parked at junction approach,VOLKSWAGEN,BEETLE LUNA 75PS,Petrol,Female,,No tow/articulation,Did not leave carriageway,0.0,Going ahead other,2.0,Car,No,Back,2008.0,Slight,Fine no high winds,Dry,Daylight,50.0,Rural,2008.0
200601KD50371,36 - 45,,Data missing or out of range,,,,,Other/Not known (2005-10),Not at or within 20 metres of junction,PIAGGIO,VESPA ET4,,Male,,No tow/articulation,Did not leave carriageway,0.0,Slowing or stopping,1.0,Bus or coach (17 or more pass seats),No,Did not impact,2006.0,Slight,Fine no high winds,Dry,Daylight,30.0,Urban,2006.0
2007330708580,56 - 65,1.0,Rural,6.0,2204.0,,,Other/Not known (2005-10),Not at or within 20 metres of junction,HONDA,CIVIC SPORT I-CTDI,Heavy oil,Female,,No tow/articulation,Did not leave carriageway,0.0,Going ahead other,1.0,Car,No,Nearside,2007.0,Slight,Raining no high winds,Wet or damp,Darkness - lights lit,30.0,Urban,2007.0
200506J040779,36 - 45,1.0,Urban area,5.0,1596.0,,,Commuting to/from work,Approaching junction or waiting/parked at junction approach,FORD,FOCUS FLIGHT,Petrol,Female,,No tow/articulation,Did not leave carriageway,0.0,Going ahead left-hand bend,1.0,Car,No,Nearside,2005.0,Slight,Fine no high winds,Dry,Daylight,30.0,Urban,2005.0
2005100702505,26 - 35,2.0,Urban area,8.0,1794.0,,,Journey as part of work,Mid Junction - on roundabout or on main road,TOYOTA,AVENSIS T3-S SEMI-AUTO,Petrol,Female,,No tow/articulation,Did not leave carriageway,0.0,Going ahead other,1.0,Car,No,Front,2005.0,Slight,Fine no high winds,Dry,Daylight,60.0,Urban,2005.0
2006460023015,46 - 55,21.0,Urban area,5.0,10000.0,,,Journey as part of work,Not at or within 20 metres of junction,LEYLAND,,Heavy oil,Male,,No tow/articulation,Did not leave carriageway,0.0,Waiting to go - held up,2.0,Bus or coach (17 or more pass seats),No,Back,2006.0,Slight,Fine no high winds,Dry,Daylight,40.0,Urban,2006.0
2006216321816,46 - 55,,Data missing or out of range,,,,,Other/Not known (2005-10),Not at or within 20 metres of junction,FIAT,DUCATO 18 JTD LWB,,Male,,No tow/articulation,Did not leave carriageway,0.0,Going ahead other,2.0,Minibus (8 - 16 passenger seats),No,Front,2006.0,Slight,Fine no high winds,Dry,Daylight,30.0,Rural,2006.0
200743S106027,21 - 25,11.0,Urban area,2.0,599.0,,,Other/Not known (2005-10),Not at or within 20 metres of junction,KAWASAKI,,Petrol,Male,,No tow/articulation,Did not leave carriageway,0.0,Slowing or stopping,1.0,Motorcycle over 500cc,No,Front,2007.0,Slight,Fine no high winds,Dry,Darkness - lights lit,70.0,Rural,2007.0
200622FA49747,16 - 20,1.0,Urban area,10.0,1299.0,,Other permanent object,Other/Not known (2005-10),Not at or within 20 metres of junction,TOYOTA,YARIS COLOUR COLLECTION,Petrol,Male,Skidded and overturned,No tow/articulation,Nearside and rebounded,0.0,Going ahead other,1.0,Car,No,Nearside,2006.0,Slight,Raining no high winds,Wet or damp,Darkness - no lighting,60.0,Rural,2006.0
2005360031873,16 - 20,12.0,Urban area,4.0,1119.0,,,Other/Not known (2005-10),Mid Junction - on roundabout or on main road,FORD,FIESTA FESTIVAL,Petrol,Male,Skidded,No tow/articulation,Nearside,0.0,Going ahead other,2.0,Car,No,Front,2005.0,Slight,Raining no high winds,Wet or damp,Darkness - lights lit,30.0,Urban,2005.0
20053102A1085,36 - 45,,Urban area,5.0,,,,Other/Not known (2005-10),Approaching junction or waiting/parked at junction approach,RENAULT,KANGOO SL17 DCI 70+,,Male,,No tow/articulation,Did not leave carriageway,0.0,Going ahead other,1.0,Car,No,Front,2005.0,Slight,Fine no high winds,Dry,Daylight,30.0,Urban,2005.0
2006230696245,36 - 45,2.0,Urban area,5.0,1686.0,,,Journey as part of work,Not at or within 20 metres of junction,VAUXHALL,ASTRA LIFE CDTI,Heavy oil,Male,,No tow/articulation,Did not leave carriageway,0.0,Waiting to go - held up,3.0,Car,No,Offside,2006.0,Slight,Fine no high winds,Dry,Daylight,70.0,Rural,2006.0
2005620124113,36 - 45,,Urban area,3.0,,,Near/Offside crash barrier,Journey as part of work,Not at or within 20 metres of junction,FIAT,DUCATO 15 JTD LWB,,Female,,No tow/articulation,Nearside,0.0,Going ahead other,1.0,Car,No,Front,2005.0,Slight,Unknown,Wet or damp,Darkness - no lighting,70.0,Rural,2005.0
200537L011842,26 - 35,6.0,Urban area,6.0,1200.0,,,Other/Not known (2005-10),Not at or within 20 metres of junction,YAMAHA,,Petrol,Male,,No tow/articulation,Did not leave carriageway,0.0,Going ahead other,1.0,Motorcycle over 500cc,No,Front,2005.0,Slight,Fine no high winds,Dry,Daylight,70.0,Rural,2005.0
2006520019313,Data missing or out of range,19.0,Urban area,10.0,1990.0,,,Other/Not known (2005-10),Not at or within 20 metres of junction,BMW,320I AUTO,Petrol,Male,,No tow/articulation,Did not leave carriageway,0.0,Parked,2.0,Car,No,Back,2006.0,Slight,Unknown,Dry,Darkness - lighting unknown,20.0,Urban,2006.0
200706A064367,36 - 45,1.0,Urban area,3.0,7300.0,,,Journey as part of work,Approaching junction or waiting/parked at junction approach,VOLVO,,Heavy oil,Male,,No tow/articulation,Did not leave carriageway,0.0,Going ahead other,1.0,Bus or coach (17 or more pass seats),No,Front,2007.0,Slight,Fine no high winds,Dry,Daylight,30.0,Urban,2007.0
200620D352001,26 - 35,3.0,Urban area,1.0,1896.0,,,Other/Not known (2005-10),Approaching junction or waiting/parked at junction approach,VOLKSWAGEN,GOLF MATCH TDI PD,Heavy oil,Male,,No tow/articulation,Did not leave carriageway,1.0,Turning right,1.0,Car,No,Nearside,2006.0,Slight,Other,Dry,Darkness - lights lit,30.0,Urban,2006.0
200720D123901,21 - 25,11.0,Urban area,2.0,1332.0,,,Other/Not known (2005-10),Mid Junction - on roundabout or on main road,TOYOTA,STARLET CD,Petrol,Female,,No tow/articulation,Did not leave carriageway,0.0,Going ahead other,2.0,Car,No,Front,2007.0,Slight,Fine no high winds,Dry,Daylight,30.0,Urban,2007.0
2006350470106,36 - 45,6.0,Urban area,4.0,1997.0,,,Other/Not known (2005-10),Approaching junction or waiting/parked at junction approach,PEUGEOT,406 LX HDI(90),Heavy oil,Male,,No tow/articulation,Did not leave carriageway,0.0,Turning left,1.0,Car,No,Front,2006.0,Slight,Fine no high winds,Dry,Daylight,50.0,Rural,2006.0
200545GU68294,36 - 45,9.0,Urban area,9.0,1598.0,,,Other/Not known (2005-10),Entering roundabout,VAUXHALL,VECTRA ENVOY,Petrol,Male,,No tow/articulation,Did not leave carriageway,0.0,Going ahead other,1.0,Car,No,Front,2005.0,Slight,Raining no high winds,Wet or damp,Darkness - lights lit,30.0,Urban,2005.0
2005131072805,36 - 45,11.0,Urban area,3.0,599.0,,,Commuting to/from work,Approaching junction or waiting/parked at junction approach,HONDA,,Petrol,Male,,No tow/articulation,Did not leave carriageway,0.0,Going ahead other,2.0,Motorcycle over 500cc,No,Did not impact,2005.0,Slight,Fine no high winds,Wet or damp,Darkness - lights lit,30.0,Urban,2005.0
200805BB23618,66 - 75,1.0,Urban area,9.0,1364.0,,,Other/Not known (2005-10),Approaching junction or waiting/parked at junction approach,TOYOTA,AURIS T3 D-4D S-A,Heavy oil,Female,,No tow/articulation,Did not leave carriageway,0.0,Parked,1.0,Car,No,Back,2008.0,Slight,Fine no high winds,Wet or damp,Darkness - lights lit,40.0,Urban,2008.0
2005530184233,16 - 20,17.0,Data missing or out of range,,123.0,,,Other/Not known (2005-10),Approaching junction or waiting/parked at junction approach,YAMAHA,,Petrol,Male,,No tow/articulation,Did not leave carriageway,0.0,Reversing,2.0,Motorcycle 125cc and under,No,Front,2005.0,Slight,Raining no high winds,Wet or damp,Daylight,30.0,Urban,2005.0
2007100447607,26 - 35,4.0,Urban area,2.0,1997.0,,,Journey as part of work,Entering main road,PEUGEOT,406 S HDI(90),Heavy oil,Male,,No tow/articulation,Did not leave carriageway,0.0,Turning left,1.0,Car,No,Front,2007.0,Slight,Fine no high winds,Wet or damp,Daylight,30.0,Urban,2007.0
200443N359034,26 - 35,2.0,Rural,10.0,3700.0,,,Data missing or out of range,Data missing or out of range,JEEP,CHEROKEE 3.7 LIMITED AUTO,Petrol,Male,,No tow/articulation,Did not leave carriageway,0.0,Going ahead other,1.0,109,Data missing or out of range,Nearside,2004.0,,,,,,,
200806G091067,21 - 25,9.0,Urban area,1.0,1242.0,,,Other/Not known (2005-10),Not at or within 20 metres of junction,FIAT,PUNTO SX 60,Petrol,Male,,No tow/articulation,Did not leave carriageway,0.0,Going ahead other,1.0,Car,No,Front,2008.0,Serious,Raining + high winds,Wet or damp,Daylight,30.0,Urban,2008.0
2005520145157,36 - 45,14.0,Urban area,6.0,1986.0,,,Other/Not known (2005-10),Cleared junction or waiting/parked at junction exit,VOLVO,940 SE,Petrol,Male,,No tow/articulation,Did not leave carriageway,0.0,Going ahead other,2.0,Car,No,Front,2005.0,Slight,Raining no high winds,Wet or damp,Daylight,40.0,Rural,2005.0
200805FF28856,21 - 25,3.0,Urban area,3.0,1242.0,,,Other/Not known (2005-10),Not at or within 20 metres of junction,FIAT,PUNTO ACTIVE 8V,Petrol,Male,Skidded,No tow/articulation,Did not leave carriageway,0.0,Going ahead right-hand bend,1.0,Car,No,Front,2008.0,Slight,Fine no high winds,Wet or damp,Darkness - lights lit,30.0,Urban,2008.0
2005983131005,Data missing or out of range,,Urban area,,1686.0,,,Journey as part of work,Not at or within 20 metres of junction,VAUXHALL,ASTRA CLUB CDTI,Heavy oil,Male,,No tow/articulation,Did not leave carriageway,0.0,Parked,1.0,Car,No,Did not impact,2005.0,Slight,Fine no high winds,Dry,Daylight,30.0,Urban,2005.0
200745GU02046,26 - 35,1.0,Rural,4.0,645.0,,,Other/Not known (2005-10),Approaching junction or waiting/parked at junction approach,SUZUKI,SV 650 SK6,Petrol,Male,,No tow/articulation,Did not leave carriageway,0.0,Going ahead other,2.0,Motorcycle over 500cc,No,Nearside,2007.0,Slight,Fine no high winds,Dry,Daylight,60.0,Rural,2007.0
200420E500602,Data missing or out of range,,Data missing or out of range,,,,,Data missing or out of range,Data missing or out of range,FORD,RANGER XLT 4X4 TD,,Not known,,No tow/articulation,Did not leave carriageway,0.0,Parked,2.0,109,Data missing or out of range,Back,2004.0,,,,,,,
20044200G0716,56 - 65,4.0,Small town,8.0,1199.0,,,Data missing or out of range,Data missing or out of range,VAUXHALL,CORSA CLUB 16V AUTO,Petrol,Female,,No tow/articulation,Did not leave carriageway,0.0,Turning right,1.0,109,Data missing or out of range,Offside,2004.0,,,,,,,
2007230791625,26 - 35,4.0,Urban area,7.0,1896.0,,,Other/Not known (2005-10),Not at or within 20 metres of junction,AUDI,A4 SPORT TDI(130) AUTO,Heavy oil,Male,,No tow/articulation,Did not leave carriageway,0.0,Going ahead other,2.0,Car,No,Front,2007.0,Serious,Fine no high winds,Dry,Darkness - no lighting,70.0,Rural,2007.0
200420D151303,Data missing or out of range,10.0,Data missing or out of range,,2259.0,,,Data missing or out of range,Data missing or out of range,ROVER,623 SI,Petrol,Male,,No tow/articulation,Did not leave carriageway,0.0,Waiting to go - held up,2.0,109,Data missing or out of range,Back,2004.0,,,,,,,
200497EA04310,26 - 35,4.0,Urban area,,1870.0,,,Data missing or out of range,Data missing or out of range,RENAULT,MEGANE SCENIC ALIZE DTI,Heavy oil,Male,,No tow/articulation,Did not leave carriageway,0.0,Going ahead other,2.0,109,Data missing or out of range,Front,2004.0,,,,,,,
200443N078094,36 - 45,12.0,Urban area,10.0,1769.0,,,Data missing or out of range,Data missing or out of range,FORD,SIERRA CHASSEUR,Petrol,Female,,No tow/articulation,Did not leave carriageway,0.0,Parked,2.0,109,Data missing or out of range,Back,2004.0,,,,,,,
200643N291116,46 - 55,1.0,Urban area,10.0,636.0,,,Journey as part of work,Mid Junction - on roundabout or on main road,KAWASAKI,ZX636 B1H,Petrol,Male,,No tow/articulation,Did not leave carriageway,0.0,Going ahead other,2.0,Motorcycle over 500cc,No,Front,2006.0,Slight,Fine no high winds,Wet or damp,Daylight,50.0,Rural,2006.0
2004170S23834,26 - 35,2.0,Urban area,5.0,4250.0,,,Data missing or out of range,Data missing or out of range,MERCEDES,,Heavy oil,Male,,No tow/articulation,Did not leave carriageway,0.0,Going ahead other,4.0,Goods over 3.5t. and under 7.5t,Data missing or out of range,Front,2004.0,,,,,,,
200514A209105,56 - 65,14.0,Urban area,1.0,1340.0,,,Other/Not known (2005-10),Mid Junction - on roundabout or on main road,HARLEY-DAVIDSON,,Petrol,Male,,No tow/articulation,Did not leave carriageway,0.0,Going ahead other,1.0,Motorcycle over 500cc,No,Front,2005.0,Serious,Fine no high winds,Wet or damp,Daylight,40.0,Urban,2005.0
200642I254607,21 - 25,15.0,Urban area,4.0,1596.0,,Lamp post,Other/Not known (2005-10),Mid Junction - on roundabout or on main road,FORD,FIESTA XR2I,Petrol,Male,,No tow/articulation,Offside,0.0,Going ahead other,1.0,Car,No,Back,2006.0,Slight,Fine no high winds,Dry,Daylight,30.0,Urban,2006.0
2007217006487,46 - 55,3.0,Urban area,5.0,1896.0,,,Journey as part of work,Entering from slip road,AUDI,A3 TDI,Heavy oil,Female,Skidded,No tow/articulation,Did not leave carriageway,0.0,Going ahead other,2.0,Car,No,Back,2007.0,Slight,Fine no high winds,Dry,Daylight,70.0,Urban,2007.0
200511BD40020,36 - 45,2.0,Urban area,10.0,1590.0,,Central crash barrier,Journey as part of work,Mid Junction - on roundabout or on main road,HONDA,CIVIC SPORT,Petrol,Male,,No tow/articulation,Offside on to centrl res + rebounded,0.0,Overtaking moving vehicle - offside,2.0,Car,No,Offside,2005.0,Slight,Fine no high winds,Wet or damp,Daylight,70.0,Rural,2005.0
200701JC68871,26 - 35,,Urban area,6.0,2993.0,,,Other/Not known (2005-10),Approaching junction or waiting/parked at junction approach,BMW,730D SPORT AUTO,Heavy oil,Male,,No tow/articulation,Did not leave carriageway,0.0,Going ahead other,2.0,Car,No,Front,2007.0,Slight,Other,Wet or damp,Darkness - lights lit,30.0,Urban,2007.0
200430D000570,16 - 20,1.0,Urban area,3.0,1149.0,,,Data missing or out of range,Data missing or out of range,RENAULT,CLIO DYNAM BILLABONG 16V,Petrol,Male,,No tow/articulation,Did not leave carriageway,0.0,Going ahead other,1.0,109,Data missing or out of range,Front,2004.0,,,,,,,
20074100A0616,36 - 45,5.0,Urban area,10.0,1870.0,,,Other/Not known (2005-10),Not at or within 20 metres of junction,RENAULT,MEGANE SCENIC RX4 EXP DCI,Heavy oil,Male,,No tow/articulation,Did not leave carriageway,0.0,Going ahead other,3.0,Car,No,Back,2007.0,Slight,Fine no high winds,Dry,Daylight,50.0,Rural,2007.0
200543W260085,66 - 75,2.0,Urban area,8.0,1389.0,,,Other/Not known (2005-10),Approaching junction or waiting/parked at junction approach,VAUXHALL,CORSA DESIGN 16V AUTO,Petrol,Female,,No tow/articulation,Did not leave carriageway,0.0,Moving off,1.0,Car,No,Front,2005.0,Slight,Fine no high winds,Dry,Daylight,30.0,Urban,2005.0
200506A922360,36 - 45,5.0,Urban area,2.0,2295.0,,,Data missing or out of range,Entering main road,MERCEDES,CLK 230 ELEGANCE KOMP AUT,Petrol,Female,,No tow/articulation,Did not leave carriageway,0.0,Turning right,1.0,Car,Data missing or out of range,Offside,2005.0,Slight,Fine no high winds,Dry,Daylight,30.0,Urban,2005.0
200591NJ00611,36 - 45,2.0,Rural,,1870.0,,,Other/Not known (2005-10),Not at or within 20 metres of junction,RENAULT,MEGANE PRIVILEGE DCI 120,Heavy oil,Male,,No tow/articulation,Nearside,3.0,Going ahead other,2.0,Car,No,Front,2005.0,Slight,Fine no high winds,Wet or damp,Darkness - no lighting,60.0,Rural,2005.0
200645SP84127,16 - 20,18.0,Urban area,,1993.0,,,Other/Not known (2005-10),Leaving main road,FORD,SIERRA RS COSWORTH,Petrol,Male,,No tow/articulation,Did not leave carriageway,0.0,Turning right,1.0,Car,No,Front,2006.0,Slight,Fine no high winds,Dry,Darkness - lights lit,30.0,Urban,2006.0
200706X077686,21 - 25,5.0,Urban area,2.0,11946.0,,,Journey as part of work,Not at or within 20 metres of junction,MERCEDES,,Heavy oil,Male,,Articulated vehicle,Did not leave carriageway,0.0,Going ahead other,1.0,Goods over 3.5t. and under 7.5t,No,Front,2007.0,Slight,Raining no high winds,Wet or damp,Daylight,70.0,Rural,2007.0
2004600DE6089,21 - 25,5.0,Urban area,,1242.0,,,Data missing or out of range,Data missing or out of range,FIAT,PUNTO SX 60,Petrol,Female,,No tow/articulation,Did not leave carriageway,0.0,Going ahead right-hand bend,1.0,109,Data missing or out of range,Front,2004.0,,,,,,,
200401PL60375,46 - 55,1.0,Urban area,2.0,102.0,,,Data missing or out of range,Data missing or out of range,HONDA,SCV100F-E,Petrol,Female,,No tow/articulation,Did not leave carriageway,0.0,Overtaking static vehicle - offside,2.0,Motorcycle 125cc and under,Data missing or out of range,Front,2004.0,,,,,,,
200732C369907,36 - 45,9.0,Data missing or out of range,,2500.0,,,Journey as part of work,Not at or within 20 metres of junction,LDV,,Heavy oil,Male,,No tow/articulation,Did not leave carriageway,0.0,Overtaking moving vehicle - offside,1.0,Minibus (8 - 16 passenger seats),No,Front,2007.0,Fatal,Raining no high winds,Wet or damp,Darkness - no lighting,60.0,Rural,2007.0
200663DP47606,56 - 65,,Rural,,,,,Journey as part of work,Not at or within 20 metres of junction,VOLKSWAGEN,GOLF MATCH,,Male,Skidded,No tow/articulation,Did not leave carriageway,0.0,Going ahead other,1.0,Goods over 3.5t. and under 7.5t,No,Front,2006.0,Serious,Fine no high winds,Wet or damp,Daylight,50.0,Rural,2006.0
200614B022806,21 - 25,12.0,Urban area,4.0,954.0,Parked vehicle,,Other/Not known (2005-10),Approaching junction or waiting/parked at junction approach,PEUGEOT,106 MARDI GRAS,Petrol,Male,,No tow/articulation,Did not leave carriageway,0.0,Going ahead other,2.0,Car,No,Front,2006.0,Slight,Unknown,Wet or damp,Darkness - lighting unknown,30.0,Urban,2006.0
200701RG40335,46 - 55,11.0,Urban area,5.0,1998.0,,,Other/Not known (2005-10),Approaching junction or waiting/parked at junction approach,VAUXHALL,OMEGA 2.0 16V CD AUTO,Petrol,Male,,No tow/articulation,Did not leave carriageway,0.0,U-turn,1.0,Car,No,Offside,2007.0,Slight,Fine no high winds,Dry,Daylight,30.0,Urban,2007.0
200401XH00489,56 - 65,1.0,Urban area,,3900.0,,,Data missing or out of range,Data missing or out of range,DENNIS,,Heavy oil,Male,,No tow/articulation,Did not leave carriageway,0.0,Moving off,1.0,Bus or coach (17 or more pass seats),Data missing or out of range,Did not impact,2004.0,,,,,,,
200614G049706,26 - 35,3.0,Urban area,6.0,1769.0,,,Journey as part of work,Not at or within 20 metres of junction,NISSAN,PRIMERA S,Petrol,Female,,No tow/articulation,Did not leave carriageway,0.0,Parked,1.0,Car,No,Offside,2006.0,Slight,Fine no high winds,Dry,Daylight,30.0,Urban,2006.0
200706L081524,46 - 55,3.0,Urban area,9.0,1299.0,,,Other/Not known (2005-10),Not at or within 20 metres of junction,FORD,KA LUXURY,Petrol,Male,Skidded,No tow/articulation,Did not leave carriageway,0.0,Going ahead other,1.0,Car,No,Front,2007.0,Slight,Fine no high winds,Wet or damp,Daylight,30.0,Urban,2007.0