Accident_Index,Age_Band_of_Driver,Age_of_Vehicle,Driver_Home_Area_Type,Driver_IMD_Decile,Engine_Capacity_.CC.,Hit_Object_in_Carriageway,Hit_Object_off_Carriageway,Journey_Purpose_of_Driver,Junction_Location,make,model,Propulsion_Code,Sex_of_Driver,Skidding_and_Overturning,Towing_and_Articulation,Vehicle_Leaving_Carriageway,Vehicle_Location.Restricted_Lane,Vehicle_Manoeuvre,Vehicle_Reference,Vehicle_Type,Was_Vehicle_Left_Hand_Drive,X1st_Point_of_Impact,Year_x,Severity_Label,Weather_Conditions,Road_Surface_Conditions,Light_Conditions,Speed_limit,Urban_or_Rural_Area,Year_y
200534NC03753,46 - 55,4.0,Data missing or out of range,,1997.0,,Road sign or traffic signal,Other/Not known (2005-10),Approaching junction or waiting/parked at junction approach,CITROEN,XSARA L HDI,Heavy oil,Male,Skidded,No tow/articulation,Offside,0.0,Going ahead left-hand bend,1.0,Car,No,Front,2005.0,Serious,Fine no high winds,Wet or damp,Darkness - no lighting,60.0,Rural,2005.0
200401QK00949,Data missing or out of range,10.0,Data missing or out of range,,1389.0,,,Data missing or out of range,Data missing or out of range,VAUXHALL,ASTRA LS (HI-TORQ),Petrol,Female,,No tow/articulation,Did not leave carriageway,0.0,Going ahead other,2.0,109,Data missing or out of range,Back,2004.0,,,,,,,
2007100602307,16 - 20,11.0,Rural,5.0,1896.0,,,Other/Not known (2005-10),Not at or within 20 metres of junction,SEAT,IBIZA SALSA,Heavy oil,Male,,No tow/articulation,Offside,0.0,Going ahead other,1.0,Car,No,Front,2007.0,Slight,Fine no high winds,Dry,Darkness - no lighting,60.0,Rural,2007.0
2005620132750,26 - 35,12.0,Data missing or out of range,,1796.0,,,Other/Not known (2005-10),Cleared junction or waiting/parked at junction exit,VAUXHALL,CAVALIER COLORADO,Petrol,Female,,No tow/articulation,Did not leave carriageway,0.0,Going ahead left-hand bend,2.0,Car,No,Front,2005.0,Slight,Fine no high winds,Dry,Daylight,30.0,Urban,2005.0
200743W310067,36 - 45,10.0,Data missing or out of range,,1991.0,,,Other/Not known (2005-10),Approaching junction or waiting/parked at junction approach,BMW,520I SE TOURING AUTO,Petrol,Female,,No tow/articulation,Did not leave carriageway,0.0,Going ahead other,2.0,Car,No,Front,2007.0,Slight,Fine no high winds,Wet or damp,Daylight,40.0,Rural,2007.0
200406J908757,16 - 20,,Urban area,4.0,1242.0,,,Data missing or out of range,Data missing or out of range,FIAT,PUNTO ACTIVE 8V,Petrol,Female,,No tow/articulation,Did not leave carriageway,0.0,Turning right,1.0,109,Data missing or out of range,Offside,2004.0,,,,,,,
200722EA86213,46 - 55,,Rural,6.0,,,,Other/Not known (2005-10),Leaving main road,VAUXHALL,BRAVA 2.5D 4X2,,Male,,No tow/articulation,Did not leave carriageway,0.0,Turning right,2.0,Car,No,Offside,2007.0,Serious,Fine no high winds,Dry,Daylight,60.0,Rural,2007.0
200401TC00995,16 - 20,4.0,Data missing or out of range,,49.0,,,Data missing or out of range,Data missing or out of range,YAMAHA,YN 50 NEO'S,Petrol,Male,,No tow/articulation,Did not leave carriageway,2.0,Going ahead other,1.0,Motorcycle 50cc and under,Data missing or out of range,Front,2004.0,,,,,,,
200643W359016,Over 75,9.0,Urban area,6.0,1598.0,,,Other/Not known (2005-10),Leaving roundabout,VOLKSWAGEN,POLO 1.6 CL AUTO,Petrol,Female,,No tow/articulation,Did not leave carriageway,0.0,Going ahead other,1.0,Car,No,Front,2006.0,Slight,Fine no high winds,Dry,Daylight,40.0,Urban,2006.0
200430A000254,66 - 75,6.0,Urban area,5.0,998.0,,,Data missing or out of range,Data missing or out of range,NISSAN,MICRA SHAPE AUTO,Petrol,Female,,No tow/articulation,Did not leave carriageway,0.0,Overtaking moving vehicle - offside,1.0,109,Data missing or out of range,Nearside,2004.0,,,,,,,
2004130682904,26 - 35,5.0,Urban area,2.0,1242.0,,,Data missing or out of range,Data missing or out of range,FIAT,BRAVO 80 SX,Petrol,Male,,No tow/articulation,Did not leave carriageway,0.0,Going ahead other,1.0,109,Data missing or out of range,Front,2004.0,,,,,,,
200804CL08092,46 - 55,,Data missing or out of range,,,,,Journey as part of work,Mid Junction - on roundabout or on main road,MERCEDES,,,Male,Overturned,No tow/articulation,Did not leave carriageway,0.0,Going ahead other,1.0,Goods over 3.5t. and under 7.5t,No,Nearside,2008.0,Slight,Raining no high winds,Wet or damp,Darkness - lights lit,50.0,Rural,2008.0
200801RG40011,16 - 20,1.0,Urban area,4.0,1398.0,,,Other/Not known (2005-10),Mid Junction - on roundabout or on main road,CITROEN,C3 COOL HDI,Heavy oil,Female,,No tow/articulation,Did not leave carriageway,0.0,Slowing or stopping,1.0,Car,No,Back,2008.0,Slight,Fine no high winds,Dry,Daylight,30.0,Urban,2008.0
200643P142106,26 - 35,8.0,Small town,10.0,2210.0,,,Commuting to/from work,Not at or within 20 metres of junction,SUBARU,,Petrol,Male,Skidded,No tow/articulation,Did not leave carriageway,0.0,Going ahead right-hand bend,1.0,Car,No,Front,2006.0,Slight,Fine no high winds,Dry,Daylight,50.0,Rural,2006.0
200497LC03010,36 - 45,9.0,Urban area,,3972.0,,,Data missing or out of range,Data missing or out of range,MERCEDES,,Heavy oil,Male,,No tow/articulation,Did not leave carriageway,0.0,Moving off,1.0,Bus or coach (17 or more pass seats),Data missing or out of range,Nearside,2004.0,,,,,,,
2004214417861,21 - 25,6.0,Rural,9.0,1994.0,,,Data missing or out of range,Data missing or out of range,ROVER,220 SDI,Heavy oil,Female,,No tow/articulation,Did not leave carriageway,0.0,Going ahead other,2.0,109,Data missing or out of range,Nearside,2004.0,,,,,,,
200722EA86046,46 - 55,,Small town,,,,,Other/Not known (2005-10),Not at or within 20 metres of junction,HONDA,CBR900RR,,Male,,No tow/articulation,Did not leave carriageway,0.0,Going ahead right-hand bend,3.0,Car,No,Front,2007.0,Serious,Fine no high winds,Wet or damp,Daylight,60.0,Rural,2007.0
200550B31F867,46 - 55,13.0,Small town,3.0,1389.0,,,Data missing or out of range,Not at or within 20 metres of junction,VAUXHALL,ASTRA SI,Petrol,Male,,No tow/articulation,Did not leave carriageway,0.0,Going ahead left-hand bend,1.0,Car,No,Front,2005.0,Slight,Fine no high winds,Dry,Daylight,50.0,Rural,2005.0
2004440KK0062,Data missing or out of range,1.0,Data missing or out of range,,1997.0,,,Data missing or out of range,Data missing or out of range,PEUGEOT,406 S HDI(90),Heavy oil,Not known,,No tow/articulation,Did not leave carriageway,0.0,Going ahead other,2.0,109,Data missing or out of range,Did not impact,2004.0,,,,,,,
2007950007509,46 - 55,14.0,Urban area,,10000.0,,,Journey as part of work,Mid Junction - on roundabout or on main road,LEYLAND,,Heavy oil,Male,,No tow/articulation,Did not leave carriageway,0.0,Turning right,1.0,Bus or coach (17 or more pass seats),No,Did not impact,2007.0,Slight,Fine no high winds,Dry,Darkness - lights lit,30.0,Urban,2007.0
2006100323206,21 - 25,6.0,Urban area,1.0,1396.0,,,Other/Not known (2005-10),Not at or within 20 metres of junction,ROVER,25 IE 16V,Petrol,Male,,No tow/articulation,Did not leave carriageway,0.0,Parked,2.0,Car,No,Did not impact,2006.0,Slight,Fine no high winds,Dry,Daylight,30.0,Urban,2006.0
2004230491254,36 - 45,4.0,Data missing or out of range,,1840.0,,,Data missing or out of range,Data missing or out of range,MAZDA,PREMACY ATLANTIS,Petrol,Male,,No tow/articulation,Did not leave carriageway,0.0,Waiting to go - held up,3.0,109,Data missing or out of range,Front,2004.0,,,,,,,
20044200C0706,56 - 65,5.0,Rural,8.0,2544.0,,,Data missing or out of range,Data missing or out of range,FORD,COUGAR VX V6,Petrol,Female,,No tow/articulation,Did not leave carriageway,0.0,Going ahead other,3.0,109,Data missing or out of range,Offside,2004.0,,,,,,,
2007440556915,36 - 45,10.0,Urban area,3.0,5900.0,,,Journey as part of work,Mid Junction - on roundabout or on main road,DENNIS,,Heavy oil,Male,,No tow/articulation,Did not leave carriageway,0.0,Going ahead right-hand bend,1.0,Bus or coach (17 or more pass seats),No,Did not impact,2007.0,Slight,Fine no high winds,Dry,Daylight,30.0,Urban,2007.0
200722EA86237,46 - 55,7.0,Rural,5.0,1796.0,,Other permanent object,Other/Not known (2005-10),Not at or within 20 metres of junction,LOTUS,ELISE 111S,Petrol,Male,Skidded and overturned,No tow/articulation,Nearside,0.0,Going ahead left-hand bend,1.0,Car,No,Nearside,2007.0,Fatal,Fine no high winds,Dry,Daylight,70.0,Rural,2007.0
200601PL60843,36 - 45,1.0,Urban area,5.0,1587.0,,,Other/Not known (2005-10),Cleared junction or waiting/parked at junction exit,CITROEN,XSARA PICASSO LX 8V,Petrol,Female,,No tow/articulation,Did not leave carriageway,0.0,Waiting to go - held up,1.0,Car,No,Nearside,2006.0,Slight,Fine no high winds,Dry,Darkness - lights lit,30.0,Urban,2006.0
200601YR90773,26 - 35,6.0,Urban area,1.0,998.0,,,Other/Not known (2005-10),Mid Junction - on roundabout or on main road,NISSAN,MICRA SE 16V AUTO,Petrol,Female,,No tow/articulation,Did not leave carriageway,0.0,Going ahead other,1.0,Car,No,Front,2006.0,Slight,Fine no high winds,Dry,Darkness - lights lit,30.0,Urban,2006.0
2006470606188,46 - 55,5.0,Rural,7.0,989.0,,,Other/Not known (2005-10),Approaching junction or waiting/parked at junction approach,DAIHATSU,CUORE+ AUTO,Petrol,Female,,No tow/articulation,Did not leave carriageway,0.0,Going ahead other,2.0,Car,No,Nearside,2006.0,Slight,Fine no high winds,Dry,Daylight,60.0,Rural,2006.0
200501XD80850,46 - 55,3.0,Urban area,2.0,1598.0,,,Other/Not known (2005-10),Approaching junction or waiting/parked at junction approach,VAUXHALL,ASTRA ENVOY 8V AUTO,Petrol,Female,,No tow/articulation,Did not leave carriageway,0.0,Going ahead other,1.0,Car,No,Nearside,2005.0,Serious,Fine no high winds,Dry,Daylight,30.0,Urban,2005.0
200404B014804,26 - 35,4.0,Data missing or out of range,,2151.0,,Other permanent object,Data missing or out of range,Data missing or out of range,MERCEDES,SPRINTER 208 CDI SWB,Heavy oil,Male,Overturned,No tow/articulation,Nearside and rebounded,0.0,Going ahead left-hand bend,1.0,Van / Goods 3.5 tonnes mgw or under,Data missing or out of range,Nearside,2004.0,,,,,,,
200801SX21080,36 - 45,3.0,Urban area,10.0,2902.0,,,Other/Not known (2005-10),Not at or within 20 metres of junction,KIA,SEDONA L AUTO,Heavy oil,Male,,No tow/articulation,Did not leave carriageway,0.0,Going ahead left-hand bend,2.0,Car,No,Offside,2008.0,Slight,Fine no high winds,Dry,Darkness - lights lit,50.0,Urban,2008.0
200520D234503,16 - 20,11.0,Urban area,2.0,1391.0,,,Other/Not known (2005-10),Leaving main road,FORD,ESCORT AZURA,Petrol,Male,,No tow/articulation,Did not leave carriageway,0.0,Waiting to turn right,2.0,Car,No,Nearside,2005.0,Slight,Fine no high winds,Dry,Daylight,30.0,Urban,2005.0
200722CA85819,36 - 45,13.0,Rural,5.0,2495.0,,,Other/Not known (2005-10),Not at or within 20 metres of junction,LAND ROVER,90 DEFENDER COUNTY SW TDI,Heavy oil,Male,,No tow/articulation,Did not leave carriageway,0.0,Waiting to go - held up,3.0,Car,No,Back,2007.0,Slight,Fine no high winds,Dry,Daylight,30.0,Urban,2007.0
200437G014792,36 - 45,7.0,Urban area,7.0,1753.0,,,Data missing or out of range,Data missing or out of range,FORD,MONDEO GHIA TD,Heavy oil,Male,,No tow/articulation,Did not leave carriageway,0.0,Going ahead other,1.0,109,Data missing or out of range,Front,2004.0,,,,,,,
2004170S11514,21 - 25,5.0,Urban area,,1997.0,Kerb,,Data missing or out of range,Data missing or out of range,PEUGEOT,406 LX HDI(90),Heavy oil,Male,,No tow/articulation,Nearside,0.0,U-turn,1.0,109,Data missing or out of range,Front,2004.0,,,,,,,
200601MM70741,Data missing or out of range,9.0,Data missing or out of range,,1797.0,,,Other/Not known (2005-10),Cleared junction or waiting/parked at junction exit,HONDA,CIVIC 1.8 VTI,Petrol,Male,,No tow/articulation,Did not leave carriageway,0.0,Waiting to go - held up,3.0,Car,No,Back,2006.0,Slight,Fine no high winds,Dry,Darkness - lights lit,30.0,Urban,2006.0
2006440089315,36 - 45,8.0,Urban area,6.0,1998.0,,,Other/Not known (2005-10),Entering roundabout,TOYOTA,AVENSIS CDX AUTO,Petrol,Female,,No tow/articulation,Did not leave carriageway,0.0,Going ahead other,2.0,Car,No,Front,2006.0,Slight,Raining no high winds,Wet or damp,Darkness - lights lit,40.0,Urban,2006.0
200601KG70502,36 - 45,15.0,Urban area,2.0,2000.0,,,Other/Not known (2005-10),Not at or within 20 metres of junction,TOYOTA,,Heavy oil,Male,,No tow/articulation,Did not leave carriageway,0.0,Going ahead other,1.0,Car,No,Front,2006.0,Slight,Raining no high winds,Wet or damp,Darkness - lights lit,70.0,Urban,2006.0
2004440AA1241,46 - 55,13.0,Urban area,4.0,1998.0,,Other permanent object,Data missing or out of range,Data missing or out of range,FORD,SCORPIO AUTO,Petrol,Male,Skidded and overturned,No tow/articulation,Offside,0.0,Going ahead left-hand bend,1.0,109,Data missing or out of range,Back,2004.0,,,,,,,
2005360028042,36 - 45,1.0,Rural,7.0,1984.0,,,Journey as part of work,Entering main road,AUDI,A3 T FSI SPORT QUATTRO,Petrol,Male,,No tow/articulation,Nearside,0.0,Going ahead other,1.0,Car,No,Offside,2005.0,Serious,Fine no high winds,Dry,Daylight,60.0,Rural,2005.0
200501ZD30459,46 - 55,6.0,Data missing or out of range,,,,,Journey as part of work,Mid Junction - on roundabout or on main road,DENNIS,,Heavy oil,Male,,No tow/articulation,Did not leave carriageway,0.0,Going ahead right-hand bend,2.0,Bus or coach (17 or more pass seats),No,Nearside,2005.0,Slight,Fine no high winds,Wet or damp,Daylight,30.0,Urban,2005.0
2007610002007,56 - 65,1.0,Urban area,,2495.0,,,Other/Not known (2005-10),Not at or within 20 metres of junction,LAND ROVER,DEFENDER 90 TD5 XS,Heavy oil,Male,,No tow/articulation,Did not leave carriageway,0.0,Going ahead other,2.0,Car,No,Front,2007.0,Fatal,Raining + high winds,Wet or damp,Darkness - lights lit,60.0,Rural,2007.0
2004520007471,16 - 20,10.0,Rural,7.0,1120.0,Parked vehicle,,Data missing or out of range,Data missing or out of range,ROVER,METRO RIO,Petrol,Male,,No tow/articulation,Did not leave carriageway,0.0,Going ahead other,2.0,109,Data missing or out of range,Front,2004.0,,,,,,,
20043102A0417,Data missing or out of range,5.0,Data missing or out of range,,1299.0,,,Data missing or out of range,Data missing or out of range,PROTON,PERSONA LSI,Petrol,Male,,No tow/articulation,Did not leave carriageway,0.0,Turning right,2.0,109,Data missing or out of range,Offside,2004.0,,,,,,,
200463DP52104,36 - 45,3.0,Rural,,2461.0,,,Data missing or out of range,Data missing or out of range,VOLKSWAGEN,LT 35 TDI MWB,Heavy oil,Male,,No tow/articulation,Did not leave carriageway,0.0,Turning right,1.0,Van / Goods 3.5 tonnes mgw or under,Data missing or out of range,Front,2004.0,,,,,,,
2007470704799,56 - 65,2.0,Rural,7.0,1988.0,,,Commuting to/from work,Not at or within 20 metres of junction,JAGUAR,X-TYPE SE D,Heavy oil,Male,,No tow/articulation,Did not leave carriageway,0.0,Slowing or stopping,2.0,Car,No,Back,2007.0,Serious,Fine no high winds,Dry,Daylight,60.0,Rural,2007.0
200404A072604,46 - 55,9.0,Urban area,4.0,2165.0,,,Data missing or out of range,Data missing or out of range,RENAULT,ESPACE RT AUTO,Petrol,Male,,No tow/articulation,Did not leave carriageway,0.0,Going ahead other,2.0,109,Data missing or out of range,Front,2004.0,,,,,,,
200706F085296,21 - 25,,Urban area,1.0,2402.0,,,Other/Not known (2005-10),Cleared junction or waiting/parked at junction exit,FORD,TRANSIT 140 T350EF RWD,Heavy oil,Male,,No tow/articulation,Did not leave carriageway,0.0,Parked,2.0,Van / Goods 3.5 tonnes mgw or under,No,Front,2007.0,Serious,Fine no high winds,Dry,Darkness - lights lit,30.0,Urban,2007.0
200701XD80431,66 - 75,7.0,Urban area,6.0,1850.0,Road works,,Commuting to/from work,Cleared junction or waiting/parked at junction exit,HONDA,ACCORD VTEC S,Petrol,Male,,No tow/articulation,Offside,0.0,Going ahead other,2.0,Car,No,Offside,2007.0,Slight,Fine no high winds,Wet or damp,Daylight,30.0,Urban,2007.0
2008100027908,56 - 65,3.0,Urban area,6.0,1242.0,,,Commuting to/from work,Not at or within 20 metres of junction,FIAT,PANDA DYNAMIC,Petrol,Female,,No tow/articulation,Did not leave carriageway,0.0,Going ahead other,1.0,Car,No,Front,2008.0,Slight,Fine no high winds,Wet or damp,Darkness - no lighting,70.0,Rural,2008.0
200720K057801,26 - 35,10.0,Urban area,2.0,2498.0,,,Other/Not known (2005-10),Approaching junction or waiting/parked at junction approach,VAUXHALL,VECTRA SUPERTOURING 24V,Petrol,Male,,No tow/articulation,Did not leave carriageway,0.0,Going ahead other,1.0,Car,No,Front,2007.0,Slight,Fine no high winds,Dry,Daylight,30.0,Urban,2007.0
200422EB28063,26 - 35,4.0,Rural,,1994.0,,,Data missing or out of range,Data missing or out of range,SUBARU,IMPREZA SPORT SPECIAL AWD,Petrol,Female,,No tow/articulation,Did not leave carriageway,0.0,Going ahead other,2.0,109,Data missing or out of range,Offside,2004.0,,,,,,,
200534NN01434,56 - 65,5.0,Urban area,5.0,2664.0,,,Journey as part of work,Not at or within 20 metres of junction,LONDON TAXIS INT,TX1 BRONZE,Heavy oil,Male,,No tow/articulation,Did not leave carriageway,0.0,Going ahead other,1.0,Taxi/Private hire car,No,Front,2005.0,Slight,Fine no high winds,Dry,Daylight,30.0,Urban,2005.0
2007070700336,56 - 65,3.0,Small town,7.0,1910.0,,,Commuting to/from work,Entering roundabout,FIAT,STILO ACTIVE JTD,Heavy oil,Male,,No tow/articulation,Did not leave carriageway,0.0,Going ahead other,1.0,Car,No,Front,2007.0,Slight,Raining no high winds,Wet or damp,Darkness - lights lit,60.0,Rural,2007.0
2005600CO9084,Over 75,5.0,Urban area,,998.0,,,Other/Not known (2005-10),Approaching junction or waiting/parked at junction approach,NISSAN,MICRA PROFILE 16V,Petrol,Female,,No tow/articulation,Did not leave carriageway,0.0,Waiting to go - held up,2.0,Car,No,Front,2005.0,Slight,Fine no high winds,Dry,Daylight,30.0,Urban,2005.0
200446SW92307,46 - 55,1.0,Urban area,1.0,11967.0,,,Data missing or out of range,Data missing or out of range,MERCEDES,,Heavy oil,Male,,No tow/articulation,Did not leave carriageway,0.0,Going ahead other,1.0,Bus or coach (17 or more pass seats),Data missing or out of range,Front,2004.0,,,,,,,
2004520146013,26 - 35,2.0,Data missing or out of range,,599.0,,Central crash barrier,Data missing or out of range,Data missing or out of range,TRIUMPH,TT 600,Petrol,Male,,No tow/articulation,Offside on to centrl res + rebounded,0.0,Overtaking moving vehicle - offside,2.0,106,Data missing or out of range,Front,2004.0,,,,,,,
200437G016589,56 - 65,14.0,Small town,5.0,2998.0,,,Data missing or out of range,Data missing or out of range,MERCEDES,300D DIESEL AUTO,Heavy oil,Male,,No tow/articulation,Did not leave carriageway,0.0,Going ahead other,2.0,109,Data missing or out of range,Nearside,2004.0,,,,,,,
20053102B2721,56 - 65,12.0,Urban area,,5480.0,,,Other/Not known (2005-10),Approaching junction or waiting/parked at junction approach,VOLVO,,Heavy oil,Male,,No tow/articulation,Did not leave carriageway,0.0,Turning right,2.0,Van / Goods 3.5 tonnes mgw or under,No,Nearside,2005.0,Fatal,Fine no high winds,Dry,Darkness - no lighting,60.0,Rural,2005.0
2008100331808,26 - 35,1.0,Urban area,3.0,1995.0,,,Commuting to/from work,Mid Junction - on roundabout or on main road,BMW,118D M SPORT,Heavy oil,Male,,No tow/articulation,Did not leave carriageway,0.0,Going ahead other,2.0,Car,No,Front,2008.0,Slight,Fine no high winds,Dry,Daylight,30.0,Urban,2008.0
200754EW07007,36 - 45,6.0,Urban area,7.0,11705.0,,,Journey as part of work,Mid Junction - on roundabout or on main road,SCANIA,,Heavy oil,Male,,No tow/articulation,Did not leave carriageway,0.0,Turning right,1.0,Goods 7.5 tonnes mgw and over,No,Offside,2007.0,Slight,Raining no high winds,Wet or damp,Daylight,70.0,Rural,2007.0
2007610106407,16 - 20,10.0,Small town,,1595.0,,Telegraph or electricity pole,Other/Not known (2005-10),Not at or within 20 metres of junction,VOLKSWAGEN,POLO 1.6 L,Petrol,Male,,No tow/articulation,Offside,0.0,Going ahead left-hand bend,2.0,Car,No,Front,2007.0,Slight,Raining no high winds,Wet or damp,Darkness - no lighting,60.0,Rural,2007.0
2004100620104,46 - 55,,Urban area,9.0,,,,Data missing or out of range,Data missing or out of range,IVECO,,,Male,,No tow/articulation,Did not leave carriageway,0.0,Turning right,1.0,Van / Goods 3.5 tonnes mgw or under,Data missing or out of range,Front,2004.0,,,,,,,
2004130245004,26 - 35,1.0,Rural,9.0,1398.0,,,Data missing or out of range,Data missing or out of range,PEUGEOT,206 SW S TD,Heavy oil,Male,,No tow/articulation,Did not leave carriageway,0.0,Going ahead other,1.0,109,Data missing or out of range,Front,2004.0,,,,,,,
2005440750986,36 - 45,6.0,Urban area,6.0,8970.0,,,Journey as part of work,Approaching junction or waiting/parked at junction approach,SCANIA,,Heavy oil,Male,,No tow/articulation,Did not leave carriageway,0.0,Going ahead other,2.0,Goods 7.5 tonnes mgw and over,No,Front,2005.0,Slight,Raining + high winds,Wet or damp,Darkness - no lighting,30.0,Urban,2005.0
200501RG40273,36 - 45,6.0,Data missing or out of range,,,,,Journey as part of work,Mid Junction - on roundabout or on main road,DENNIS,,Heavy oil,Male,,No tow/articulation,Did not leave carriageway,0.0,Going ahead other,1.0,Bus or coach (17 or more pass seats),No,Front,2005.0,Slight,Fine no high winds,Dry,Daylight,30.0,Urban,2005.0
200540D021070,26 - 35,4.0,Urban area,7.0,1868.0,Kerb,,Journey as part of work,Not at or within 20 metres of junction,CITROEN,BERLINGO 1.9D 800,Heavy oil,Male,Skidded and overturned,No tow/articulation,Nearside,0.0,Changing lane to left,1.0,Van / Goods 3.5 tonnes mgw or under,No,Front,2005.0,Slight,Fine no high winds,Dry,Daylight,70.0,Rural,2005.0
200704DL07037,46 - 55,2.0,Small town,,3920.0,,,Journey as part of work,Approaching junction or waiting/parked at junction approach,IVECO,,Heavy oil,Male,Skidded,No tow/articulation,Did not leave carriageway,0.0,Going ahead other,2.0,Goods over 3.5t. and under 7.5t,No,Front,2007.0,Serious,Fine no high winds,Dry,Daylight,30.0,Urban,2007.0
2005070505770,26 - 35,2.0,Rural,10.0,1998.0,,Tree,Other/Not known (2005-10),Not at or within 20 metres of junction,HONDA,CIVIC TYPE-R,Petrol,Male,Overturned,No tow/articulation,Offside,0.0,Going ahead right-hand bend,1.0,Car,No,Offside,2005.0,Serious,Fine no high winds,Wet or damp,Darkness - lights lit,50.0,Urban,2005.0
200805AA25851,56 - 65,3.0,Urban area,7.0,2170.0,,,Journey as part of work,Approaching junction or waiting/parked at junction approach,SAAB,9-5 LINEAR SPORT TID AUTO,Heavy oil,Female,,No tow/articulation,Did not leave carriageway,0.0,Going ahead other,2.0,Car,No,Front,2008.0,Serious,Fine no high winds,Dry,Darkness - lights lit,30.0,Urban,2008.0
200806G007428,36 - 45,3.0,Urban area,5.0,1560.0,,,Commuting to/from work,Leaving roundabout,PEUGEOT,206 CC ALLURE HDI,Heavy oil,Female,,No tow/articulation,Did not leave carriageway,0.0,Going ahead left-hand bend,1.0,Car,No,Front,2008.0,Slight,Fine no high winds,Wet or damp,Daylight,30.0,Urban,2008.0
200597UC00109,26 - 35,,Rural,,1910.0,,Other permanent object,Commuting to/from work,Leaving main road,FIAT,MULTIPLA JTD ELEGANZA,Heavy oil,Male,Overturned,No tow/articulation,Offside,0.0,Waiting to turn right,2.0,Car,No,Offside,2005.0,Slight,Fine no high winds,Dry,Daylight,60.0,Rural,2005.0
200634NW04716,46 - 55,13.0,Urban area,1.0,1686.0,,,Other/Not known (2005-10),Not at or within 20 metres of junction,VAUXHALL,ASTRA GLS TURBO D,Heavy oil,Male,,No tow/articulation,Did not leave carriageway,0.0,Going ahead other,1.0,Car,No,Front,2006.0,Slight,Fine no high winds,Dry,Daylight,30.0,Urban,2006.0
200705BB16753,Over 75,4.0,Urban area,3.0,1597.0,,,Other/Not known (2005-10),Not at or within 20 metres of junction,MITSUBISHI,CARISMA MIRAGE AUTO,Petrol,Male,,No tow/articulation,Did not leave carriageway,0.0,Slowing or stopping,2.0,Car,No,Front,2007.0,Slight,Fine no high winds,Dry,Daylight,30.0,Urban,2007.0
200506C025170,36 - 45,13.0,Urban area,1.0,1905.0,,,Taking pupil to/from school,Mid Junction - on roundabout or on main road,PEUGEOT,309 STYLE DIESEL,Heavy oil,Female,,No tow/articulation,Did not leave carriageway,0.0,Turning right,1.0,Car,No,Nearside,2005.0,Slight,Raining no high winds,Wet or damp,Daylight,30.0,Urban,2005.0
200605BB13559,16 - 20,13.0,Urban area,10.0,1796.0,,,Other/Not known (2005-10),Not at or within 20 metres of junction,VAUXHALL,CAVALIER MOTORSPORT,Petrol,Male,Skidded,No tow/articulation,Did not leave carriageway,0.0,Going ahead other,1.0,Car,No,Front,2006.0,Slight,Raining + high winds,Wet or damp,Darkness - lights lit,30.0,Urban,2006.0
2005950004165,36 - 45,11.0,Small town,,9600.0,,,Other/Not known (2005-10),Entering roundabout,VOLVO,,Heavy oil,Male,,No tow/articulation,Did not leave carriageway,2.0,Parked,1.0,Bus or coach (17 or more pass seats),No,Did not impact,2005.0,Serious,Fine no high winds,Dry,Daylight,30.0,Urban,2005.0
2005950005915,36 - 45,1.0,Urban area,,1461.0,,,Other/Not known (2005-10),Not at or within 20 metres of junction,RENAULT,MEGANE DYNAMIQUE DCI 80,Heavy oil,Male,,No tow/articulation,Did not leave carriageway,0.0,Going ahead other,1.0,Car,No,Front,2005.0,Slight,Fine no high winds,Dry,Darkness - lights lit,30.0,Urban,2005.0
2005230595387,21 - 25,7.0,Urban area,6.0,1396.0,,,Journey as part of work,Not at or within 20 metres of junction,ROVER,214S,Petrol,Male,,No tow/articulation,Did not leave carriageway,0.0,Going ahead other,3.0,Car,No,Front,2005.0,Slight,Fine no high winds,Wet or damp,Daylight,70.0,Urban,2005.0
2006440534136,56 - 65,,Urban area,4.0,1086.0,,,Other/Not known (2005-10),Mid Junction - on roundabout or on main road,KIA,PICANTO SE+,Petrol,Male,,No tow/articulation,Did not leave carriageway,0.0,Waiting to turn right,2.0,Car,No,Did not impact,2006.0,Serious,Raining + high winds,Wet or damp,Daylight,30.0,Urban,2006.0
200511AK04440,56 - 65,,Urban area,3.0,1997.0,,,Other/Not known (2005-10),Not at or within 20 metres of junction,CITROEN,XSARA PICASSO DESIRE 2HDI,Heavy oil,Male,,No tow/articulation,Did not leave carriageway,0.0,Going ahead other,2.0,Car,No,Front,2005.0,Serious,Fine no high winds,Wet or damp,Daylight,60.0,Rural,2005.0
20074100G0618,21 - 25,9.0,Urban area,4.0,1396.0,Parked vehicle,,Other/Not known (2005-10),Mid Junction - on roundabout or on main road,ROVER,414S,Petrol,Male,Overturned,No tow/articulation,Did not leave carriageway,0.0,Going ahead other,1.0,Car,No,Front,2007.0,Slight,Fine no high winds,Dry,Daylight,30.0,Urban,2007.0
200763DP17807,46 - 55,8.0,Urban area,,1396.0,,,Other/Not known (2005-10),Approaching junction or waiting/parked at junction approach,ROVER,414 SEI,Petrol,Male,,No tow/articulation,Did not leave carriageway,0.0,Going ahead other,1.0,Car,No,Front,2007.0,Slight,Fine no high winds,Dry,Daylight,40.0,Rural,2007.0