Accident_Index,Age_Band_of_Driver,Age_of_Vehicle,Driver_Home_Area_Type,Driver_IMD_Decile,Engine_Capacity_.CC.,Hit_Object_in_Carriageway,Hit_Object_off_Carriageway,Journey_Purpose_of_Driver,Junction_Location,make,model,Propulsion_Code,Sex_of_Driver,Skidding_and_Overturning,Towing_and_Articulation,Vehicle_Leaving_Carriageway,Vehicle_Location.Restricted_Lane,Vehicle_Manoeuvre,Vehicle_Reference,Vehicle_Type,Was_Vehicle_Left_Hand_Drive,X1st_Point_of_Impact,Year_x,Severity_Label,Weather_Conditions,Road_Surface_Conditions,Light_Conditions,Speed_limit,Urban_or_Rural_Area,Year_y
20044200C0546,26 - 35,8.0,Urban area,4.0,899.0,,,Data missing or out of range,Data missing or out of range,FIAT,CINQUECENTO SX,Petrol,Female,,No tow/articulation,Did not leave carriageway,0.0,Going ahead other,2.0,109,Data missing or out of range,Front,2004.0,,,,,,,
2006100935006,46 - 55,4.0,Urban area,2.0,1598.0,,,Other/Not known (2005-10),Entering roundabout,RENAULT,MEGANE DYNAMIQUE+ CABRIO,Petrol,Male,,No tow/articulation,Did not leave carriageway,0.0,Moving off,2.0,Car,No,Offside,2006.0,Slight,Fine + high winds,Wet or damp,Darkness - lights lit,40.0,Urban,2006.0
200742I318908,36 - 45,3.0,Small town,4.0,1998.0,,,Other/Not known (2005-10),Not at or within 20 metres of junction,FORD,MONDEO ZETEC TDCI,Heavy oil,Female,,No tow/articulation,Did not leave carriageway,0.0,Going ahead other,3.0,Car,No,Front,2007.0,Slight,Fine no high winds,Dry,Daylight,60.0,Rural,2007.0
200401HT20084,26 - 35,1.0,Urban area,3.0,2230.0,,,Data missing or out of range,Data missing or out of range,PEUGEOT,406 COUPE S,Petrol,Male,,No tow/articulation,Did not leave carriageway,0.0,Turning left,2.0,109,Data missing or out of range,Front,2004.0,,,,,,,
2006070602891,21 - 25,6.0,Urban area,10.0,1199.0,,,Other/Not known (2005-10),Approaching junction or waiting/parked at junction approach,VAUXHALL,CORSA 16V,Petrol,Female,,No tow/articulation,Did not leave carriageway,0.0,Going ahead other,1.0,Car,No,Offside,2006.0,Slight,Fine no high winds,Dry,Daylight,30.0,Urban,2006.0
2004130454704,36 - 45,18.0,Small town,3.0,2792.0,,,Data missing or out of range,Data missing or out of range,FORD,CAPRI INJECTION,Petrol,Male,Skidded,No tow/articulation,Did not leave carriageway,0.0,Overtaking - nearside,2.0,109,Data missing or out of range,Front,2004.0,,,,,,,
200750F41D509,46 - 55,8.0,Urban area,4.0,1598.0,,,Data missing or out of range,Not at or within 20 metres of junction,RENAULT,MEGANE SCENIC ALIZE AUTO,Petrol,Female,,No tow/articulation,Did not leave carriageway,0.0,Moving off,2.0,Car,No,Front,2007.0,Slight,Fine no high winds,Dry,Daylight,60.0,Urban,2007.0
2007460143895,26 - 35,,Data missing or out of range,,,,,Journey as part of work,Not at or within 20 metres of junction,FORD,TRANSIT HALLMARK,,Male,,No tow/articulation,Did not leave carriageway,0.0,Going ahead other,1.0,Car,No,Front,2007.0,Slight,Fine no high winds,Dry,Daylight,70.0,Rural,2007.0
200750B62H809,16 - 20,,Rural,4.0,,,,Data missing or out of range,Mid Junction - on roundabout or on main road,VAUXHALL,COMBO 1700 CDTI 16V,,Male,,No tow/articulation,Did not leave carriageway,0.0,Turning right,1.0,Car,No,Offside,2007.0,Slight,Fine no high winds,Dry,Daylight,60.0,Rural,2007.0
200522FA45801,46 - 55,15.0,Urban area,2.0,1388.0,,,Commuting to/from work,Not at or within 20 metres of junction,VAUXHALL,ASTRA MERIT,Petrol,Male,,No tow/articulation,Did not leave carriageway,0.0,Going ahead other,1.0,Car,No,Front,2005.0,Serious,Fine no high winds,Dry,Daylight,60.0,Urban,2005.0
2007950005609,16 - 20,6.0,Rural,,1390.0,,,Other/Not known (2005-10),Approaching junction or waiting/parked at junction approach,RENAULT,CLIO SI,Petrol,Male,,No tow/articulation,Did not leave carriageway,0.0,Going ahead other,1.0,Car,No,Front,2007.0,Serious,Fine no high winds,Dry,Daylight,30.0,Rural,2007.0
20073102C2307,Data missing or out of range,9.0,Data missing or out of range,,999.0,,,Other/Not known (2005-10),Cleared junction or waiting/parked at junction exit,HYUNDAI,ATOZ + S-A,Petrol,Not known,,No tow/articulation,Did not leave carriageway,0.0,Parked,3.0,Car,No,Back,2007.0,Serious,Raining no high winds,Wet or damp,Darkness - lights lit,30.0,Urban,2007.0
200404C114204,46 - 55,,Data missing or out of range,,1388.0,,,Data missing or out of range,Data missing or out of range,MAZDA,2 TS2,Petrol,Male,,No tow/articulation,Did not leave carriageway,0.0,Turning right,1.0,109,Data missing or out of range,Offside,2004.0,,,,,,,
200501HT20621,Data missing or out of range,2.0,Data missing or out of range,,2497.0,,,Other/Not known (2005-10),Cleared junction or waiting/parked at junction exit,BMW,525D SE AUTO,Heavy oil,Male,,No tow/articulation,Did not leave carriageway,0.0,Reversing,2.0,Car,No,Back,2005.0,Slight,Fine no high winds,Dry,Daylight,30.0,Urban,2005.0
200704AM07122,16 - 20,6.0,Urban area,4.0,1149.0,,,Commuting to/from work,Mid Junction - on roundabout or on main road,RENAULT,CLIO DYNAMIQUE 16V,Petrol,Male,,No tow/articulation,Did not leave carriageway,0.0,Turning right,1.0,Car,No,Front,2007.0,Slight,Fine no high winds,Dry,Daylight,30.0,Urban,2007.0
2007460145878,36 - 45,,Urban area,10.0,,,,Other/Not known (2005-10),Mid Junction - on roundabout or on main road,CITROEN,BERLINGO 600D X,,Male,,No tow/articulation,Did not leave carriageway,0.0,Turning right,2.0,Car,No,Back,2007.0,Slight,Fine no high winds,Dry,Daylight,40.0,Rural,2007.0
20074100G0409,66 - 75,6.0,Small town,3.0,1341.0,,,Other/Not known (2005-10),Not at or within 20 metres of junction,HYUNDAI,ACCENT GSI AUTO,Petrol,Female,,No tow/articulation,Did not leave carriageway,0.0,Going ahead left-hand bend,2.0,Car,No,Front,2007.0,Slight,Fine no high winds,Dry,Daylight,60.0,Rural,2007.0
2004920401531,46 - 55,,Data missing or out of range,,,,,Data missing or out of range,Data missing or out of range,PEUGEOT,106 KEY LARGO,,Male,,No tow/articulation,Did not leave carriageway,0.0,Going ahead other,1.0,Van / Goods 3.5 tonnes mgw or under,Data missing or out of range,Front,2004.0,,,,,,,
20074100K0681,16 - 20,3.0,Urban area,2.0,1595.0,,,Other/Not known (2005-10),Not at or within 20 metres of junction,AUDI,A3 SPECIAL EDITION,Petrol,Male,,No tow/articulation,Did not leave carriageway,0.0,Changing lane to left,2.0,Car,No,Back,2007.0,Slight,Fine no high winds,Dry,Daylight,40.0,Urban,2007.0
200520F158201,21 - 25,3.0,Urban area,4.0,1951.0,,,Journey as part of work,Mid Junction - on roundabout or on main road,LAND ROVER,FREELANDER TD4 SWB,Heavy oil,Female,,No tow/articulation,Did not leave carriageway,0.0,Going ahead other,2.0,Car,No,Nearside,2005.0,Slight,Fine no high winds,Dry,Daylight,30.0,Urban,2005.0
2006610042206,26 - 35,17.0,Small town,,1990.0,,Central crash barrier,Other/Not known (2005-10),Not at or within 20 metres of junction,BMW,320I CONVERTIBLE AUTO,Petrol,Male,Skidded,No tow/articulation,Offside on to central reservation,0.0,Going ahead other,1.0,Car,No,Front,2006.0,Slight,Fine no high winds,Dry,Daylight,70.0,Rural,2006.0
2005130180705,26 - 35,2.0,Urban area,2.0,1339.0,,,Other/Not known (2005-10),Not at or within 20 metres of junction,HONDA,JAZZ SE SPORT,Petrol,Female,,No tow/articulation,Did not leave carriageway,0.0,Parked,2.0,Car,No,Back,2005.0,Serious,Fine no high winds,Wet or damp,Daylight,30.0,Urban,2005.0
2007520010693,36 - 45,12.0,Data missing or out of range,,2982.0,,,Other/Not known (2005-10),Approaching junction or waiting/parked at junction approach,TOYOTA,4-RUNNER,Heavy oil,Female,,No tow/articulation,Did not leave carriageway,0.0,Going ahead left-hand bend,1.0,Car,No,Offside,2007.0,Slight,Fine no high winds,Dry,Daylight,30.0,Urban,2007.0
200542A055610,46 - 55,2.0,Rural,6.0,1396.0,,,Commuting to/from work,Not at or within 20 metres of junction,ROVER,25 IMPRESSION 3,Petrol,Female,,No tow/articulation,Did not leave carriageway,0.0,Going ahead other,2.0,Car,No,Nearside,2005.0,Serious,Raining no high winds,Wet or damp,Darkness - lighting unknown,60.0,Rural,2005.0
200497GE01311,21 - 25,8.0,Urban area,,998.0,,,Data missing or out of range,Data missing or out of range,NISSAN,MICRA MUZIC,Petrol,Female,,No tow/articulation,Did not leave carriageway,0.0,Waiting to go - held up,2.0,109,Data missing or out of range,Offside,2004.0,,,,,,,
2004620111630,56 - 65,4.0,Urban area,,6000.0,,,Data missing or out of range,Data missing or out of range,DENNIS,,Heavy oil,Male,,No tow/articulation,Did not leave carriageway,0.0,Going ahead other,1.0,Bus or coach (17 or more pass seats),Data missing or out of range,Nearside,2004.0,,,,,,,
200443P212124,16 - 20,4.0,Rural,6.0,1390.0,,,Data missing or out of range,Data missing or out of range,RENAULT,CLIO S,Petrol,Male,Skidded,No tow/articulation,Did not leave carriageway,0.0,Going ahead other,1.0,109,Data missing or out of range,Front,2004.0,,,,,,,
200642I360809,36 - 45,23.0,Urban area,3.0,1600.0,,,Other/Not known (2005-10),Approaching junction or waiting/parked at junction approach,AUSTIN,MAESTRO HLS,Petrol,Female,,No tow/articulation,Did not leave carriageway,0.0,Going ahead other,1.0,Car,No,Did not impact,2006.0,Slight,Fine no high winds,Dry,Daylight,30.0,Urban,2006.0
2004400D00977,21 - 25,3.0,Urban area,3.0,1951.0,,,Data missing or out of range,Data missing or out of range,LAND ROVER,FREELANDER TD4 GS,Heavy oil,Female,,No tow/articulation,Offside on to central reservation,0.0,Going ahead other,2.0,109,Data missing or out of range,Nearside,2004.0,,,,,,,
2007160C07830,46 - 55,6.0,Rural,6.0,1896.0,,Other permanent object,Other/Not known (2005-10),Not at or within 20 metres of junction,AUDI,A4 1.9 TDI SE AUTO,Heavy oil,Female,Skidded and overturned,No tow/articulation,Nearside,0.0,Going ahead right-hand bend,1.0,Car,No,Front,2007.0,Slight,Fine no high winds,Wet or damp,Darkness - no lighting,60.0,Rural,2007.0
200642I266206,36 - 45,2.0,Urban area,9.0,5998.0,,,Other/Not known (2005-10),Approaching junction or waiting/parked at junction approach,BENTLEY,CONTINENTAL GT AUTO,Petrol,Male,,No tow/articulation,Did not leave carriageway,0.0,Turning left,1.0,Car,No,Nearside,2006.0,Slight,Fine no high winds,Dry,Daylight,30.0,Urban,2006.0
200801LX51023,36 - 45,8.0,Urban area,2.0,7300.0,,,Journey as part of work,Mid Junction - on roundabout or on main road,VOLVO,,Heavy oil,Male,,No tow/articulation,Did not leave carriageway,0.0,Slowing or stopping,2.0,Bus or coach (17 or more pass seats),No,Front,2008.0,Slight,Fine no high winds,Dry,Darkness - lights lit,30.0,Urban,2008.0
200754EG21407,56 - 65,,Urban area,4.0,1910.0,,,Other/Not known (2005-10),Not at or within 20 metres of junction,VAUXHALL,ZAFIRA SRI CDTI 150 E4,Heavy oil,Male,,No tow/articulation,Did not leave carriageway,0.0,Waiting to go - held up,2.0,Car,No,Back,2007.0,Slight,Raining no high winds,Wet or damp,Daylight,60.0,Rural,2007.0
200420M063803,21 - 25,7.0,Urban area,3.0,1905.0,,,Data missing or out of range,Data missing or out of range,PEUGEOT,306 GLX DT,Heavy oil,Male,,No tow/articulation,Did not leave carriageway,0.0,Going ahead other,2.0,109,Data missing or out of range,Nearside,2004.0,,,,,,,
200604FG06002,26 - 35,1.0,Data missing or out of range,,1686.0,Kerb,,Journey as part of work,Not at or within 20 metres of junction,VAUXHALL,ASTRA LIFE CDTI,Heavy oil,Male,Skidded,No tow/articulation,Nearside,0.0,Going ahead right-hand bend,2.0,Car,No,Offside,2006.0,Serious,Fine no high winds,Wet or damp,Darkness - lights lit,50.0,Urban,2006.0
200605AA08206,26 - 35,12.0,Urban area,1.0,1699.0,,,Other/Not known (2005-10),Approaching junction or waiting/parked at junction approach,VAUXHALL,,Heavy oil,Male,,No tow/articulation,Did not leave carriageway,0.0,Going ahead other,3.0,Car,No,Front,2006.0,Slight,Raining no high winds,Wet or damp,Darkness - lights lit,30.0,Urban,2006.0
200604CM06091,46 - 55,9.0,Urban area,3.0,4250.0,,,Journey as part of work,Approaching junction or waiting/parked at junction approach,MERCEDES,,Heavy oil,Male,,No tow/articulation,Did not leave carriageway,0.0,Going ahead other,1.0,Bus or coach (17 or more pass seats),No,Front,2006.0,Slight,Fine no high winds,Dry,Daylight,30.0,Urban,2006.0
20044100J2073,46 - 55,1.0,Urban area,7.0,2402.0,,,Data missing or out of range,Data missing or out of range,LONDON TAXIS INT,TXII BRONZE AUTO,Heavy oil,Male,Skidded,No tow/articulation,Did not leave carriageway,0.0,Parked,2.0,108,Data missing or out of range,Back,2004.0,,,,,,,
200543N486125,21 - 25,,Urban area,3.0,125.0,,,Other/Not known (2005-10),Not at or within 20 metres of junction,HONDA,SES 125-4,Petrol,Male,Skidded,No tow/articulation,Did not leave carriageway,0.0,Going ahead other,1.0,Motorcycle 125cc and under,No,Front,2005.0,Serious,Fine no high winds,Dry,Daylight,30.0,Urban,2005.0
200714C013107,26 - 35,2.0,Urban area,2.0,2463.0,,,Other/Not known (2005-10),Approaching junction or waiting/parked at junction approach,RENAULT,MASTER PCLL35 DCI 120 LWB,Heavy oil,Male,,No tow/articulation,Did not leave carriageway,0.0,Going ahead other,1.0,Other vehicle,No,Back,2007.0,Slight,Fine no high winds,Dry,Daylight,30.0,Urban,2007.0
2007530192255,46 - 55,1.0,Urban area,10.0,1998.0,,,Other/Not known (2005-10),Not at or within 20 metres of junction,FORD,MONDEO ZETEC TDCI 130,Heavy oil,Male,,No tow/articulation,Did not leave carriageway,0.0,Overtaking static vehicle - offside,1.0,Car,No,Front,2007.0,Slight,Raining no high winds,Wet or damp,Daylight,30.0,Urban,2007.0
200663AC51106,36 - 45,11.0,Urban area,,1598.0,,,Commuting to/from work,Not at or within 20 metres of junction,FORD,ESCORT CALYPSO,Petrol,Female,,No tow/articulation,Did not leave carriageway,0.0,Waiting to go - held up,1.0,Car,No,Front,2006.0,Slight,Unknown,Dry,Daylight,60.0,Rural,2006.0
2004520132861,26 - 35,9.0,Data missing or out of range,,1119.0,,,Data missing or out of range,Data missing or out of range,FORD,FIESTA I,Petrol,Male,,No tow/articulation,Did not leave carriageway,0.0,Going ahead other,2.0,109,Data missing or out of range,Front,2004.0,,,,,,,
200642I471611,36 - 45,4.0,Urban area,5.0,1397.0,,,Other/Not known (2005-10),Not at or within 20 metres of junction,MERCEDES,A140 CLASSIC AUTO,Petrol,Female,,No tow/articulation,Did not leave carriageway,0.0,Going ahead other,2.0,Car,No,Offside,2006.0,Slight,Fine no high winds,Dry,Daylight,30.0,Rural,2006.0
200614C087506,36 - 45,6.0,Urban area,5.0,1997.0,,,Other/Not known (2005-10),Entering main road,HYUNDAI,SONATA GSI,Petrol,Male,,No tow/articulation,Did not leave carriageway,0.0,Waiting to turn right,1.0,Car,No,Offside,2006.0,Slight,Fine no high winds,Dry,Daylight,30.0,Urban,2006.0
20043102B3269,66 - 75,1.0,Rural,7.0,1397.0,,,Data missing or out of range,Data missing or out of range,MERCEDES,A140 CLASSIC SE SWB,Petrol,Male,Skidded,No tow/articulation,Did not leave carriageway,0.0,Going ahead other,2.0,109,Data missing or out of range,Front,2004.0,,,,,,,
2007100739707,Data missing or out of range,5.0,Data missing or out of range,,1389.0,,,Other/Not known (2005-10),Not at or within 20 metres of junction,VAUXHALL,CORSA COMFORT 16V AUTO,Petrol,Female,,No tow/articulation,Did not leave carriageway,0.0,Waiting to go - held up,4.0,Car,No,Did not impact,2007.0,Slight,Raining no high winds,Wet or damp,Daylight,40.0,Urban,2007.0
200406L903156,36 - 45,11.0,Urban area,8.0,1360.0,,,Data missing or out of range,Data missing or out of range,ROVER,METRO RIO GRANDE D,Heavy oil,Female,,No tow/articulation,Did not leave carriageway,0.0,Waiting to go - held up,2.0,109,Data missing or out of range,Back,2004.0,,,,,,,
200401YF00022,36 - 45,2.0,Urban area,3.0,3900.0,,,Data missing or out of range,Data missing or out of range,DENNIS,,Heavy oil,Male,,No tow/articulation,Did not leave carriageway,0.0,Going ahead other,2.0,Bus or coach (17 or more pass seats),Data missing or out of range,Back,2004.0,,,,,,,
200545EL73787,Over 75,2.0,Data missing or out of range,,1998.0,,Lamp post,Other/Not known (2005-10),Entering roundabout,TOYOTA,RAV4 GX VVTI AUTO,Petrol,Male,,No tow/articulation,Nearside,0.0,Slowing or stopping,1.0,Car,No,Front,2005.0,Serious,Fine no high winds,Dry,Daylight,40.0,Urban,2005.0
2005520066478,36 - 45,26.0,Urban area,7.0,124.0,,,Commuting to/from work,Cleared junction or waiting/parked at junction exit,HONDA,,Petrol,Male,,No tow/articulation,Did not leave carriageway,0.0,Overtaking moving vehicle - offside,2.0,Motorcycle 125cc and under,No,Front,2005.0,Slight,Raining no high winds,Wet or damp,Daylight,30.0,Urban,2005.0
200620M022701,26 - 35,8.0,Urban area,5.0,1389.0,,,Other/Not known (2005-10),Not at or within 20 metres of junction,VAUXHALL,CORSA BREEZE HI-TORQ,Petrol,Female,Skidded,No tow/articulation,Did not leave carriageway,0.0,Going ahead other,2.0,Car,No,Front,2006.0,Slight,Raining no high winds,Wet or damp,Daylight,60.0,Urban,2006.0
200601EO41226,26 - 35,3.0,Urban area,3.0,49.0,,,Other/Not known (2005-10),Mid Junction - on roundabout or on main road,PIAGGIO,ET2,Petrol,Female,,No tow/articulation,Did not leave carriageway,0.0,Moving off,2.0,Motorcycle 50cc and under,No,Offside,2006.0,Slight,Fine no high winds,Dry,Darkness - lights lit,30.0,Urban,2006.0
200801RG40105,36 - 45,8.0,Urban area,5.0,2664.0,,,Journey as part of work,Not at or within 20 metres of junction,LONDON TAXIS INT,TX1 SILVER AUTO,Heavy oil,Male,,No tow/articulation,Did not leave carriageway,0.0,Going ahead other,1.0,Taxi/Private hire car,No,Front,2008.0,Serious,Fine no high winds,Dry,Daylight,30.0,Urban,2008.0
200632D204106,16 - 20,13.0,Urban area,1.0,1360.0,,Tree,Other/Not known (2005-10),Not at or within 20 metres of junction,CITROEN,ZX REFLEX,Petrol,Male,Skidded,No tow/articulation,Nearside,0.0,Going ahead other,1.0,Car,No,Back,2006.0,Slight,Fine no high winds,Dry,Daylight,60.0,Rural,2006.0
2006160D01410,26 - 35,3.0,Urban area,1.0,1870.0,,,Taking pupil to/from school,Mid Junction - on roundabout or on main road,MITSUBISHI,CARISMA ELEGANCE DI-D,Heavy oil,Male,,No tow/articulation,Did not leave carriageway,0.0,Turning left,1.0,Car,No,Nearside,2006.0,Slight,Fine no high winds,Dry,Daylight,30.0,Urban,2006.0
200401GD10161,36 - 45,1.0,Urban area,3.0,8268.0,,,Data missing or out of range,Data missing or out of range,DENNIS,,Heavy oil,Male,,No tow/articulation,Did not leave carriageway,0.0,Moving off,1.0,Bus or coach (17 or more pass seats),Data missing or out of range,Did not impact,2004.0,,,,,,,
200522EB32848,26 - 35,,Rural,5.0,,,,Journey as part of work,Not at or within 20 metres of junction,FORD,TRANSIT 260 SWB TD,,Male,,No tow/articulation,Did not leave carriageway,0.0,Going ahead left-hand bend,1.0,Minibus (8 - 16 passenger seats),No,Front,2005.0,Slight,Fine no high winds,Wet or damp,Daylight,60.0,Rural,2005.0
2007160C07060,46 - 55,,Urban area,3.0,1402.0,,Other permanent object,Other/Not known (2005-10),Not at or within 20 metres of junction,SUZUKI,GSX 1400 K6,Petrol,Male,Skidded and overturned,No tow/articulation,Offside,0.0,Going ahead left-hand bend,1.0,Motorcycle over 500cc,No,Front,2007.0,Fatal,Raining no high winds,Wet or damp,Daylight,60.0,Rural,2007.0
2006216219307,36 - 45,1.0,Urban area,2.0,1584.0,,,Other/Not known (2005-10),Not at or within 20 metres of junction,MITSUBISHI,LANCER ELEGANCE,Petrol,Female,,No tow/articulation,Did not leave carriageway,0.0,Going ahead left-hand bend,2.0,Car,No,Front,2006.0,Slight,Fine no high winds,Dry,Daylight,30.0,Urban,2006.0
200501SX20264,Data missing or out of range,5.0,Urban area,6.0,1590.0,,,Other/Not known (2005-10),Cleared junction or waiting/parked at junction exit,HONDA,CIVIC AERODECK VTEC SE A,Petrol,Male,,No tow/articulation,Did not leave carriageway,0.0,Going ahead other,2.0,Car,No,Front,2005.0,Slight,Fine no high winds,Dry,Darkness - lights lit,30.0,Urban,2005.0
200801KD76466,16 - 20,5.0,Small town,10.0,1149.0,,,Other/Not known (2005-10),Mid Junction - on roundabout or on main road,RENAULT,CLIO DYNAMIQUE 16V,Petrol,Female,,No tow/articulation,Did not leave carriageway,0.0,Turning right,1.0,Car,No,Front,2008.0,Slight,Fine no high winds,Dry,Darkness - lights lit,30.0,Urban,2008.0
200606J063330,16 - 20,5.0,Urban area,1.0,1124.0,,,Other/Not known (2005-10),Approaching junction or waiting/parked at junction approach,CITROEN,SAXO FORTE,Petrol,Female,,No tow/articulation,Did not leave carriageway,0.0,Going ahead other,1.0,Car,No,Front,2006.0,Slight,Raining no high winds,Wet or damp,Darkness - lights lit,30.0,Urban,2006.0
200601KD50307,16 - 20,12.0,Data missing or out of range,,1119.0,,Central crash barrier,Other/Not known (2005-10),Approaching junction or waiting/parked at junction approach,FORD,FIESTA I,Petrol,Male,,No tow/articulation,Offside on to central reservation,0.0,Going ahead other,1.0,Car,No,Offside,2006.0,Slight,Fine no high winds,Dry,Darkness - lights lit,30.0,Urban,2006.0
200640D012280,26 - 35,,Urban area,2.0,,Kerb,,Other/Not known (2005-10),Not at or within 20 metres of junction,LONDON TAXIS INT,TX1 BRONZE AUTO,,Male,,No tow/articulation,Did not leave carriageway,0.0,Going ahead other,2.0,Car,No,Front,2006.0,Slight,Fine no high winds,Dry,Daylight,60.0,Rural,2006.0
200601PY20240,26 - 35,,Urban area,2.0,,,,Other/Not known (2005-10),Approaching junction or waiting/parked at junction approach,VAUXHALL,ASTRAVAN ENVOY DUALFUEL,,Male,,No tow/articulation,Did not leave carriageway,0.0,Slowing or stopping,2.0,Car,No,Front,2006.0,Slight,Fine no high winds,Dry,Darkness - lights lit,30.0,Urban,2006.0
200801XD80188,56 - 65,5.0,Data missing or out of range,,8268.0,,,Journey as part of work,Approaching junction or waiting/parked at junction approach,DENNIS,,Heavy oil,Male,,No tow/articulation,Did not leave carriageway,0.0,Going ahead other,1.0,Bus or coach (17 or more pass seats),No,Did not impact,2008.0,Slight,Fine no high winds,Dry,Daylight,30.0,Urban,2008.0
2005555B05473,36 - 45,7.0,Urban area,6.0,2499.0,,,Data missing or out of range,Mid Junction - on roundabout or on main road,VAUXHALL,ASTRA E,Heavy oil,Male,,No tow/articulation,Did not leave carriageway,0.0,Going ahead other,2.0,Van / Goods 3.5 tonnes mgw or under,Data missing or out of range,Front,2005.0,Slight,Fine no high winds,Dry,Daylight,30.0,Urban,2005.0
2006950009502,46 - 55,15.0,Urban area,,10000.0,,,Journey as part of work,Not at or within 20 metres of junction,LEYLAND,,Heavy oil,Male,,No tow/articulation,Did not leave carriageway,0.0,Going ahead other,1.0,Bus or coach (17 or more pass seats),No,Front,2006.0,Slight,Fine + high winds,Dry,Daylight,30.0,Urban,2006.0
2005600DE1096,16 - 20,4.0,Data missing or out of range,,1124.0,,Lamp post,Other/Not known (2005-10),Mid Junction - on roundabout or on main road,PEUGEOT,206 LOOK,Petrol,Male,,No tow/articulation,Offside and rebounded,0.0,Turning left,1.0,Car,No,Front,2005.0,Slight,Other,Frost or ice,Darkness - lights lit,30.0,Urban,2005.0
2005555B03753,26 - 35,7.0,Urban area,6.0,1905.0,,,Data missing or out of range,Entering main road,PEUGEOT,406 LX S TURBO DIESEL,Heavy oil,Male,,No tow/articulation,Did not leave carriageway,0.0,Going ahead other,1.0,Car,Data missing or out of range,Front,2005.0,Slight,Fine no high winds,Dry,Daylight,30.0,Urban,2005.0
200520D141601,36 - 45,6.0,Urban area,2.0,1747.0,,,Journey as part of work,Approaching junction or waiting/parked at junction approach,ALFA ROMEO,156 1.8 T SPARK,Petrol,Male,,No tow/articulation,Did not leave carriageway,0.0,Waiting to turn right,2.0,Car,No,Back,2005.0,Slight,Fine no high winds,Dry,Daylight,40.0,Urban,2005.0
2004230495512,36 - 45,4.0,Data missing or out of range,,8970.0,,,Data missing or out of range,Data missing or out of range,SCANIA,,Heavy oil,Male,,No tow/articulation,Did not leave carriageway,0.0,Waiting to go - held up,2.0,Goods 7.5 tonnes mgw and over,Data missing or out of range,Back,2004.0,,,,,,,
200804BC08184,56 - 65,6.0,Urban area,2.0,2151.0,Parked vehicle,,Other/Not known (2005-10),Not at or within 20 metres of junction,MERCEDES,VITO 112 CDI,Heavy oil,Male,,No tow/articulation,Did not leave carriageway,0.0,Slowing or stopping,1.0,Van / Goods 3.5 tonnes mgw or under,No,Did not impact,2008.0,Slight,Fine no high winds,Dry,Daylight,60.0,Rural,2008.0
200750F41P179,26 - 35,6.0,Urban area,2.0,1896.0,,,Data missing or out of range,Not at or within 20 metres of junction,FORD,GALAXY LX TDI,Heavy oil,Female,Skidded,No tow/articulation,Did not leave carriageway,0.0,Going ahead other,1.0,Car,No,Offside,2007.0,Slight,Raining no high winds,Wet or damp,Daylight,30.0,Urban,2007.0
200601EO40224,26 - 35,7.0,Urban area,1.0,1998.0,,,Other/Not known (2005-10),Mid Junction - on roundabout or on main road,MERCEDES,CLK200 ELEGANCE,Petrol,Male,,No tow/articulation,Did not leave carriageway,0.0,Turning right,1.0,Car,No,Offside,2006.0,Slight,Fine no high winds,Dry,Darkness - lights lit,30.0,Urban,2006.0
200614A205706,26 - 35,6.0,Urban area,1.0,4000.0,,,Other/Not known (2005-10),Not at or within 20 metres of junction,MERCEDES,,Heavy oil,Male,,No tow/articulation,Did not leave carriageway,0.0,Going ahead other,1.0,Van / Goods 3.5 tonnes mgw or under,No,Front,2006.0,Fatal,Raining no high winds,Wet or damp,Daylight,30.0,Urban,2006.0
2007217013033,21 - 25,6.0,Urban area,4.0,1242.0,,,Other/Not known (2005-10),Not at or within 20 metres of junction,FIAT,BRAVA 80 16V SX FORMULA,Petrol,Male,,No tow/articulation,Did not leave carriageway,0.0,Overtaking - nearside,1.0,Car,No,Front,2007.0,Slight,Fine no high winds,Dry,Daylight,30.0,Urban,2007.0
200701TW60189,46 - 55,10.0,Urban area,10.0,124.0,,,Other/Not known (2005-10),Approaching junction or waiting/parked at junction approach,PIAGGIO,VESPA ET4,Petrol,Male,,No tow/articulation,Did not leave carriageway,0.0,Going ahead other,2.0,Motorcycle 125cc and under,No,Front,2007.0,Serious,Fine no high winds,Dry,Darkness - lights lit,30.0,Urban,2007.0
200501CW10505,46 - 55,1.0,Urban area,5.0,6370.0,,,Journey as part of work,Cleared junction or waiting/parked at junction exit,MERCEDES,,Heavy oil,Male,,No tow/articulation,Did not leave carriageway,0.0,Going ahead other,1.0,Bus or coach (17 or more pass seats),No,Front,2005.0,Serious,Fine no high winds,Wet or damp,Daylight,30.0,Urban,2005.0
20073102D2734,36 - 45,1.0,Urban area,2.0,2500.0,,,Journey as part of work,Not at or within 20 metres of junction,LDV,MAXUS 3.5 CDI 95 LWB,Heavy oil,Male,,No tow/articulation,Did not leave carriageway,0.0,Reversing,2.0,Van / Goods 3.5 tonnes mgw or under,No,Back,2007.0,Slight,Fine no high winds,Dry,Daylight,30.0,Urban,2007.0