Accident_Index,Age_Band_of_Driver,Age_of_Vehicle,Driver_Home_Area_Type,Driver_IMD_Decile,Engine_Capacity_.CC.,Hit_Object_in_Carriageway,Hit_Object_off_Carriageway,Journey_Purpose_of_Driver,Junction_Location,make,model,Propulsion_Code,Sex_of_Driver,Skidding_and_Overturning,Towing_and_Articulation,Vehicle_Leaving_Carriageway,Vehicle_Location.Restricted_Lane,Vehicle_Manoeuvre,Vehicle_Reference,Vehicle_Type,Was_Vehicle_Left_Hand_Drive,X1st_Point_of_Impact,Year_x,Severity_Label,Weather_Conditions,Road_Surface_Conditions,Light_Conditions,Speed_limit,Urban_or_Rural_Area,Year_y
200401RG40031,56 - 65,1.0,Urban area,6.0,1398.0,,,Data missing or out of range,Data missing or out of range,CITROEN,C3 HDI EXCLUSIVE,Heavy oil,Male,,No tow/articulation,Did not leave carriageway,0.0,Waiting to turn right,1.0,109,Data missing or out of range,Offside,2004.0,,,,,,,
200411DJ25690,21 - 25,,Urban area,6.0,,,,Data missing or out of range,Data missing or out of range,HONDA,NT 650 V-4,,Male,,No tow/articulation,Did not leave carriageway,0.0,Turning right,2.0,Van / Goods 3.5 tonnes mgw or under,Data missing or out of range,Back,2004.0,,,,,,,
2004600GN3107,26 - 35,1.0,Data missing or out of range,,1997.0,,,Data missing or out of range,Data missing or out of range,PEUGEOT,307 S HDI 90,Heavy oil,Male,,No tow/articulation,Did not leave carriageway,0.0,Going ahead other,1.0,109,Data missing or out of range,Front,2004.0,,,,,,,
2005600WR3014,36 - 45,3.0,Rural,,599.0,,,Other/Not known (2005-10),Not at or within 20 metres of junction,MCC,SMART PASSION SOFTOUCH(RHD),Petrol,Female,,No tow/articulation,Did not leave carriageway,0.0,Waiting to go - held up,3.0,Car,No,Back,2005.0,Slight,Fine no high winds,Dry,Daylight,30.0,Rural,2005.0
200401XS00687,46 - 55,,Urban area,10.0,,,,Data missing or out of range,Data missing or out of range,PIAGGIO,QUARTZ,,Male,Skidded,No tow/articulation,Did not leave carriageway,0.0,Overtaking moving vehicle - offside,1.0,106,Data missing or out of range,Front,2004.0,,,,,,,
2005350104705,36 - 45,2.0,Urban area,6.0,6370.0,,,Other/Not known (2005-10),Approaching junction or waiting/parked at junction approach,MERCEDES,,Heavy oil,Male,,No tow/articulation,Did not leave carriageway,0.0,Going ahead other,2.0,Goods 7.5 tonnes mgw and over,No,Offside,2005.0,Serious,Fine no high winds,Dry,Darkness - lights lit,70.0,Rural,2005.0
2005100481105,16 - 20,7.0,Urban area,1.0,1905.0,,,Other/Not known (2005-10),Not at or within 20 metres of junction,PEUGEOT,306 D TURBO S,Heavy oil,Female,,No tow/articulation,Did not leave carriageway,0.0,Reversing,2.0,Car,No,Nearside,2005.0,Slight,Fine no high winds,Dry,Daylight,30.0,Urban,2005.0
2004070402416,36 - 45,4.0,Urban area,7.0,1796.0,,,Data missing or out of range,Data missing or out of range,FORD,MONDEO VERONA,Petrol,Female,,No tow/articulation,Did not leave carriageway,0.0,Turning right,1.0,109,Data missing or out of range,Front,2004.0,,,,,,,
200645GU92923,21 - 25,2.0,Urban area,,1396.0,,,Other/Not known (2005-10),Not at or within 20 metres of junction,MG,ZR+ 105,Petrol,Male,,No tow/articulation,Did not leave carriageway,0.0,Slowing or stopping,2.0,Car,No,Did not impact,2006.0,Slight,Fine no high winds,Dry,Daylight,70.0,Rural,2006.0
200401VK09019,Data missing or out of range,1.0,Urban area,10.0,8268.0,,,Data missing or out of range,Data missing or out of range,DENNIS,,Heavy oil,Male,,No tow/articulation,Did not leave carriageway,0.0,Going ahead other,1.0,Bus or coach (17 or more pass seats),Data missing or out of range,Front,2004.0,,,,,,,
200450A23G071,36 - 45,4.0,Data missing or out of range,,1396.0,,,Data missing or out of range,Data missing or out of range,ROVER,25 IE 16V,Petrol,Female,,No tow/articulation,Did not leave carriageway,0.0,Turning right,1.0,109,Data missing or out of range,Offside,2004.0,,,,,,,
20063102C3552,46 - 55,18.0,Urban area,1.0,2316.0,,,Other/Not known (2005-10),Approaching junction or waiting/parked at junction approach,VOLVO,740 GLE AUTO,Petrol,Male,,No tow/articulation,Did not leave carriageway,0.0,Overtaking static vehicle - offside,2.0,Car,No,Front,2006.0,Slight,Fine no high winds,Dry,Daylight,30.0,Urban,2006.0
2006160C00650,66 - 75,4.0,Data missing or out of range,,1397.0,,,Commuting to/from work,Approaching junction or waiting/parked at junction approach,SKODA,FABIA CLASSIC 8V,Petrol,Male,,No tow/articulation,Did not leave carriageway,0.0,Waiting to go - held up,2.0,Car,No,Back,2006.0,Slight,Fine no high winds,Wet or damp,Darkness - no lighting,60.0,Rural,2006.0
2007130098107,46 - 55,5.0,Urban area,8.0,1341.0,,,Other/Not known (2005-10),Cleared junction or waiting/parked at junction exit,HYUNDAI,ACCENT 1,Petrol,Female,,No tow/articulation,Did not leave carriageway,0.0,Waiting to go - held up,1.0,Car,No,Back,2007.0,Serious,Fine no high winds,Dry,Darkness - lights lit,30.0,Urban,2007.0
200620G029002,Data missing or out of range,4.0,Urban area,2.0,1995.0,,,Other/Not known (2005-10),Cleared junction or waiting/parked at junction exit,VAUXHALL,VECTRA LS DTI,Heavy oil,Male,,No tow/articulation,Did not leave carriageway,0.0,Slowing or stopping,1.0,Car,No,Front,2006.0,Slight,Fine no high winds,Dry,Daylight,40.0,Urban,2006.0
200401DM00443,26 - 35,4.0,Data missing or out of range,,2664.0,,,Data missing or out of range,Data missing or out of range,LONDON TAXIS INT,TX1 SILVER AUTO,Heavy oil,Male,,No tow/articulation,Did not leave carriageway,0.0,Changing lane to right,3.0,108,Data missing or out of range,Offside,2004.0,,,,,,,
2004620101117,21 - 25,6.0,Data missing or out of range,,1598.0,,Tree,Data missing or out of range,Data missing or out of range,RENAULT,MEGANE SPORT 1.6E,Petrol,Female,Skidded,No tow/articulation,Nearside,0.0,Going ahead left-hand bend,1.0,109,Data missing or out of range,Front,2004.0,,,,,,,
200432D155504,66 - 75,2.0,Small town,5.0,1686.0,,,Data missing or out of range,Data missing or out of range,VAUXHALL,ASTRA LS DTI,Heavy oil,Male,,No tow/articulation,Did not leave carriageway,0.0,Turning right,1.0,109,Data missing or out of range,Front,2004.0,,,,,,,
200801FH10328,36 - 45,5.0,Rural,9.0,2496.0,,,Other/Not known (2005-10),Mid Junction - on roundabout or on main road,AUDI,A4 TDI QUATTRO SPORT AUTO,Heavy oil,Male,,No tow/articulation,Did not leave carriageway,0.0,Turning left,1.0,Car,No,Front,2008.0,Slight,Fine no high winds,Dry,Daylight,30.0,Urban,2008.0
2006070604333,21 - 25,20.0,Urban area,2.0,248.0,,,Other/Not known (2005-10),Not at or within 20 metres of junction,YAMAHA,,Petrol,Male,,No tow/articulation,Did not leave carriageway,0.0,Going ahead other,2.0,Motorcycle over 125cc and up to 500cc,No,Front,2006.0,Serious,Fine no high winds,Wet or damp,Darkness - lights lit,30.0,Urban,2006.0
200506N037322,21 - 25,1.0,Urban area,6.0,659.0,,,Commuting to/from work,Entering main road,DAIHATSU,COPEN,Petrol,Female,,No tow/articulation,Did not leave carriageway,0.0,Turning right,1.0,Car,No,Front,2005.0,Slight,Fine no high winds,Dry,Daylight,30.0,Urban,2005.0
200545SP70766,56 - 65,5.0,Small town,9.0,1390.0,,,Other/Not known (2005-10),Not at or within 20 metres of junction,RENAULT,CLIO ALIZE,Petrol,Female,,No tow/articulation,Did not leave carriageway,0.0,Going ahead other,1.0,Car,No,Offside,2005.0,Slight,Fine no high winds,Dry,Daylight,50.0,Rural,2005.0
200601SX20705,26 - 35,3.0,Urban area,8.0,1390.0,,,Other/Not known (2005-10),Not at or within 20 metres of junction,VOLKSWAGEN,GOLF MATCH,Petrol,Female,,No tow/articulation,Did not leave carriageway,0.0,Slowing or stopping,1.0,Car,No,Back,2006.0,Slight,Fine no high winds,Dry,Daylight,30.0,Urban,2006.0
200742I416810,Over 75,8.0,Urban area,4.0,998.0,,,Other/Not known (2005-10),Approaching junction or waiting/parked at junction approach,NISSAN,MICRA PROFILE 16V,Petrol,Male,,No tow/articulation,Did not leave carriageway,0.0,Turning right,1.0,Car,No,Front,2007.0,Slight,Fine no high winds,Dry,Daylight,60.0,Rural,2007.0
2005600GN1098,46 - 55,7.0,Rural,,1998.0,,,Other/Not known (2005-10),Not at or within 20 metres of junction,VAUXHALL,VECTRA ARCTIC 2.0DI,Heavy oil,Male,,No tow/articulation,Did not leave carriageway,0.0,Waiting to go - held up,2.0,Car,No,Back,2005.0,Slight,Fine no high winds,Wet or damp,Darkness - lights lit,30.0,Rural,2005.0
200732C021107,21 - 25,11.0,Urban area,1.0,1498.0,,,Other/Not known (2005-10),Not at or within 20 metres of junction,KIA,MENTOR GLX,Petrol,Male,,No tow/articulation,Did not leave carriageway,0.0,Going ahead other,1.0,Car,No,Back,2007.0,Slight,Fine no high winds,Dry,Darkness - lights lit,30.0,Urban,2007.0
200404B025604,56 - 65,,Small town,9.0,1796.0,,,Data missing or out of range,Data missing or out of range,LOTUS,ELISE 111S,Petrol,Male,Skidded,No tow/articulation,Did not leave carriageway,0.0,Going ahead other,2.0,109,Data missing or out of range,Front,2004.0,,,,,,,
200401ZD30348,26 - 35,5.0,Data missing or out of range,,,,,Data missing or out of range,Data missing or out of range,DENNIS,,Heavy oil,Male,,No tow/articulation,Did not leave carriageway,0.0,Slowing or stopping,1.0,Bus or coach (17 or more pass seats),Data missing or out of range,Did not impact,2004.0,,,,,,,
2006330607898,46 - 55,3.0,Urban area,1.0,1868.0,,,Journey as part of work,Approaching junction or waiting/parked at junction approach,CITROEN,BERLINGO 800D LX,Heavy oil,Male,,No tow/articulation,Did not leave carriageway,0.0,Going ahead other,2.0,Van / Goods 3.5 tonnes mgw or under,No,Front,2006.0,Slight,Fine no high winds,Dry,Daylight,30.0,Urban,2006.0
200420M074302,36 - 45,3.0,Urban area,6.0,2664.0,,,Data missing or out of range,Data missing or out of range,LONDON TAXIS INT,TX1 BRONZE,Heavy oil,Male,,No tow/articulation,Did not leave carriageway,0.0,Overtaking static vehicle - offside,2.0,108,Data missing or out of range,Front,2004.0,,,,,,,
2004214325989,46 - 55,5.0,Urban area,9.0,12100.0,,,Data missing or out of range,Data missing or out of range,VOLVO,,Heavy oil,Male,,No tow/articulation,Did not leave carriageway,0.0,Going ahead other,2.0,Goods 7.5 tonnes mgw and over,Data missing or out of range,Offside,2004.0,,,,,,,
200620J024901,26 - 35,3.0,Urban area,6.0,2497.0,,,Commuting to/from work,Approaching junction or waiting/parked at junction approach,MG,ZT+,Petrol,Female,,No tow/articulation,Did not leave carriageway,0.0,Going ahead other,2.0,Car,No,Nearside,2006.0,Slight,Fine no high winds,Dry,Darkness - lights lit,30.0,Urban,2006.0
2007940701992,46 - 55,2.0,Urban area,,1149.0,,,Other/Not known (2005-10),Approaching junction or waiting/parked at junction approach,RENAULT,CLIO RUSH 8V,Petrol,Female,,No tow/articulation,Did not leave carriageway,0.0,Going ahead other,1.0,Car,No,Offside,2007.0,Serious,Fine no high winds,Dry,Daylight,30.0,Urban,2007.0
2008070125433,36 - 45,7.0,Urban area,,1527.0,,,Other/Not known (2005-10),Not at or within 20 metres of junction,PEUGEOT,106 ZEST 2 DIESEL,Heavy oil,Male,,No tow/articulation,Did not leave carriageway,0.0,Going ahead other,2.0,Car,No,Back,2008.0,Slight,Fine no high winds,Dry,Daylight,40.0,Rural,2008.0
200745WA99660,Over 75,5.0,Rural,8.0,2946.0,,,Other/Not known (2005-10),Mid Junction - on roundabout or on main road,RENAULT,LAGUNA PRIVILEGE V6 24V AUT,Petrol,Male,,No tow/articulation,Did not leave carriageway,0.0,Moving off,1.0,Car,No,Nearside,2007.0,Slight,Fine no high winds,Wet or damp,Daylight,60.0,Rural,2007.0
200545GU73532,56 - 65,9.0,Data missing or out of range,,,,,Journey as part of work,Mid Junction - on roundabout or on main road,DENNIS,,Heavy oil,Male,,No tow/articulation,Did not leave carriageway,0.0,Moving off,1.0,Bus or coach (17 or more pass seats),No,Did not impact,2005.0,Slight,Fine no high winds,Dry,Daylight,30.0,Rural,2005.0
200606F057408,16 - 20,5.0,Data missing or out of range,,49.0,,,Journey as part of work,Approaching junction or waiting/parked at junction approach,MBK,YN50 OVETTO,Petrol,Male,,No tow/articulation,Did not leave carriageway,0.0,Going ahead other,1.0,Motorcycle 50cc and under,No,Offside,2006.0,Slight,Fine no high winds,Dry,Daylight,30.0,Urban,2006.0
200697KB41207,26 - 35,10.0,Urban area,,,,,Journey as part of work,Not at or within 20 metres of junction,DENNIS,,Heavy oil,Male,,No tow/articulation,Did not leave carriageway,0.0,Overtaking static vehicle - offside,1.0,Bus or coach (17 or more pass seats),No,Nearside,2006.0,Slight,Fine no high winds,Dry,Daylight,30.0,Urban,2006.0
200642I253907,16 - 20,3.0,Small town,6.0,1988.0,,,Other/Not known (2005-10),Mid Junction - on roundabout or on main road,FORD,FOCUS ST170,Petrol,Male,,No tow/articulation,Did not leave carriageway,0.0,Turning right,1.0,Car,No,Front,2006.0,Slight,Fine no high winds,Dry,Daylight,30.0,Urban,2006.0
200801XD80860,36 - 45,2.0,Urban area,4.0,1896.0,,,Other/Not known (2005-10),Mid Junction - on roundabout or on main road,VOLKSWAGEN,SHARAN SE TDI 115 AUTO,Heavy oil,Male,,No tow/articulation,Did not leave carriageway,0.0,Turning right,1.0,Car,No,Front,2008.0,Slight,Fog or mist,Frost or ice,Darkness - lights lit,30.0,Urban,2008.0
200750E41O335,46 - 55,,Urban area,1.0,1560.0,,,Data missing or out of range,Not at or within 20 metres of junction,PEUGEOT,PARTNER LX800 66KW,Heavy oil,Male,,No tow/articulation,Did not leave carriageway,0.0,Reversing,1.0,Van / Goods 3.5 tonnes mgw or under,No,Back,2007.0,Slight,Fine no high winds,Dry,Daylight,30.0,Urban,2007.0
2004350042604,46 - 55,4.0,Urban area,10.0,781.0,,,Data missing or out of range,Data missing or out of range,HONDA,VFR800F,Petrol,Male,Skidded,No tow/articulation,Did not leave carriageway,0.0,Overtaking static vehicle - offside,2.0,106,Data missing or out of range,Offside,2004.0,,,,,,,
2005620137189,16 - 20,3.0,Data missing or out of range,,1199.0,,,Other/Not known (2005-10),Approaching junction or waiting/parked at junction approach,VAUXHALL,CORSA ELEGANCE 16V,Petrol,Male,,No tow/articulation,Did not leave carriageway,0.0,Going ahead other,2.0,Car,No,Front,2005.0,Slight,Fine no high winds,Dry,Daylight,30.0,Urban,2005.0
2007122460409,56 - 65,4.0,Urban area,5.0,1242.0,,,Other/Not known (2005-10),Not at or within 20 metres of junction,FIAT,PUNTO ACTIVE 8V,Petrol,Male,,No tow/articulation,Did not leave carriageway,0.0,Going ahead other,1.0,Car,No,Front,2007.0,Slight,Fine no high winds,Dry,Daylight,30.0,Urban,2007.0
2005620143051,36 - 45,7.0,Urban area,,1242.0,,,Journey as part of work,Approaching junction or waiting/parked at junction approach,FIAT,PUNTO SX 60,Petrol,Female,,No tow/articulation,Did not leave carriageway,0.0,Slowing or stopping,1.0,Car,No,Nearside,2005.0,Slight,Fine no high winds,Dry,Daylight,30.0,Urban,2005.0
200420D175801,26 - 35,7.0,Urban area,4.0,600.0,,,Data missing or out of range,Data missing or out of range,SUZUKI,GSXR 600 V,Petrol,Male,,No tow/articulation,Did not leave carriageway,0.0,Overtaking static vehicle - offside,1.0,106,Data missing or out of range,Front,2004.0,,,,,,,
200806K003993,46 - 55,4.0,Urban area,7.0,1689.0,,,Other/Not known (2005-10),Approaching junction or waiting/parked at junction approach,MERCEDES,VANEO CDI TREND,Heavy oil,Female,,No tow/articulation,Did not leave carriageway,2.0,Waiting to go - held up,3.0,Car,No,Back,2008.0,Serious,Raining no high winds,Wet or damp,Daylight,30.0,Urban,2008.0
200801FH10356,26 - 35,2.0,Data missing or out of range,,125.0,,,Other/Not known (2005-10),Mid Junction - on roundabout or on main road,HONDA,SH 125-6,Petrol,Male,,No tow/articulation,Did not leave carriageway,0.0,Changing lane to left,2.0,Motorcycle 125cc and under,No,Offside,2008.0,Serious,Fine no high winds,Dry,Daylight,30.0,Urban,2008.0
200401TC00134,36 - 45,4.0,Urban area,9.0,1950.0,,,Data missing or out of range,Data missing or out of range,ROVER,75 CLASSIC CDT SE,Heavy oil,Male,,No tow/articulation,Did not leave carriageway,0.0,Waiting to go - held up,3.0,109,Data missing or out of range,Back,2004.0,,,,,,,
200714B172807,46 - 55,,Urban area,7.0,1400.0,,,Other/Not known (2005-10),Cleared junction or waiting/parked at junction exit,VOLKSWAGEN,POLO S TDI 70,Heavy oil,Male,,No tow/articulation,Did not leave carriageway,0.0,Going ahead other,1.0,Car,No,Front,2007.0,Slight,Fine no high winds,Wet or damp,Darkness - lights lit,30.0,Urban,2007.0
20043102A2546,66 - 75,11.0,Urban area,1.0,1120.0,,,Data missing or out of range,Data missing or out of range,ROVER,METRO RIO GRANDE,Petrol,Male,,No tow/articulation,Did not leave carriageway,0.0,Going ahead other,2.0,109,Data missing or out of range,Front,2004.0,,,,,,,
2007230790598,26 - 35,8.0,Urban area,7.0,1997.0,,Central crash barrier,Journey as part of work,Not at or within 20 metres of junction,PEUGEOT,406 LX HDI(90),Heavy oil,Male,,No tow/articulation,Offside on to central reservation,0.0,Going ahead other,1.0,Car,No,Front,2007.0,Serious,Raining no high winds,Wet or damp,Darkness - no lighting,70.0,Rural,2007.0
200601ZD30212,46 - 55,,Urban area,10.0,865.0,,,Other/Not known (2005-10),Not at or within 20 metres of junction,TRIUMPH,THRUXTON,Petrol,Male,,No tow/articulation,Did not leave carriageway,0.0,Going ahead left-hand bend,2.0,Motorcycle over 500cc,No,Front,2006.0,Slight,Fine no high winds,Dry,Daylight,30.0,Urban,2006.0
200520J020602,36 - 45,1.0,Urban area,4.0,1298.0,,,Commuting to/from work,Mid Junction - on roundabout or on main road,SUZUKI,,Petrol,Male,,No tow/articulation,Offside,0.0,Overtaking moving vehicle - offside,2.0,Motorcycle over 500cc,No,Nearside,2005.0,Slight,Fine no high winds,Dry,Daylight,30.0,Urban,2005.0
2004620108953,46 - 55,16.0,Urban area,,2299.0,,,Data missing or out of range,Data missing or out of range,MERCEDES,230 TE AUTO,Petrol,Female,,No tow/articulation,Did not leave carriageway,0.0,Going ahead other,1.0,109,Data missing or out of range,Front,2004.0,,,,,,,
200443P220024,26 - 35,,Urban area,9.0,,,,Data missing or out of range,Data missing or out of range,FORD,TRAN CONNECT LX TDDI SWB,,Male,,No tow/articulation,Did not leave carriageway,0.0,Turning right,1.0,109,Data missing or out of range,Offside,2004.0,,,,,,,
2007330706381,56 - 65,1.0,Small town,10.0,2188.0,,,Other/Not known (2005-10),Cleared junction or waiting/parked at junction exit,HYUNDAI,SANTA FE GSI CRTD,Heavy oil,Male,,No tow/articulation,Did not leave carriageway,0.0,Going ahead other,3.0,Car,No,Offside,2007.0,Slight,Fine no high winds,Dry,Daylight,30.0,Urban,2007.0
200501KF60514,36 - 45,8.0,Urban area,3.0,2446.0,,,Other/Not known (2005-10),Mid Junction - on roundabout or on main road,TOYOTA,,Heavy oil,Male,,No tow/articulation,Did not leave carriageway,0.0,Going ahead other,1.0,Van / Goods 3.5 tonnes mgw or under,No,Offside,2005.0,Slight,Fine no high winds,Dry,Daylight,30.0,Urban,2005.0
200801CW10361,66 - 75,4.0,Urban area,3.0,7300.0,,,Journey as part of work,Not at or within 20 metres of junction,VOLVO,,Heavy oil,Male,,No tow/articulation,Did not leave carriageway,2.0,Parked,1.0,Bus or coach (17 or more pass seats),No,Nearside,2008.0,Slight,Fine no high winds,Dry,Daylight,30.0,Urban,2008.0
20063102A2958,26 - 35,,Urban area,2.0,,,,Other/Not known (2005-10),Mid Junction - on roundabout or on main road,VOLVO,,,Female,,No tow/articulation,Did not leave carriageway,0.0,Turning left,2.0,Car,No,Nearside,2006.0,Slight,Fine no high winds,Dry,Daylight,30.0,Urban,2006.0
200447K176831,16 - 20,24.0,Urban area,7.0,249.0,Other object,,Data missing or out of range,Data missing or out of range,HONDA,,Petrol,Female,,No tow/articulation,Did not leave carriageway,0.0,Going ahead other,2.0,106,Data missing or out of range,Front,2004.0,,,,,,,
200720M030001,Data missing or out of range,12.0,Data missing or out of range,,1392.0,Parked vehicle,,Other/Not known (2005-10),Not at or within 20 metres of junction,NISSAN,SUNNY SEQUEL,Petrol,Not known,,No tow/articulation,Did not leave carriageway,0.0,Parked,5.0,Car,No,Front,2007.0,Serious,Fine no high winds,Dry,Daylight,30.0,Urban,2007.0
2007620174497,36 - 45,2.0,Urban area,,1896.0,,,Other/Not known (2005-10),Not at or within 20 metres of junction,SKODA,SUPERB CLASSIC 100 TDI,Heavy oil,Male,,No tow/articulation,Did not leave carriageway,0.0,Going ahead other,1.0,Taxi/Private hire car,No,Front,2007.0,Slight,Raining no high winds,Wet or damp,Darkness - lights lit,50.0,Rural,2007.0
2005520135534,26 - 35,,Urban area,2.0,,,,Other/Not known (2005-10),Not at or within 20 metres of junction,ROVER,216 GTI,,Male,,No tow/articulation,Did not leave carriageway,0.0,Slowing or stopping,1.0,Motorcycle over 500cc,No,Offside,2005.0,Slight,Fine no high winds,Dry,Darkness - lights lit,70.0,Rural,2005.0
200514C012905,46 - 55,10.0,Urban area,6.0,,,,Journey as part of work,Not at or within 20 metres of junction,SCANIA,,Heavy oil,Male,,No tow/articulation,Did not leave carriageway,0.0,Going ahead other,1.0,Bus or coach (17 or more pass seats),No,Did not impact,2005.0,Slight,Fine no high winds,Dry,Darkness - lights lit,30.0,Urban,2005.0
2008030000564,21 - 25,,Urban area,1.0,,,,Other/Not known (2005-10),Approaching junction or waiting/parked at junction approach,PEUGEOT,BOXER 350 LX LWB HDI,,Male,,No tow/articulation,Did not leave carriageway,0.0,Going ahead other,2.0,Car,No,Front,2008.0,Slight,Fine no high winds,Dry,Daylight,40.0,Rural,2008.0
200401QA00406,46 - 55,9.0,Urban area,4.0,1360.0,,,Data missing or out of range,Data missing or out of range,PEUGEOT,306 SELECT XR,Petrol,Male,,No tow/articulation,Did not leave carriageway,0.0,Going ahead other,1.0,109,Data missing or out of range,Front,2004.0,,,,,,,
2007350499507,26 - 35,8.0,Rural,9.0,1970.0,,Near/Offside crash barrier,Other/Not known (2005-10),Not at or within 20 metres of junction,ALFA ROMEO,156 2.0 T SPARK,Petrol,Male,Skidded,No tow/articulation,Nearside,0.0,Overtaking static vehicle - offside,1.0,Car,No,Front,2007.0,Serious,Raining no high winds,Wet or damp,Darkness - no lighting,70.0,Rural,2007.0
200643N025116,16 - 20,8.0,Data missing or out of range,,1389.0,,,Other/Not known (2005-10),Not at or within 20 metres of junction,VAUXHALL,CORSA BREEZE HI-TORQ,Petrol,Female,,No tow/articulation,Did not leave carriageway,0.0,Going ahead other,1.0,Car,No,Front,2006.0,Slight,Fine no high winds,Dry,Darkness - lights lit,30.0,Urban,2006.0
2004610096204,46 - 55,1.0,Urban area,8.0,2188.0,,,Data missing or out of range,Data missing or out of range,RENAULT,LAGUNA INITIALE DCI 150HP,Heavy oil,Male,,No tow/articulation,Did not leave carriageway,0.0,Going ahead other,1.0,109,Data missing or out of range,Front,2004.0,,,,,,,
200701QK62606,56 - 65,2.0,Urban area,4.0,1769.0,,,Other/Not known (2005-10),Approaching junction or waiting/parked at junction approach,NISSAN,ALMERA TINO S,Petrol,Female,,No tow/articulation,Did not leave carriageway,0.0,Waiting to go - held up,1.0,Car,No,Back,2007.0,Slight,Fine no high winds,Dry,Daylight,30.0,Urban,2007.0
2007217023442,21 - 25,,Urban area,3.0,1399.0,,,Other/Not known (2005-10),Not at or within 20 metres of junction,FORD,FIESTA STYLE CLIMATE D,Heavy oil,Female,,No tow/articulation,Did not leave carriageway,0.0,Slowing or stopping,1.0,Car,No,Back,2007.0,Slight,Fine no high winds,Dry,Darkness - lights lit,70.0,Rural,2007.0
200406N910159,46 - 55,2.0,Urban area,1.0,1998.0,,,Data missing or out of range,Data missing or out of range,MERCEDES,C180 AVANTGARDE AUTO,Petrol,Female,,No tow/articulation,Did not leave carriageway,0.0,Turning left,2.0,109,Data missing or out of range,Did not impact,2004.0,,,,,,,
200801CW12181,26 - 35,3.0,Urban area,2.0,125.0,,,Other/Not known (2005-10),Cleared junction or waiting/parked at junction exit,HONDA,SES 125-4,Petrol,Male,,No tow/articulation,Did not leave carriageway,0.0,Going ahead other,2.0,Motorcycle 125cc and under,No,Front,2008.0,Slight,Fine no high winds,Dry,Daylight,30.0,Urban,2008.0
2005460108773,26 - 35,4.0,Urban area,7.0,1124.0,,,Other/Not known (2005-10),Not at or within 20 metres of junction,PEUGEOT,206 LOOK,Petrol,Female,,No tow/articulation,Did not leave carriageway,0.0,Going ahead other,1.0,Car,No,Front,2005.0,Slight,Raining no high winds,Wet or damp,Daylight,30.0,Urban,2005.0
200443N182034,26 - 35,8.0,Urban area,8.0,1598.0,,,Data missing or out of range,Data missing or out of range,VAUXHALL,VECTRA PREMIER,Petrol,Male,,No tow/articulation,Did not leave carriageway,0.0,Going ahead other,1.0,109,Data missing or out of range,Front,2004.0,,,,,,,
200401SX00667,46 - 55,6.0,Urban area,3.0,1332.0,,,Data missing or out of range,Data missing or out of range,TOYOTA,STARLET GLS,Petrol,Female,,No tow/articulation,Did not leave carriageway,0.0,Going ahead other,1.0,109,Data missing or out of range,Front,2004.0,,,,,,,
200443P423124,16 - 20,9.0,Small town,9.0,1468.0,,Other permanent object,Data missing or out of range,Data missing or out of range,HYUNDAI,LANTRA GLS,Petrol,Male,Skidded and overturned,No tow/articulation,Nearside,0.0,Going ahead right-hand bend,1.0,109,Data missing or out of range,Front,2004.0,,,,,,,
2005610090005,21 - 25,3.0,Urban area,,1242.0,,,Other/Not known (2005-10),Not at or within 20 metres of junction,FORD,FIESTA BLACK,Petrol,Female,,No tow/articulation,Did not leave carriageway,0.0,Going ahead right-hand bend,2.0,Car,No,Front,2005.0,Slight,Fine no high winds,Dry,Daylight,30.0,Urban,2005.0
2007360040993,36 - 45,2.0,Small town,9.0,1998.0,,,Journey as part of work,Mid Junction - on roundabout or on main road,FORD,MONDEO ZETEC TDCI,Heavy oil,Male,,No tow/articulation,Did not leave carriageway,0.0,Slowing or stopping,1.0,Car,No,Front,2007.0,Slight,Fine no high winds,Dry,Daylight,30.0,Urban,2007.0
200401CW10216,46 - 55,6.0,Urban area,10.0,2664.0,,,Data missing or out of range,Data missing or out of range,LONDON TAXIS INT,TX1 SILVER AUTO,Heavy oil,Male,,No tow/articulation,Did not leave carriageway,0.0,Going ahead other,2.0,108,Data missing or out of range,Front,2004.0,,,,,,,
20044200C0079,26 - 35,,Data missing or out of range,,,,,Data missing or out of range,Data missing or out of range,IVECO-FORD,,,Male,,No tow/articulation,Did not leave carriageway,0.0,Going ahead other,2.0,Goods 7.5 tonnes mgw and over,Data missing or out of range,Front,2004.0,,,,,,,
20054100D1035,66 - 75,4.0,Rural,8.0,1997.0,,,Other/Not known (2005-10),Not at or within 20 metres of junction,CITROEN,XSARA PICASSO HDI EXCLUSIVE,Heavy oil,Male,,No tow/articulation,Did not leave carriageway,0.0,Going ahead other,1.0,Car,No,Nearside,2005.0,Serious,Fine no high winds,Dry,Daylight,30.0,Urban,2005.0