Accident_Index,Age_Band_of_Driver,Age_of_Vehicle,Driver_Home_Area_Type,Driver_IMD_Decile,Engine_Capacity_.CC.,Hit_Object_in_Carriageway,Hit_Object_off_Carriageway,Journey_Purpose_of_Driver,Junction_Location,make,model,Propulsion_Code,Sex_of_Driver,Skidding_and_Overturning,Towing_and_Articulation,Vehicle_Leaving_Carriageway,Vehicle_Location.Restricted_Lane,Vehicle_Manoeuvre,Vehicle_Reference,Vehicle_Type,Was_Vehicle_Left_Hand_Drive,X1st_Point_of_Impact,Year_x,Severity_Label,Weather_Conditions,Road_Surface_Conditions,Light_Conditions,Speed_limit,Urban_or_Rural_Area,Year_y
200734WN39497,56 - 65,3.0,Rural,6.0,2959.0,,,Other/Not known (2005-10),Mid Junction - on roundabout or on main road,VAUXHALL,SIGNUM DESIGN CDTI A,Heavy oil,Male,,No tow/articulation,Did not leave carriageway,0.0,Going ahead other,2.0,Car,No,Front,2007.0,Slight,Fine no high winds,Dry,Daylight,30.0,Urban,2007.0
200642A010203,46 - 55,8.0,Urban area,10.0,1598.0,,,Other/Not known (2005-10),Mid Junction - on roundabout or on main road,RENAULT,CLIO RXE,Petrol,Female,Skidded,No tow/articulation,Did not leave carriageway,0.0,Overtaking - nearside,1.0,Car,No,Offside,2006.0,Slight,Fine no high winds,Dry,Daylight,60.0,Rural,2006.0
200401WW00341,36 - 45,10.0,Urban area,10.0,234.0,,,Data missing or out of range,Data missing or out of range,HONDA,,Petrol,Male,,No tow/articulation,Did not leave carriageway,0.0,Going ahead other,1.0,106,Data missing or out of range,Front,2004.0,,,,,,,
200520E164902,26 - 35,1.0,Urban area,9.0,1461.0,,,Other/Not known (2005-10),Entering main road,RENAULT,MEGANE EXPRESSION DCI 80,Heavy oil,Male,,No tow/articulation,Did not leave carriageway,0.0,Turning right,1.0,Car,No,Offside,2005.0,Slight,Raining no high winds,Wet or damp,Darkness - lights lit,30.0,Urban,2005.0
200642I510612,Data missing or out of range,4.0,Urban area,4.0,1998.0,,,Other/Not known (2005-10),Approaching junction or waiting/parked at junction approach,TOYOTA,RAV4 NRG VVTI,Petrol,Not known,,No tow/articulation,Did not leave carriageway,0.0,Parked,4.0,Car,No,Back,2006.0,Slight,Raining no high winds,Wet or damp,Darkness - lights lit,30.0,Urban,2006.0
200543S157065,56 - 65,4.0,Small town,6.0,1870.0,,,Other/Not known (2005-10),Not at or within 20 metres of junction,RENAULT,MEGANE EXPRESSION+ DCI,Heavy oil,Male,,No tow/articulation,Did not leave carriageway,0.0,Slowing or stopping,2.0,Car,No,Back,2005.0,Slight,Raining no high winds,Wet or damp,Daylight,70.0,Rural,2005.0
2005130159805,56 - 65,3.0,Data missing or out of range,,1794.0,,,Other/Not known (2005-10),Not at or within 20 metres of junction,TOYOTA,AVENSIS VERMONT VVTI,Petrol,Male,,No tow/articulation,Did not leave carriageway,0.0,Going ahead other,2.0,Car,No,Front,2005.0,Slight,Fine no high winds,Wet or damp,Daylight,40.0,Rural,2005.0
2004920401292,16 - 20,4.0,Urban area,,1124.0,,Other permanent object,Data missing or out of range,Data missing or out of range,CITROEN,SAXO FORTE,Petrol,Male,Skidded,No tow/articulation,Straight ahead at junction,0.0,Going ahead other,1.0,109,Data missing or out of range,Front,2004.0,,,,,,,
2006360036769,46 - 55,10.0,Rural,4.0,1753.0,,,Other/Not known (2005-10),Cleared junction or waiting/parked at junction exit,FORD,ESCORT GHIA TD,Heavy oil,Male,,No tow/articulation,Did not leave carriageway,0.0,Parked,3.0,Car,No,Back,2006.0,Slight,Fine no high winds,Dry,Daylight,30.0,Urban,2006.0
2007530189974,36 - 45,9.0,Urban area,9.0,1527.0,,Tree,Other/Not known (2005-10),Not at or within 20 metres of junction,PEUGEOT,106 XLD ZEST 3,Heavy oil,Male,Skidded,No tow/articulation,Nearside,0.0,Going ahead right-hand bend,1.0,Car,No,Offside,2007.0,Fatal,Fine no high winds,Wet or damp,Daylight,70.0,Rural,2007.0
2005555B04587,36 - 45,3.0,Urban area,7.0,7300.0,,,Data missing or out of range,Approaching junction or waiting/parked at junction approach,VOLVO,,Heavy oil,Male,,No tow/articulation,Did not leave carriageway,0.0,Slowing or stopping,1.0,Bus or coach (17 or more pass seats),Data missing or out of range,Nearside,2005.0,Slight,Fine no high winds,Dry,Daylight,30.0,Urban,2005.0
200601MM70263,46 - 55,4.0,Urban area,3.0,49.0,,,Other/Not known (2005-10),Mid Junction - on roundabout or on main road,YAMAHA,JOG R,Petrol,Male,,No tow/articulation,Did not leave carriageway,0.0,Overtaking - nearside,1.0,Motorcycle 50cc and under,No,Offside,2006.0,Slight,Fine no high winds,Dry,Daylight,30.0,Urban,2006.0
200706XK65239,36 - 45,1.0,Rural,,2720.0,,,Journey as part of work,Not at or within 20 metres of junction,LAND ROVER,DISCOVERY 3 TDV6 SE AUTO,Heavy oil,Male,,No tow/articulation,Did not leave carriageway,0.0,Going ahead right-hand bend,1.0,Car,No,Front,2007.0,Slight,Fine no high winds,Wet or damp,Daylight,70.0,Rural,2007.0
200501PL60748,21 - 25,5.0,Urban area,2.0,1598.0,,,Other/Not known (2005-10),Mid Junction - on roundabout or on main road,RENAULT,MEGANE SPORT ALIZE,Petrol,Male,,No tow/articulation,Did not leave carriageway,0.0,Turning right,2.0,Car,No,Front,2005.0,Serious,Fine no high winds,Dry,Daylight,30.0,Urban,2005.0
200604AL06017,56 - 65,13.0,Urban area,7.0,1360.0,,,Other/Not known (2005-10),Not at or within 20 metres of junction,CITROEN,,Petrol,Female,,No tow/articulation,Did not leave carriageway,0.0,Parked,2.0,Car,No,Back,2006.0,Slight,Fine no high winds,Dry,Daylight,30.0,Urban,2006.0
2006070600403,36 - 45,2.0,Urban area,9.0,2151.0,,,Journey as part of work,Not at or within 20 metres of junction,MERCEDES,SPRINTER 308 CDI LWB,Heavy oil,Male,,No tow/articulation,Did not leave carriageway,0.0,Going ahead other,1.0,Van / Goods 3.5 tonnes mgw or under,No,Offside,2006.0,Slight,Fine no high winds,Wet or damp,Darkness - lights lit,60.0,Rural,2006.0
2007160C06660,16 - 20,4.0,Rural,5.0,1896.0,,,Other/Not known (2005-10),Mid Junction - on roundabout or on main road,VOLKSWAGEN,GOLF MATCH TDI PD,Heavy oil,Male,,No tow/articulation,Did not leave carriageway,0.0,Turning right,1.0,Car,No,Front,2007.0,Slight,Raining no high winds,Wet or damp,Darkness - lights lit,30.0,Rural,2007.0
2006216316665,26 - 35,,Urban area,10.0,2497.0,,,Journey as part of work,Not at or within 20 metres of junction,BMW,525D M SPORT TOURING AUTO,Heavy oil,Male,,No tow/articulation,Did not leave carriageway,0.0,Waiting to go - held up,3.0,Car,No,Back,2006.0,Slight,Fine no high winds,Wet or damp,Daylight,60.0,Rural,2006.0
200637B024978,26 - 35,8.0,Urban area,3.0,1341.0,,,Other/Not known (2005-10),Not at or within 20 metres of junction,HYUNDAI,ACCENT COUPE SI,Petrol,Female,,No tow/articulation,Did not leave carriageway,0.0,Going ahead other,1.0,Car,No,Offside,2006.0,Slight,Raining no high winds,Wet or damp,Daylight,60.0,Rural,2006.0
2006950001658,21 - 25,6.0,Urban area,,,,,Journey as part of work,Not at or within 20 metres of junction,DENNIS,,Heavy oil,Male,,No tow/articulation,Did not leave carriageway,2.0,Parked,1.0,Bus or coach (17 or more pass seats),No,Did not impact,2006.0,Slight,Raining no high winds,Wet or damp,Daylight,40.0,Urban,2006.0
200737B027502,36 - 45,,Rural,6.0,1753.0,,,Other/Not known (2005-10),Mid Junction - on roundabout or on main road,FORD,S-MAX LX TDCI 6G,Heavy oil,Male,,No tow/articulation,Did not leave carriageway,0.0,Going ahead other,2.0,Car,No,Front,2007.0,Slight,Raining no high winds,Wet or damp,Daylight,60.0,Rural,2007.0
200520E138602,46 - 55,5.0,Urban area,,1471.0,,,Commuting to/from work,Approaching junction or waiting/parked at junction approach,KAWASAKI,VN1500-L1,Petrol,Male,,No tow/articulation,Did not leave carriageway,0.0,Overtaking static vehicle - offside,2.0,Motorcycle over 500cc,No,Nearside,2005.0,Slight,Fine no high winds,Dry,Daylight,30.0,Urban,2005.0
200750A51L251,56 - 65,6.0,Data missing or out of range,,2000.0,,,Data missing or out of range,Cleared junction or waiting/parked at junction exit,VOLKSWAGEN,SHARAN SE,Petrol,Male,,No tow/articulation,Did not leave carriageway,0.0,Waiting to go - held up,2.0,Car,No,Back,2007.0,Slight,Raining no high winds,Wet or damp,Daylight,30.0,Urban,2007.0
200743W234017,21 - 25,4.0,Urban area,10.0,1360.0,,,Journey as part of work,Not at or within 20 metres of junction,CITROEN,C3 SX,Petrol,Female,Skidded,No tow/articulation,Did not leave carriageway,0.0,Going ahead other,1.0,Car,No,Front,2007.0,Slight,Fine no high winds,Dry,Daylight,30.0,Urban,2007.0
2006470605695,Data missing or out of range,7.0,Data missing or out of range,,1997.0,,,Other/Not known (2005-10),Not at or within 20 metres of junction,PEUGEOT,306 L HDI,Heavy oil,Not known,,No tow/articulation,Did not leave carriageway,0.0,Parked,3.0,Car,No,Front,2006.0,Slight,Fine no high winds,Dry,Daylight,30.0,Urban,2006.0
2004620115007,66 - 75,7.0,Small town,,1994.0,,,Data missing or out of range,Data missing or out of range,VAUXHALL,VECTRA 2.0 DI ENVOY,Heavy oil,Male,,No tow/articulation,Did not leave carriageway,0.0,Waiting to turn right,3.0,109,Data missing or out of range,Back,2004.0,,,,,,,
2005460115075,26 - 35,,Urban area,6.0,,Parked vehicle,,Other/Not known (2005-10),Not at or within 20 metres of junction,IVECO-FORD,,,Male,,No tow/articulation,Did not leave carriageway,0.0,Going ahead other,1.0,Goods over 3.5t. and under 7.5t,No,Front,2005.0,Slight,Fine no high winds,Dry,Daylight,70.0,Rural,2005.0
200497UA05806,16 - 20,1.0,Rural,,49.0,,,Data missing or out of range,Data missing or out of range,RIEJU,RR 50,Petrol,Male,,No tow/articulation,Did not leave carriageway,0.0,Going ahead left-hand bend,2.0,Motorcycle 50cc and under,Data missing or out of range,Front,2004.0,,,,,,,
200620E092702,26 - 35,5.0,Urban area,1.0,1870.0,,,Other/Not known (2005-10),Entering main road,RENAULT,,Heavy oil,Female,,No tow/articulation,Did not leave carriageway,0.0,Turning right,1.0,Car,No,Front,2006.0,Slight,Fine no high winds,Dry,Daylight,30.0,Urban,2006.0
200704CK07265,46 - 55,2.0,Urban area,9.0,1997.0,,,Commuting to/from work,Not at or within 20 metres of junction,CITROEN,XSARA PICASSO DESIRE 2HDI,Heavy oil,Female,,No tow/articulation,Did not leave carriageway,0.0,Going ahead other,2.0,Car,No,Front,2007.0,Serious,Fine no high winds,Frost or ice,Darkness - lights lit,40.0,Rural,2007.0
200506F033168,56 - 65,20.0,Urban area,9.0,,,,Other/Not known (2005-10),Approaching junction or waiting/parked at junction approach,ELECTRICARS,,Electric,Male,,No tow/articulation,Did not leave carriageway,0.0,Going ahead other,2.0,Other vehicle,No,Back,2005.0,Slight,Fine no high winds,Dry,Daylight,30.0,Urban,2005.0
200597KA03008,26 - 35,,Urban area,,2736.0,Kerb,Road sign or traffic signal,Other/Not known (2005-10),Not at or within 20 metres of junction,SUZUKI,GRAND VITARA XL-7 V6 AUTO,Petrol,Female,Skidded and overturned,No tow/articulation,Nearside,0.0,Going ahead right-hand bend,1.0,Car,No,Offside,2005.0,Slight,Raining no high winds,Wet or damp,Daylight,70.0,Urban,2005.0
2004130112204,46 - 55,,Rural,9.0,1796.0,,,Data missing or out of range,Data missing or out of range,MG,TF 135 SUNSTORM,Petrol,Female,,No tow/articulation,Did not leave carriageway,0.0,Going ahead right-hand bend,2.0,109,Data missing or out of range,Front,2004.0,,,,,,,
200414DD01323,36 - 45,8.0,Data missing or out of range,,2498.0,,,Data missing or out of range,Data missing or out of range,VAUXHALL,OMEGA 2.5 V6 CD,Petrol,Not known,,No tow/articulation,Did not leave carriageway,0.0,Going ahead other,2.0,109,Data missing or out of range,Front,2004.0,,,,,,,
200414AA02792,21 - 25,8.0,Urban area,1.0,1495.0,,,Data missing or out of range,Data missing or out of range,HYUNDAI,ACCENT GLS,Petrol,Male,,No tow/articulation,Did not leave carriageway,0.0,Reversing,2.0,109,Data missing or out of range,Back,2004.0,,,,,,,
200806M092734,21 - 25,1.0,Urban area,9.0,1397.0,,,Other/Not known (2005-10),Approaching junction or waiting/parked at junction approach,MINI,ONE,Petrol,Male,,No tow/articulation,Did not leave carriageway,0.0,Going ahead other,2.0,Car,No,Front,2008.0,Slight,Fine no high winds,Dry,Daylight,30.0,Urban,2008.0
20064100C0805,26 - 35,1.0,Urban area,5.0,2993.0,,,Commuting to/from work,Approaching junction or waiting/parked at junction approach,BMW,330D M SPORT AUTO,Heavy oil,Male,,No tow/articulation,Did not leave carriageway,0.0,Moving off,1.0,Car,No,Front,2006.0,Slight,Fine no high winds,Dry,Daylight,30.0,Urban,2006.0
2007620167336,56 - 65,1.0,Data missing or out of range,,1995.0,,,Other/Not known (2005-10),Not at or within 20 metres of junction,BMW,320D ES TOURING,Heavy oil,Male,,No tow/articulation,Did not leave carriageway,0.0,Going ahead right-hand bend,1.0,Car,No,Nearside,2007.0,Slight,Fine no high winds,Dry,Darkness - lights lit,30.0,Urban,2007.0
200404C036804,21 - 25,6.0,Data missing or out of range,,1124.0,,,Data missing or out of range,Data missing or out of range,PEUGEOT,106 XN ZEST 2,Petrol,Male,Skidded,No tow/articulation,Did not leave carriageway,0.0,Going ahead other,1.0,109,Data missing or out of range,Front,2004.0,,,,,,,
200701FH10572,36 - 45,,Urban area,8.0,,,,Other/Not known (2005-10),Mid Junction - on roundabout or on main road,KAWASAKI,ZX600-J1,,Male,,No tow/articulation,Did not leave carriageway,0.0,Going ahead right-hand bend,2.0,Taxi/Private hire car,No,Offside,2007.0,Slight,Fine no high winds,Dry,Darkness - lights lit,30.0,Urban,2007.0
2005470503866,56 - 65,16.0,Urban area,5.0,2316.0,,Lamp post,Other/Not known (2005-10),Not at or within 20 metres of junction,VOLVO,760 TURBO,Petrol,Male,Skidded,No tow/articulation,Nearside,0.0,Going ahead right-hand bend,1.0,Car,No,Front,2005.0,Fatal,Raining no high winds,Wet or damp,Daylight,30.0,Urban,2005.0
2005950000666,36 - 45,16.0,Small town,,10000.0,,,Other/Not known (2005-10),Not at or within 20 metres of junction,LEYLAND,,Heavy oil,Male,,No tow/articulation,Did not leave carriageway,0.0,Slowing or stopping,1.0,Bus or coach (17 or more pass seats),No,Did not impact,2005.0,Slight,Fine no high winds,Dry,Daylight,30.0,Urban,2005.0
2006100298806,56 - 65,3.0,Urban area,3.0,2184.0,,,Other/Not known (2005-10),Mid Junction - on roundabout or on main road,NISSAN,ALMERA TINO S DCI 112PS,Heavy oil,Male,,No tow/articulation,Did not leave carriageway,0.0,Going ahead other,1.0,Car,No,Front,2006.0,Slight,Fine no high winds,Dry,Daylight,50.0,Urban,2006.0
200640C014780,26 - 35,8.0,Urban area,2.0,1589.0,,,Journey as part of work,Approaching junction or waiting/parked at junction approach,ROVER,416S,Petrol,Male,,No tow/articulation,Did not leave carriageway,0.0,Overtaking moving vehicle - offside,1.0,Car,No,Front,2006.0,Slight,Fine no high winds,Dry,Daylight,30.0,Urban,2006.0
200801GD74120,21 - 25,8.0,Urban area,6.0,125.0,,,Other/Not known (2005-10),Approaching junction or waiting/parked at junction approach,APRILIA,,Petrol,Male,,No tow/articulation,Did not leave carriageway,0.0,Waiting to go - held up,1.0,Motorcycle 125cc and under,No,Offside,2008.0,Slight,Fine no high winds,Dry,Daylight,30.0,Urban,2008.0
2004130972604,26 - 35,6.0,Urban area,7.0,1242.0,,,Data missing or out of range,Data missing or out of range,FIAT,PUNTO 60 TEAM,Petrol,Female,,No tow/articulation,Did not leave carriageway,0.0,Waiting to go - held up,3.0,109,Data missing or out of range,Back,2004.0,,,,,,,
200414DD00314,36 - 45,6.0,Urban area,1.0,1753.0,,,Data missing or out of range,Data missing or out of range,FORD,MONDEO GHIA TD,Heavy oil,Male,,No tow/articulation,Did not leave carriageway,0.0,Going ahead other,1.0,109,Data missing or out of range,Front,2004.0,,,,,,,
2005360027565,16 - 20,15.0,Data missing or out of range,,1998.0,Kerb,Tree,Other/Not known (2005-10),Mid Junction - on roundabout or on main road,VAUXHALL,CAVALIER GSI 16V,Petrol,Male,Skidded,No tow/articulation,Offside,0.0,Overtaking moving vehicle - offside,1.0,Car,No,Nearside,2005.0,Slight,Fine no high winds,Wet or damp,Darkness - no lighting,30.0,Rural,2005.0
200401DM01181,26 - 35,1.0,Urban area,4.0,124.0,,,Data missing or out of range,Data missing or out of range,PIAGGIO,VESPA ET4,Petrol,Female,,No tow/articulation,Did not leave carriageway,0.0,Overtaking - nearside,1.0,Motorcycle 125cc and under,Data missing or out of range,Front,2004.0,,,,,,,
200745RE08891,21 - 25,5.0,Urban area,6.0,1390.0,,,Commuting to/from work,Mid Junction - on roundabout or on main road,SEAT,LEON S 16V,Petrol,Male,,No tow/articulation,Did not leave carriageway,0.0,Turning right,2.0,Car,No,Front,2007.0,Slight,Raining no high winds,Wet or damp,Daylight,30.0,Urban,2007.0
200701PY62104,Data missing or out of range,,Data missing or out of range,,,,,Other/Not known (2005-10),Approaching junction or waiting/parked at junction approach,FORD,TRANSIT 260 SWB TD,,Not known,,No tow/articulation,Did not leave carriageway,0.0,Parked,3.0,Car,No,Nearside,2007.0,Slight,Fine no high winds,Dry,Daylight,30.0,Urban,2007.0
200501TW60145,26 - 35,11.0,Urban area,10.0,748.0,,,Other/Not known (2005-10),Not at or within 20 metres of junction,HONDA,,Petrol,Male,,No tow/articulation,Did not leave carriageway,0.0,Going ahead other,1.0,Motorcycle over 500cc,No,Did not impact,2005.0,Slight,Fine no high winds,Dry,Daylight,30.0,Urban,2005.0
200742I046401,66 - 75,12.0,Urban area,4.0,1905.0,,,Other/Not known (2005-10),Not at or within 20 metres of junction,PEUGEOT,405 GLX TURBO DIESEL,Heavy oil,Not known,,No tow/articulation,Did not leave carriageway,0.0,Slowing or stopping,3.0,Car,No,Back,2007.0,Serious,Fine no high winds,Dry,Daylight,70.0,Rural,2007.0
2008070269341,26 - 35,1.0,Small town,9.0,2198.0,,,Commuting to/from work,Not at or within 20 metres of junction,FORD,TRANSIT 85 T280S FWD,Heavy oil,Male,,No tow/articulation,Did not leave carriageway,0.0,Going ahead right-hand bend,2.0,Van / Goods 3.5 tonnes mgw or under,No,Front,2008.0,Slight,Raining no high winds,Wet or damp,Daylight,60.0,Rural,2008.0
2006100279206,21 - 25,3.0,Urban area,9.0,6871.0,,,Journey as part of work,Entering main road,MAN,,Heavy oil,Male,,No tow/articulation,Did not leave carriageway,0.0,Turning left,1.0,Bus or coach (17 or more pass seats),No,Front,2006.0,Serious,Fine no high winds,Dry,Daylight,30.0,Urban,2006.0
200701SX20874,21 - 25,,Urban area,5.0,1360.0,,,Other/Not known (2005-10),Approaching junction or waiting/parked at junction approach,PEUGEOT,206 LOOK,Petrol,Male,,No tow/articulation,Did not leave carriageway,0.0,Going ahead right-hand bend,2.0,Car,No,Front,2007.0,Slight,Fine no high winds,Dry,Daylight,30.0,Rural,2007.0
200443N008094,26 - 35,1.0,Urban area,10.0,748.0,,,Data missing or out of range,Data missing or out of range,DUCATI,748B,Petrol,Male,Skidded,No tow/articulation,Nearside,0.0,Going ahead right-hand bend,1.0,106,Data missing or out of range,Nearside,2004.0,,,,,,,
200650C21M422,16 - 20,,Urban area,2.0,,,,Data missing or out of range,Data missing or out of range,PEUGEOT,JETFORCE 50 C-TECH,,Male,,No tow/articulation,Did not leave carriageway,0.0,Going ahead other,1.0,Car,Data missing or out of range,Front,2006.0,Slight,Fine no high winds,Dry,Daylight,30.0,Urban,2006.0
200522DJ44234,21 - 25,,Urban area,9.0,2500.0,,,Journey as part of work,Entering main road,LDV,MAXUS 3.5 CDI 95 LWB,Heavy oil,Male,,No tow/articulation,Did not leave carriageway,0.0,Turning right,1.0,Van / Goods 3.5 tonnes mgw or under,No,Front,2005.0,Slight,Fine no high winds,Wet or damp,Daylight,30.0,Urban,2005.0
200404B064404,16 - 20,5.0,Rural,9.0,,,,Data missing or out of range,Data missing or out of range,DENNIS,,Heavy oil,Male,,No tow/articulation,Did not leave carriageway,0.0,Going ahead other,1.0,Bus or coach (17 or more pass seats),Data missing or out of range,Front,2004.0,,,,,,,
200745WA09925,26 - 35,17.0,Urban area,10.0,1580.0,,Tree,Other/Not known (2005-10),Not at or within 20 metres of junction,PEUGEOT,309 GR AUTO,Petrol,Male,Overturned,No tow/articulation,Offside,0.0,Going ahead right-hand bend,1.0,Car,No,Offside,2007.0,Serious,Fine no high winds,Dry,Darkness - no lighting,60.0,Urban,2007.0
200443W358024,26 - 35,,Urban area,1.0,1595.0,,,Data missing or out of range,Data missing or out of range,SKODA,OCTAVIA BLUELINE,Petrol,Male,,No tow/articulation,Did not leave carriageway,0.0,Changing lane to left,1.0,109,Data missing or out of range,Front,2004.0,,,,,,,
200701HT67122,Data missing or out of range,7.0,Urban area,2.0,1769.0,,,Other/Not known (2005-10),Not at or within 20 metres of junction,NISSAN,PRIMERA S,Petrol,Male,,No tow/articulation,Did not leave carriageway,0.0,Going ahead other,2.0,Car,No,Did not impact,2007.0,Slight,Fine no high winds,Dry,Daylight,30.0,Urban,2007.0
200601BS70760,36 - 45,8.0,Urban area,1.0,993.0,,,Commuting to/from work,Leaving main road,SUZUKI,ALTO GL AUTO,Petrol,Female,,No tow/articulation,Did not leave carriageway,0.0,Turning right,2.0,Car,No,Front,2006.0,Slight,Raining no high winds,Wet or damp,Daylight,30.0,Urban,2006.0
200701FH10352,26 - 35,,Urban area,3.0,,,,Journey as part of work,Not at or within 20 metres of junction,VOLKSWAGEN,1200 TDI SWB,,Male,,No tow/articulation,Did not leave carriageway,0.0,U-turn,1.0,Other vehicle,No,Nearside,2007.0,Slight,Fine no high winds,Dry,Daylight,30.0,Urban,2007.0
2006100106306,26 - 35,5.0,Urban area,7.0,1360.0,,,Other/Not known (2005-10),Approaching junction or waiting/parked at junction approach,PEUGEOT,206 LX AUTO,Petrol,Female,Skidded,No tow/articulation,Did not leave carriageway,0.0,Going ahead other,1.0,Car,No,Front,2006.0,Slight,Fine no high winds,Dry,Daylight,30.0,Urban,2006.0
200720K097201,46 - 55,7.0,Urban area,1.0,11000.0,,,Journey as part of work,Mid Junction - on roundabout or on main road,FODEN,,Heavy oil,Male,,No tow/articulation,Did not leave carriageway,0.0,Reversing,2.0,Goods 7.5 tonnes mgw and over,No,Front,2007.0,Slight,Fine no high winds,Dry,Daylight,30.0,Urban,2007.0
2006470602376,36 - 45,8.0,Urban area,2.0,647.0,,Road sign or traffic signal,Journey as part of work,Leaving roundabout,HONDA,NT650V DEAUVILLE,Petrol,Male,Skidded,No tow/articulation,Offside,0.0,Going ahead other,2.0,Motorcycle over 500cc,No,Front,2006.0,Slight,Fine no high winds,Dry,Daylight,70.0,Rural,2006.0
200597LA04604,56 - 65,2.0,Urban area,,1997.0,,,Other/Not known (2005-10),Not at or within 20 metres of junction,CITROEN,XSARA PICASSO SX HDI,Heavy oil,Male,,No tow/articulation,Did not leave carriageway,0.0,Going ahead other,2.0,Car,No,Did not impact,2005.0,Serious,Fine no high winds,Dry,Daylight,60.0,Rural,2005.0
2007950006549,56 - 65,3.0,Rural,,8300.0,,,Journey as part of work,Not at or within 20 metres of junction,TRANSBUS INT,,Heavy oil,Male,,No tow/articulation,Did not leave carriageway,0.0,Moving off,1.0,Bus or coach (17 or more pass seats),No,Did not impact,2007.0,Slight,Fine no high winds,Dry,Daylight,30.0,Urban,2007.0
2007521800141,56 - 65,4.0,Rural,8.0,1896.0,,,Other/Not known (2005-10),Not at or within 20 metres of junction,VOLKSWAGEN,PASSAT TDI 4MOTION,Heavy oil,Male,,No tow/articulation,Did not leave carriageway,0.0,Going ahead other,2.0,Car,No,Front,2007.0,Slight,Fine no high winds,Dry,Darkness - lights lit,70.0,Rural,2007.0
20044100D0645,21 - 25,10.0,Urban area,4.0,1299.0,,,Data missing or out of range,Data missing or out of range,FORD,FIESTA EQUIPE,Petrol,Male,,No tow/articulation,Did not leave carriageway,0.0,Slowing or stopping,2.0,109,Data missing or out of range,Back,2004.0,,,,,,,
2007620171681,36 - 45,8.0,Urban area,,1998.0,,,Journey as part of work,Cleared junction or waiting/parked at junction exit,MERCEDES,C200 ESPRIT AUTO,Petrol,Male,,No tow/articulation,Did not leave carriageway,0.0,Moving off,1.0,Taxi/Private hire car,No,Offside,2007.0,Slight,Raining no high winds,Wet or damp,Darkness - lights lit,30.0,Urban,2007.0
200701MM70320,36 - 45,1.0,Urban area,3.0,125.0,,,Other/Not known (2005-10),Approaching junction or waiting/parked at junction approach,HONDA,SES 125-4,Petrol,Male,,No tow/articulation,Did not leave carriageway,0.0,Going ahead other,1.0,Motorcycle over 500cc,No,Did not impact,2007.0,Slight,Fine no high winds,Dry,Daylight,30.0,Urban,2007.0
20064100F4245,46 - 55,9.0,Urban area,10.0,2495.0,,,Other/Not known (2005-10),Not at or within 20 metres of junction,LAND ROVER,DISCOVERY TDI AUTO,Heavy oil,Male,Skidded,No tow/articulation,Did not leave carriageway,0.0,Slowing or stopping,1.0,Car,No,Front,2006.0,Slight,Fine no high winds,Wet or damp,Daylight,30.0,Rural,2006.0
200406M012948,46 - 55,5.0,Urban area,6.0,2164.0,,,Data missing or out of range,Data missing or out of range,TOYOTA,CAMRY 2.2I SPORT,Petrol,Male,,No tow/articulation,Did not leave carriageway,0.0,Going ahead right-hand bend,2.0,109,Data missing or out of range,Front,2004.0,,,,,,,
200797KB41104,26 - 35,1.0,Urban area,,1598.0,,,Commuting to/from work,Approaching junction or waiting/parked at junction approach,VOLKSWAGEN,GOLF FSI S,Petrol,Male,,No tow/articulation,Did not leave carriageway,0.0,Going ahead other,2.0,Car,No,Front,2007.0,Slight,Fine no high winds,Dry,Daylight,30.0,Urban,2007.0
200743W048097,26 - 35,3.0,Urban area,3.0,1794.0,,Entered ditch,Commuting to/from work,Not at or within 20 metres of junction,TOYOTA,MR2 ROADSTER VVTI,Petrol,Male,,No tow/articulation,Nearside,0.0,Going ahead other,1.0,Car,No,Front,2007.0,Slight,Fine no high winds,Dry,Daylight,70.0,Rural,2007.0
2004214427551,26 - 35,1.0,Urban area,3.0,1396.0,,,Data missing or out of range,Data missing or out of range,ROVER,25 IXL,Petrol,Male,,No tow/articulation,Did not leave carriageway,0.0,Reversing,1.0,109,Data missing or out of range,Back,2004.0,,,,,,,
2004122620167,36 - 45,,Urban area,1.0,,,Entered ditch,Data missing or out of range,Data missing or out of range,FORD,TRANSIT 280 SWB TD,,Male,Skidded,No tow/articulation,Nearside,0.0,Going ahead right-hand bend,1.0,Van / Goods 3.5 tonnes mgw or under,Data missing or out of range,Front,2004.0,,,,,,,
20054100T1110,36 - 45,4.0,Small town,10.0,6240.0,,,Journey as part of work,Not at or within 20 metres of junction,DAF TRUCKS,FA65CF.210,Heavy oil,Male,Skidded,No tow/articulation,Did not leave carriageway,0.0,Going ahead other,1.0,Goods 7.5 tonnes mgw and over,No,Front,2005.0,Slight,Raining no high winds,Wet or damp,Daylight,70.0,Rural,2005.0
20043108C6419,26 - 35,4.0,Data missing or out of range,,1686.0,,,Data missing or out of range,Data missing or out of range,VAUXHALL,COMBO CLUB DIESEL,Heavy oil,Male,,No tow/articulation,Did not leave carriageway,0.0,Slowing or stopping,1.0,Van / Goods 3.5 tonnes mgw or under,Data missing or out of range,Front,2004.0,,,,,,,
200522EA31444,46 - 55,2.0,Urban area,5.0,954.0,,,Commuting to/from work,Leaving roundabout,HONDA,CBR 900 RR-3,Petrol,Male,Skidded,No tow/articulation,Did not leave carriageway,0.0,Turning right,1.0,Motorcycle over 500cc,No,Offside,2005.0,Serious,Fine no high winds,Wet or damp,Daylight,30.0,Urban,2005.0