Accident_Index,Age_Band_of_Driver,Age_of_Vehicle,Driver_Home_Area_Type,Driver_IMD_Decile,Engine_Capacity_.CC.,Hit_Object_in_Carriageway,Hit_Object_off_Carriageway,Journey_Purpose_of_Driver,Junction_Location,make,model,Propulsion_Code,Sex_of_Driver,Skidding_and_Overturning,Towing_and_Articulation,Vehicle_Leaving_Carriageway,Vehicle_Location.Restricted_Lane,Vehicle_Manoeuvre,Vehicle_Reference,Vehicle_Type,Was_Vehicle_Left_Hand_Drive,X1st_Point_of_Impact,Year_x,Severity_Label,Weather_Conditions,Road_Surface_Conditions,Light_Conditions,Speed_limit,Urban_or_Rural_Area,Year_y
200543W341085,21 - 25,11.0,Urban area,5.0,1120.0,,,Other/Not known (2005-10),Mid Junction - on roundabout or on main road,ROVER,METRO RIO GRANDE,Petrol,Female,,No tow/articulation,Did not leave carriageway,0.0,Going ahead other,1.0,Car,No,Back,2005.0,Slight,Fine no high winds,Dry,Daylight,30.0,Urban,2005.0
200806J093526,26 - 35,11.0,Urban area,5.0,4250.0,,,Journey as part of work,Approaching junction or waiting/parked at junction approach,MERCEDES,,Heavy oil,Male,Skidded,No tow/articulation,Did not leave carriageway,0.0,Going ahead other,1.0,Bus or coach (17 or more pass seats),No,Front,2008.0,Slight,Fine no high winds,Dry,Daylight,30.0,Urban,2008.0
200506A040761,36 - 45,3.0,Urban area,,1796.0,,,Journey as part of work,Mid Junction - on roundabout or on main road,VAUXHALL,ASTRA 16V COMFORT,Petrol,Male,,No tow/articulation,Did not leave carriageway,1.0,Going ahead other,3.0,Car,No,Did not impact,2005.0,Slight,Fine no high winds,Frost or ice,Darkness - lights lit,30.0,Urban,2005.0
200645WO96262,26 - 35,,Urban area,7.0,1240.0,,,Other/Not known (2005-10),Approaching junction or waiting/parked at junction approach,NISSAN,MICRA S AUTO,Petrol,Male,,No tow/articulation,Did not leave carriageway,0.0,Going ahead other,2.0,Car,No,Front,2006.0,Slight,Fine no high winds,Dry,Darkness - lights lit,30.0,Urban,2006.0
200401RG40089,26 - 35,14.0,Urban area,2.0,1590.0,Kerb,Other permanent object,Data missing or out of range,Data missing or out of range,HONDA,CONCERTO EX AUTO,Petrol,Female,,No tow/articulation,Offside,6.0,Going ahead other,1.0,109,Data missing or out of range,Front,2004.0,,,,,,,
200650E61D721,11 - 15,,Rural,3.0,,,,Data missing or out of range,Data missing or out of range,YAMAHA,YN 50 NEO'S,,Male,,No tow/articulation,Did not leave carriageway,0.0,Going ahead other,2.0,Car,Data missing or out of range,Front,2006.0,Slight,Fine no high winds,Dry,Daylight,60.0,Rural,2006.0
2007130538907,56 - 65,10.0,Urban area,8.0,9600.0,,,Journey as part of work,Not at or within 20 metres of junction,VOLVO,,Heavy oil,Female,,No tow/articulation,Did not leave carriageway,0.0,Going ahead other,1.0,Bus or coach (17 or more pass seats),No,Nearside,2007.0,Slight,Fine no high winds,Dry,Daylight,30.0,Urban,2007.0
200504DL05124,Data missing or out of range,3.0,Data missing or out of range,,1998.0,,,Other/Not known (2005-10),Not at or within 20 metres of junction,FORD,TRANSIT 260 SWB TD,Heavy oil,Male,,No tow/articulation,Did not leave carriageway,0.0,Parked,3.0,Van / Goods 3.5 tonnes mgw or under,No,Back,2005.0,Slight,Fine no high winds,Dry,Darkness - lights lit,30.0,Urban,2005.0
200405ET00041,26 - 35,,Urban area,2.0,,,,Data missing or out of range,Data missing or out of range,FIAT,DUCATO 11 JTD SWB,,Male,,No tow/articulation,Did not leave carriageway,0.0,Slowing or stopping,1.0,Goods over 3.5t. and under 7.5t,Data missing or out of range,Front,2004.0,,,,,,,
200806A002986,21 - 25,1.0,Urban area,8.0,1229.0,,,Journey as part of work,Mid Junction - on roundabout or on main road,VAUXHALL,CORSA SXI A/C,Petrol,Female,,No tow/articulation,Did not leave carriageway,0.0,Going ahead other,1.0,Car,No,Nearside,2008.0,Slight,Fine no high winds,Dry,Daylight,30.0,Urban,2008.0
200643P100106,16 - 20,4.0,Data missing or out of range,,1299.0,,,Other/Not known (2005-10),Not at or within 20 metres of junction,FORD,KA LUXURY,Petrol,Female,Skidded and overturned,No tow/articulation,Did not leave carriageway,0.0,Going ahead other,1.0,Car,No,Front,2006.0,Slight,Fine no high winds,Wet or damp,Darkness - lights lit,30.0,Urban,2006.0
2004330403950,36 - 45,2.0,Data missing or out of range,,1995.0,,,Data missing or out of range,Data missing or out of range,VAUXHALL,VECTRA LS DTI,Heavy oil,Male,,No tow/articulation,Did not leave carriageway,0.0,Waiting to turn right,2.0,109,Data missing or out of range,Back,2004.0,,,,,,,
200542J021406,46 - 55,1.0,Urban area,2.0,11021.0,,,Journey as part of work,Mid Junction - on roundabout or on main road,SCANIA,,Heavy oil,Male,,No tow/articulation,Did not leave carriageway,0.0,Waiting to turn right,2.0,Goods 7.5 tonnes mgw and over,No,Back,2005.0,Slight,Fine no high winds,Dry,Daylight,30.0,Urban,2005.0
200501PY20464,21 - 25,4.0,Urban area,9.0,5883.0,,,Journey as part of work,Not at or within 20 metres of junction,DENNIS,,Heavy oil,Male,,No tow/articulation,Did not leave carriageway,0.0,Going ahead other,1.0,Bus or coach (17 or more pass seats),No,Did not impact,2005.0,Slight,Fine no high winds,Dry,Daylight,30.0,Urban,2005.0
200706A074673,26 - 35,1.0,Data missing or out of range,,1998.0,,,Other/Not known (2005-10),Approaching junction or waiting/parked at junction approach,VOLVO,S40 SE D (E4),Heavy oil,Female,,No tow/articulation,Did not leave carriageway,0.0,Going ahead other,1.0,Car,No,Front,2007.0,Slight,Fine no high winds,Dry,Daylight,30.0,Urban,2007.0
2005520132292,21 - 25,7.0,Urban area,,1995.0,,,Other/Not known (2005-10),Approaching junction or waiting/parked at junction approach,MAZDA,323 ZXI V6 24V,Petrol,Male,,No tow/articulation,Did not leave carriageway,0.0,Slowing or stopping,1.0,Car,No,Front,2005.0,Slight,Fine no high winds,Dry,Darkness - lights lit,30.0,Urban,2005.0
200401LX00084,56 - 65,9.0,Urban area,5.0,1998.0,,,Data missing or out of range,Data missing or out of range,VAUXHALL,OMEGA 2.0 16V CD AUTO,Petrol,Male,,No tow/articulation,Did not leave carriageway,0.0,Going ahead other,1.0,109,Data missing or out of range,Front,2004.0,,,,,,,
200620E114603,26 - 35,8.0,Urban area,2.0,2497.0,,,Other/Not known (2005-10),Entering main road,MERCEDES,C250 SPORT TD,Heavy oil,Male,,No tow/articulation,Did not leave carriageway,8.0,Waiting to go - held up,1.0,Car,No,Did not impact,2006.0,Slight,Fine no high winds,Dry,Daylight,30.0,Urban,2006.0
2005130830805,21 - 25,1.0,Urban area,5.0,1596.0,,,Other/Not known (2005-10),Leaving roundabout,FORD,,Petrol,Male,,No tow/articulation,Did not leave carriageway,0.0,Turning left,2.0,Car,No,Nearside,2005.0,Serious,Fine no high winds,Dry,Daylight,40.0,Rural,2005.0
2007520710860,46 - 55,14.0,Urban area,9.0,1761.0,,,Other/Not known (2005-10),Not at or within 20 metres of junction,CITROEN,ZX FURIO,Petrol,Male,,No tow/articulation,Did not leave carriageway,0.0,Moving off,1.0,Car,No,Offside,2007.0,Fatal,Fine no high winds,Dry,Daylight,60.0,Rural,2007.0
200706P068710,26 - 35,6.0,Urban area,1.0,1348.0,,,Other/Not known (2005-10),Approaching junction or waiting/parked at junction approach,NISSAN,MICRA ACTIV,Petrol,Male,,No tow/articulation,Did not leave carriageway,0.0,Waiting to turn left,2.0,Car,No,Back,2007.0,Slight,Fine no high winds,Dry,Daylight,30.0,Urban,2007.0
2005130331705,46 - 55,12.0,Urban area,5.0,,,,Journey as part of work,Approaching junction or waiting/parked at junction approach,DENNIS,,Heavy oil,Male,,No tow/articulation,Did not leave carriageway,0.0,Moving off,1.0,Bus or coach (17 or more pass seats),No,Did not impact,2005.0,Slight,Fine no high winds,Dry,Daylight,30.0,Urban,2005.0
200801RG40013,56 - 65,9.0,Urban area,4.0,,,,Journey as part of work,Not at or within 20 metres of junction,DENNIS,,Heavy oil,Male,,No tow/articulation,Did not leave carriageway,0.0,Slowing or stopping,1.0,Bus or coach (17 or more pass seats),No,Front,2008.0,Serious,Fine no high winds,Dry,Daylight,30.0,Urban,2008.0
2007521800137,46 - 55,11.0,Urban area,5.0,1119.0,,,Other/Not known (2005-10),Approaching junction or waiting/parked at junction approach,FORD,FIESTA CLASSIC QUARTZ,Petrol,Male,,No tow/articulation,Did not leave carriageway,0.0,Slowing or stopping,1.0,Car,No,Back,2007.0,Slight,Fine no high winds,Dry,Daylight,40.0,Rural,2007.0
200501KG70133,46 - 55,3.0,Data missing or out of range,,1587.0,,,Other/Not known (2005-10),Mid Junction - on roundabout or on main road,CITROEN,BERLINGO MULTISPACE FORTE,Petrol,Male,,No tow/articulation,Did not leave carriageway,0.0,Going ahead other,3.0,Car,No,Front,2005.0,Slight,Fine no high winds,Wet or damp,Darkness - lights lit,30.0,Urban,2005.0
200501WW50474,46 - 55,10.0,Urban area,6.0,1392.0,,,Other/Not known (2005-10),Not at or within 20 metres of junction,NISSAN,SUNNY SEQUEL,Petrol,Male,,No tow/articulation,Did not leave carriageway,0.0,Going ahead other,2.0,Car,No,Front,2005.0,Slight,Fine no high winds,Dry,Daylight,30.0,Urban,2005.0
2007130543807,26 - 35,4.0,Urban area,1.0,1597.0,,,Journey as part of work,Entering main road,MITSUBISHI,CARISMA MIRAGE,Petrol,Male,,No tow/articulation,Did not leave carriageway,0.0,Turning right,2.0,Car,No,Front,2007.0,Slight,Fine no high winds,Dry,Daylight,30.0,Urban,2007.0
200801JI75303,26 - 35,3.0,Urban area,7.0,1596.0,,,Other/Not known (2005-10),Entering main road,FORD,FOCUS GHIA 115,Petrol,Male,,No tow/articulation,Did not leave carriageway,0.0,Turning right,1.0,Car,No,Front,2008.0,Slight,Fine no high winds,Dry,Darkness - lights lit,30.0,Urban,2008.0
200543N418115,36 - 45,14.0,Urban area,4.0,3972.0,,,Journey as part of work,Not at or within 20 metres of junction,MERCEDES,,Heavy oil,Male,,No tow/articulation,Did not leave carriageway,0.0,Going ahead right-hand bend,2.0,Minibus (8 - 16 passenger seats),No,Offside,2005.0,Slight,Fine no high winds,Wet or damp,Daylight,60.0,Rural,2005.0
200450C24N486,21 - 25,4.0,Data missing or out of range,,998.0,,,Data missing or out of range,Data missing or out of range,NISSAN,MICRA SPORT,Petrol,Female,,No tow/articulation,Did not leave carriageway,0.0,Going ahead other,1.0,109,Data missing or out of range,Back,2004.0,,,,,,,
200732D249507,36 - 45,7.0,Urban area,7.0,1870.0,,,Journey as part of work,Entering main road,RENAULT,LAGUNA RXE DCI,Heavy oil,Male,,No tow/articulation,Did not leave carriageway,0.0,Turning left,1.0,Car,No,Offside,2007.0,Slight,Fine no high winds,Dry,Daylight,30.0,Urban,2007.0
2005360030925,16 - 20,6.0,Rural,6.0,973.0,Kerb,,Other/Not known (2005-10),Not at or within 20 metres of junction,VAUXHALL,CORSA GLS 12V,Petrol,Female,Skidded and overturned,No tow/articulation,Did not leave carriageway,0.0,Going ahead left-hand bend,1.0,Car,No,Front,2005.0,Serious,Fine no high winds,Dry,Daylight,60.0,Rural,2005.0
200545TA65860,56 - 65,2.0,Small town,8.0,6370.0,,,Journey as part of work,Not at or within 20 metres of junction,MERCEDES,,Heavy oil,Male,,No tow/articulation,Did not leave carriageway,0.0,Going ahead other,1.0,Goods 7.5 tonnes mgw and over,No,Did not impact,2005.0,Slight,Fine no high winds,Dry,Daylight,70.0,Rural,2005.0
2004550P02519,26 - 35,7.0,Data missing or out of range,,1597.0,,,Data missing or out of range,Data missing or out of range,FORD,ESCORT CHICANE,Petrol,Male,,No tow/articulation,Did not leave carriageway,0.0,Going ahead other,1.0,109,Data missing or out of range,Front,2004.0,,,,,,,
200650A33O258,66 - 75,7.0,Rural,5.0,4600.0,,,Data missing or out of range,Data missing or out of range,CADILLAC,,Petrol,Male,,No tow/articulation,Did not leave carriageway,0.0,Going ahead other,1.0,Car,Data missing or out of range,Front,2006.0,Slight,Fine no high winds,Dry,Darkness - lights lit,30.0,Rural,2006.0
2006440277130,46 - 55,3.0,Urban area,6.0,3900.0,,,Journey as part of work,Mid Junction - on roundabout or on main road,DENNIS,,Heavy oil,Male,,No tow/articulation,Did not leave carriageway,0.0,Going ahead right-hand bend,1.0,Bus or coach (17 or more pass seats),No,Front,2006.0,Slight,Fine no high winds,Dry,Daylight,30.0,Urban,2006.0
2004350547704,36 - 45,,Urban area,9.0,,,,Data missing or out of range,Data missing or out of range,NISSAN,,,Male,Overturned,No tow/articulation,Did not leave carriageway,0.0,Going ahead other,2.0,109,Data missing or out of range,Nearside,2004.0,,,,,,,
2007130700207,26 - 35,,Urban area,3.0,,,,Other/Not known (2005-10),Mid Junction - on roundabout or on main road,FORD,RANGER XLT 4X4 TD,,Male,,No tow/articulation,Did not leave carriageway,0.0,Turning right,2.0,Car,No,Nearside,2007.0,Serious,Fine no high winds,Dry,Daylight,30.0,Rural,2007.0
200420K127902,Data missing or out of range,10.0,Data missing or out of range,,1171.0,,,Data missing or out of range,Data missing or out of range,RENAULT,CLIO RL CAMPUS,Petrol,Not known,,No tow/articulation,Did not leave carriageway,0.0,Going ahead other,1.0,109,Data missing or out of range,Front,2004.0,,,,,,,
2005620143525,Over 75,6.0,Rural,,1392.0,,Central crash barrier,Other/Not known (2005-10),Not at or within 20 metres of junction,NISSAN,ALMERA PREMIUM,Petrol,Male,,No tow/articulation,Nearside and rebounded,0.0,Going ahead other,2.0,Car,No,Back,2005.0,Slight,Fine no high winds,Dry,Daylight,70.0,Rural,2005.0
200491NE19346,56 - 65,9.0,Urban area,,1905.0,,,Data missing or out of range,Data missing or out of range,PEUGEOT,306 SLDT,Heavy oil,Male,Skidded and overturned,No tow/articulation,Nearside,0.0,Going ahead right-hand bend,1.0,109,Data missing or out of range,Front,2004.0,,,,,,,
200506C037227,56 - 65,9.0,Urban area,1.0,1761.0,,,Other/Not known (2005-10),Not at or within 20 metres of junction,PEUGEOT,306 SR,Petrol,Male,,No tow/articulation,Did not leave carriageway,9.0,Parked,2.0,Car,No,Front,2005.0,Serious,Fine no high winds,Wet or damp,Daylight,30.0,Urban,2005.0
2005130865305,Data missing or out of range,3.0,Data missing or out of range,,1360.0,,,Other/Not known (2005-10),Not at or within 20 metres of junction,PEUGEOT,206 LX AUTO,Petrol,Not known,,No tow/articulation,Did not leave carriageway,0.0,Parked,2.0,Car,No,Back,2005.0,Slight,Fine no high winds,Dry,Daylight,30.0,Urban,2005.0
2005130710605,46 - 55,,Urban area,5.0,1170.0,,,Other/Not known (2005-10),Leaving roundabout,BMW,R 1200 GS 04,Petrol,Male,,No tow/articulation,Did not leave carriageway,0.0,Changing lane to left,1.0,Motorcycle over 500cc,No,Offside,2005.0,Slight,Fine no high winds,Dry,Daylight,30.0,Urban,2005.0
200732D056807,36 - 45,2.0,Rural,8.0,1998.0,,,Other/Not known (2005-10),Entering main road,VOLVO,V50 SE D (E4),Heavy oil,Male,,No tow/articulation,Did not leave carriageway,0.0,Turning right,1.0,Car,No,Back,2007.0,Slight,Fine no high winds,Dry,Darkness - lights lit,70.0,Rural,2007.0
200604DL06009,66 - 75,2.0,Urban area,5.0,3199.0,Parked vehicle,,Other/Not known (2005-10),Mid Junction - on roundabout or on main road,CHRYSLER,CROSSFIRE,Petrol,Male,Skidded,No tow/articulation,Did not leave carriageway,0.0,Going ahead other,2.0,Car,No,Nearside,2006.0,Slight,Fine no high winds,Wet or damp,Daylight,30.0,Urban,2006.0
200801RY10262,56 - 65,1.0,Urban area,4.0,1896.0,,,Other/Not known (2005-10),Mid Junction - on roundabout or on main road,SKODA,OCTAVIA ELEGANCE TDI A,Heavy oil,Male,,No tow/articulation,Did not leave carriageway,0.0,Going ahead other,1.0,Taxi/Private hire car,No,Nearside,2008.0,Slight,Fine no high winds,Dry,Darkness - lights lit,30.0,Urban,2008.0
200645RU86617,Data missing or out of range,4.0,Data missing or out of range,,2393.0,,,Other/Not known (2005-10),Approaching junction or waiting/parked at junction approach,AUDI,A4 SPORT AUTO,Petrol,Female,,No tow/articulation,Did not leave carriageway,0.0,Turning right,2.0,Car,No,Offside,2006.0,Slight,Fine no high winds,Dry,Daylight,30.0,Rural,2006.0
2005445JW0059,36 - 45,9.0,Urban area,1.0,6000.0,,,Journey as part of work,Not at or within 20 metres of junction,VOLVO,,Heavy oil,Male,,No tow/articulation,Did not leave carriageway,0.0,Overtaking - nearside,1.0,Bus or coach (17 or more pass seats),No,Did not impact,2005.0,Slight,Fine no high winds,Dry,Daylight,30.0,Urban,2005.0
200701MM79068,56 - 65,2.0,Urban area,6.0,1364.0,,,Other/Not known (2005-10),Mid Junction - on roundabout or on main road,VAUXHALL,MERIVA LIFE TWINPORT,Petrol,Female,,No tow/articulation,Did not leave carriageway,0.0,Going ahead other,1.0,Car,No,Offside,2007.0,Slight,Fine no high winds,Dry,Darkness - lights lit,30.0,Urban,2007.0
200797NA01102,36 - 45,,Data missing or out of range,,,,,Journey as part of work,Entering roundabout,FIAT,SCUDO SX DYNAMIC JTD,,Male,,No tow/articulation,Did not leave carriageway,0.0,Slowing or stopping,1.0,Bus or coach (17 or more pass seats),No,Front,2007.0,Slight,Fine no high winds,Dry,Daylight,30.0,Urban,2007.0
2006950009520,26 - 35,3.0,Urban area,,125.0,,,Journey as part of work,Approaching junction or waiting/parked at junction approach,HONDA,SES 125-3,Petrol,Male,,No tow/articulation,Did not leave carriageway,0.0,Going ahead other,2.0,Motorcycle 125cc and under,No,Front,2006.0,Slight,Fine no high winds,Wet or damp,Daylight,30.0,Urban,2006.0
2007330708008,16 - 20,5.0,Data missing or out of range,,1242.0,,,Other/Not known (2005-10),Not at or within 20 metres of junction,FIAT,PUNTO ACTIVE,Petrol,Male,,No tow/articulation,Did not leave carriageway,0.0,Parked,2.0,Car,No,Back,2007.0,Slight,Snowing no high winds,Snow,Darkness - lights lit,30.0,Rural,2007.0
200750D21C567,26 - 35,3.0,Data missing or out of range,,1995.0,,,Data missing or out of range,Not at or within 20 metres of junction,TOYOTA,AVENSIS T3-S D-4D,Heavy oil,Female,,No tow/articulation,Did not leave carriageway,0.0,Parked,2.0,Car,No,Back,2007.0,Slight,Fine no high winds,Dry,Darkness - no lighting,60.0,Rural,2007.0
200406Q013384,16 - 20,10.0,Urban area,2.0,1119.0,,,Data missing or out of range,Data missing or out of range,FORD,FIESTA I,Petrol,Male,,No tow/articulation,Did not leave carriageway,0.0,Going ahead other,1.0,109,Data missing or out of range,Front,2004.0,,,,,,,
2007460145738,26 - 35,,Urban area,5.0,,,,Journey as part of work,Not at or within 20 metres of junction,MERCEDES,VITO 109 CDI LONG,,Male,,No tow/articulation,Did not leave carriageway,0.0,Reversing,1.0,Car,No,Back,2007.0,Slight,Fine no high winds,Dry,Daylight,30.0,Urban,2007.0
200445GU59672,21 - 25,15.0,Urban area,8.0,1597.0,,Other permanent object,Data missing or out of range,Data missing or out of range,FORD,ESCORT CABRIO TENNIS,Petrol,Male,,No tow/articulation,Nearside,0.0,Going ahead left-hand bend,1.0,109,Data missing or out of range,Front,2004.0,,,,,,,
2006440521479,36 - 45,4.0,Urban area,1.0,1997.0,,,Other/Not known (2005-10),Entering roundabout,PEUGEOT,406 LX HDI (90),Heavy oil,Male,,No tow/articulation,Did not leave carriageway,0.0,Going ahead other,1.0,Taxi/Private hire car,No,Front,2006.0,Slight,Fine no high winds,Dry,Daylight,40.0,Urban,2006.0
200730D000345,36 - 45,3.0,Urban area,3.0,1130.0,,,Other/Not known (2005-10),Entering from slip road,HARLEY-DAVIDSON,VRSCB V-ROD,Petrol,Male,,No tow/articulation,Did not leave carriageway,0.0,Going ahead left-hand bend,1.0,Motorcycle over 500cc,No,Nearside,2007.0,Slight,Fine no high winds,Dry,Daylight,70.0,Rural,2007.0
2004030003580,36 - 45,10.0,Urban area,9.0,,,,Data missing or out of range,Data missing or out of range,DENNIS,,Heavy oil,Male,,No tow/articulation,Did not leave carriageway,2.0,Going ahead other,1.0,Bus or coach (17 or more pass seats),Data missing or out of range,Front,2004.0,,,,,,,
200634WD06176,21 - 25,1.0,Small town,7.0,1149.0,,,Other/Not known (2005-10),Not at or within 20 metres of junction,RENAULT,CLIO CAMPUS SPORT,Petrol,Male,,No tow/articulation,Did not leave carriageway,0.0,Slowing or stopping,2.0,Car,No,Back,2006.0,Slight,Raining no high winds,Wet or damp,Darkness - no lighting,60.0,Rural,2006.0
2006950006341,16 - 20,7.0,Small town,,1124.0,,,Commuting to/from work,Not at or within 20 metres of junction,CITROEN,SAXO EAST COAST,Petrol,Male,Overturned,No tow/articulation,Did not leave carriageway,0.0,Going ahead other,1.0,Car,No,Front,2006.0,Slight,Fine no high winds,Dry,Daylight,40.0,Rural,2006.0
2006100736906,36 - 45,5.0,Urban area,1.0,1397.0,,,Other/Not known (2005-10),Not at or within 20 metres of junction,SKODA,FABIA CLASSIC 8V,Petrol,Male,,No tow/articulation,Did not leave carriageway,0.0,Going ahead other,1.0,Car,No,Nearside,2006.0,Slight,Fine no high winds,Dry,Darkness - lights lit,30.0,Rural,2006.0
2006950000549,46 - 55,9.0,Urban area,,5900.0,,,Journey as part of work,Not at or within 20 metres of junction,DENNIS,,Heavy oil,Male,Skidded,No tow/articulation,Did not leave carriageway,0.0,Going ahead other,1.0,Bus or coach (17 or more pass seats),No,Front,2006.0,Slight,Fine no high winds,Wet or damp,Daylight,60.0,Rural,2006.0
2005950006829,26 - 35,8.0,Urban area,,1581.0,,,Other/Not known (2005-10),Not at or within 20 metres of junction,FIAT,BRAVA 1.6 SX,Petrol,Male,,No tow/articulation,Did not leave carriageway,0.0,Reversing,1.0,Car,No,Did not impact,2005.0,Slight,Fine no high winds,Dry,Daylight,30.0,Urban,2005.0
200737L014181,66 - 75,11.0,Urban area,7.0,1700.0,,,Other/Not known (2005-10),Leaving main road,VAUXHALL,ASTRA LS 1.7D TURBO,Heavy oil,Male,,No tow/articulation,Did not leave carriageway,0.0,Turning left,2.0,Car,No,Nearside,2007.0,Slight,Fine no high winds,Dry,Daylight,30.0,Urban,2007.0
2006350481606,26 - 35,6.0,Urban area,9.0,1398.0,,,Commuting to/from work,Approaching junction or waiting/parked at junction approach,TOYOTA,COROLLA VVTI S,Petrol,Female,,No tow/articulation,Did not leave carriageway,0.0,Waiting to go - held up,2.0,Car,No,Back,2006.0,Slight,Fine no high winds,Dry,Daylight,30.0,Urban,2006.0
200620E150002,46 - 55,8.0,Urban area,9.0,1589.0,,,Other/Not known (2005-10),Approaching junction or waiting/parked at junction approach,ROVER,416S,Petrol,Male,,No tow/articulation,Did not leave carriageway,0.0,Going ahead other,2.0,Car,No,Front,2006.0,Slight,Fine no high winds,Dry,Daylight,30.0,Urban,2006.0
200701GD68945,Data missing or out of range,,Urban area,7.0,,,,Other/Not known (2005-10),Approaching junction or waiting/parked at junction approach,FORD,TRANSIT 350 LWB TD,,Male,,No tow/articulation,Did not leave carriageway,0.0,Going ahead other,1.0,Pedal cycle,No,Nearside,2007.0,Slight,Fine no high winds,Dry,Darkness - lights lit,30.0,Urban,2007.0
2005470506583,46 - 55,6.0,Urban area,8.0,2435.0,,,Other/Not known (2005-10),Leaving main road,VOLVO,S80 2.4 SE AUTO,Petrol,Male,,No tow/articulation,Did not leave carriageway,0.0,Changing lane to right,1.0,Car,No,Nearside,2005.0,Slight,Fine no high winds,Dry,Daylight,30.0,Urban,2005.0
200714A275507,36 - 45,6.0,Urban area,7.0,1108.0,,,Commuting to/from work,Mid Junction - on roundabout or on main road,FIAT,SEICENTO MICHAEL SCHUMACHER,Petrol,Male,,No tow/articulation,Did not leave carriageway,0.0,Going ahead other,2.0,Car,No,Nearside,2007.0,Slight,Fine no high winds,Wet or damp,Daylight,30.0,Urban,2007.0
200554AT42005,16 - 20,10.0,Rural,6.0,954.0,,,Other/Not known (2005-10),Not at or within 20 metres of junction,CITROEN,AX 10 DEBUT,Petrol,Male,,No tow/articulation,Nearside,0.0,Going ahead left-hand bend,2.0,Car,No,Front,2005.0,Slight,Fine no high winds,Dry,Darkness - no lighting,60.0,Rural,2005.0
200804DF08162,36 - 45,16.0,Urban area,5.0,1590.0,,,Other/Not known (2005-10),Not at or within 20 metres of junction,SUZUKI,VITARA JLX SE AUTO,Petrol,Male,Skidded,No tow/articulation,Did not leave carriageway,0.0,Going ahead left-hand bend,1.0,Car,No,Front,2008.0,Slight,Fine no high winds,Wet or damp,Daylight,30.0,Urban,2008.0
2007470703580,26 - 35,,Data missing or out of range,,1995.0,,,Other/Not known (2005-10),Approaching junction or waiting/parked at junction approach,BMW,520D SE TOURING A,Heavy oil,Female,,No tow/articulation,Did not leave carriageway,0.0,Parked,3.0,Car,No,Nearside,2007.0,Slight,Fine no high winds,Dry,Daylight,30.0,Urban,2007.0
200401PL60577,Data missing or out of range,11.0,Urban area,3.0,1587.0,,,Data missing or out of range,Data missing or out of range,TOYOTA,COROLLA EXECUTIVE A,Petrol,Male,Skidded,No tow/articulation,Did not leave carriageway,0.0,Going ahead other,2.0,109,Data missing or out of range,Front,2004.0,,,,,,,
2005160D00210,Data missing or out of range,3.0,Data missing or out of range,,1781.0,,,Commuting to/from work,Not at or within 20 metres of junction,AUDI,A3 1.8T SPORT,Petrol,Male,,No tow/articulation,Did not leave carriageway,0.0,Going ahead other,10.0,Car,No,Front,2005.0,Slight,Fine no high winds,Wet or damp,Darkness - lights lit,70.0,Urban,2005.0
2004620122018,26 - 35,,Urban area,,1124.0,,,Data missing or out of range,Data missing or out of range,CITROEN,C2 LX,Petrol,Female,,No tow/articulation,Did not leave carriageway,0.0,Going ahead other,2.0,109,Data missing or out of range,Back,2004.0,,,,,,,
2007130418507,26 - 35,8.0,Urban area,8.0,1781.0,,,Other/Not known (2005-10),Not at or within 20 metres of junction,AUDI,A3 1.8T SPORT,Petrol,Male,Skidded and overturned,No tow/articulation,Did not leave carriageway,0.0,Going ahead other,1.0,Car,No,Nearside,2007.0,Serious,Fine no high winds,Dry,Daylight,40.0,Rural,2007.0
200501ZD31372,56 - 65,,Data missing or out of range,,,,,Other/Not known (2005-10),Not at or within 20 metres of junction,CASE IH,,,Male,,No tow/articulation,Did not leave carriageway,0.0,Going ahead left-hand bend,1.0,Van / Goods 3.5 tonnes mgw or under,No,Did not impact,2005.0,Slight,Fine no high winds,Frost or ice,Daylight,30.0,Rural,2005.0
200806A091846,21 - 25,11.0,Urban area,1.0,1598.0,,,Other/Not known (2005-10),Not at or within 20 metres of junction,VAUXHALL,VECTRA ARCTIC 16V,Petrol,Male,,No tow/articulation,Did not leave carriageway,0.0,Going ahead other,1.0,Car,No,Offside,2008.0,Slight,Fine no high winds,Dry,Daylight,30.0,Urban,2008.0
200804AM08138,36 - 45,2.0,Urban area,2.0,7790.0,,,Journey as part of work,Mid Junction - on roundabout or on main road,IRIS.BUS,,Heavy oil,Male,,No tow/articulation,Did not leave carriageway,0.0,Going ahead other,2.0,Bus or coach (17 or more pass seats),No,Offside,2008.0,Slight,Fine no high winds,Dry,Daylight,30.0,Urban,2008.0
200750A41L736,16 - 20,6.0,Urban area,4.0,1796.0,,,Data missing or out of range,Mid Junction - on roundabout or on main road,BMW,316TI COMPACT,Petrol,Male,,No tow/articulation,Did not leave carriageway,0.0,Turning right,1.0,Car,No,Front,2007.0,Slight,Fine no high winds,Dry,Daylight,60.0,Rural,2007.0