Accident_Index,Age_Band_of_Driver,Age_of_Vehicle,Driver_Home_Area_Type,Driver_IMD_Decile,Engine_Capacity_.CC.,Hit_Object_in_Carriageway,Hit_Object_off_Carriageway,Journey_Purpose_of_Driver,Junction_Location,make,model,Propulsion_Code,Sex_of_Driver,Skidding_and_Overturning,Towing_and_Articulation,Vehicle_Leaving_Carriageway,Vehicle_Location.Restricted_Lane,Vehicle_Manoeuvre,Vehicle_Reference,Vehicle_Type,Was_Vehicle_Left_Hand_Drive,X1st_Point_of_Impact,Year_x,Severity_Label,Weather_Conditions,Road_Surface_Conditions,Light_Conditions,Speed_limit,Urban_or_Rural_Area,Year_y
2007217008853,36 - 45,,Urban area,3.0,,,Near/Offside crash barrier,Other/Not known (2005-10),Not at or within 20 metres of junction,IVECO,,,Male,Overturned,No tow/articulation,Nearside,0.0,Going ahead other,1.0,Car,No,Front,2007.0,Serious,Fine no high winds,Dry,Darkness - no lighting,70.0,Rural,2007.0
200714G076507,16 - 20,2.0,Urban area,1.0,1229.0,,,Other/Not known (2005-10),Cleared junction or waiting/parked at junction exit,VAUXHALL,CORSA SXI TWINPORT,Petrol,Male,,No tow/articulation,Offside,0.0,Going ahead other,3.0,Car,No,Front,2007.0,Serious,Fine no high winds,Dry,Darkness - lights lit,30.0,Urban,2007.0
200422FB39731,26 - 35,4.0,Rural,7.0,1998.0,,,Data missing or out of range,Data missing or out of range,MERCEDES,C200 CLASSIC AUTO,Petrol,Female,,No tow/articulation,Did not leave carriageway,0.0,Going ahead other,2.0,109,Data missing or out of range,Front,2004.0,,,,,,,
200654DH46606,26 - 35,,Urban area,3.0,1686.0,,,Commuting to/from work,Not at or within 20 metres of junction,VAUXHALL,ASTRA CLUB CDTI 100,Heavy oil,Male,,No tow/articulation,Did not leave carriageway,0.0,Going ahead other,1.0,Car,No,Front,2006.0,Slight,Fine no high winds,Wet or damp,Daylight,70.0,Rural,2006.0
200501HT20152,26 - 35,3.0,Urban area,4.0,8268.0,,,Journey as part of work,Mid Junction - on roundabout or on main road,DENNIS,,Heavy oil,Male,,No tow/articulation,Did not leave carriageway,0.0,Going ahead other,3.0,Bus or coach (17 or more pass seats),No,Offside,2005.0,Slight,Raining no high winds,Wet or damp,Daylight,30.0,Urban,2005.0
200805DD23568,Data missing or out of range,8.0,Data missing or out of range,,993.0,,,Other/Not known (2005-10),Approaching junction or waiting/parked at junction approach,SUZUKI,SWIFT CIRRUS,Petrol,Not known,,No tow/articulation,Did not leave carriageway,0.0,Going ahead other,2.0,Car,No,Front,2008.0,Slight,Fine no high winds,Dry,Daylight,30.0,Urban,2008.0
2006100493206,36 - 45,4.0,Small town,7.0,1896.0,,,Other/Not known (2005-10),Not at or within 20 metres of junction,VOLKSWAGEN,SHARAN SL TDI,Heavy oil,Female,,No tow/articulation,Did not leave carriageway,0.0,Going ahead other,3.0,Car,No,Back,2006.0,Slight,Fine no high winds,Dry,Daylight,70.0,Rural,2006.0
200640D015040,Data missing or out of range,6.0,Data missing or out of range,,8970.0,,,Journey as part of work,Not at or within 20 metres of junction,SCANIA,,Heavy oil,Not known,,No tow/articulation,Did not leave carriageway,0.0,Parked,2.0,Goods 7.5 tonnes mgw and over,No,Back,2006.0,Slight,Fine no high winds,Dry,Daylight,60.0,Rural,2006.0
200501ZD30144,16 - 20,10.0,Urban area,2.0,2935.0,,,Other/Not known (2005-10),Mid Junction - on roundabout or on main road,FORD,SCORPIO ULTIMA 12V AUTO,Petrol,Male,,No tow/articulation,Did not leave carriageway,0.0,Turning right,1.0,Car,No,Front,2005.0,Slight,Fine no high winds,Dry,Darkness - lights lit,30.0,Urban,2005.0
2005445AA0146,36 - 45,3.0,Urban area,7.0,1998.0,,,Commuting to/from work,Mid Junction - on roundabout or on main road,RENAULT,MEGANE SCENIC PRIVILEGE+,Petrol,Female,,No tow/articulation,Did not leave carriageway,0.0,Turning right,2.0,Car,No,Nearside,2005.0,Slight,Fine no high winds,Dry,Darkness - lights unlit,30.0,Urban,2005.0
200643R248066,36 - 45,5.0,Urban area,8.0,1997.0,,,Journey as part of work,Entering main road,PEUGEOT,406 LX HDI (90),Heavy oil,Female,,No tow/articulation,Did not leave carriageway,0.0,Turning right,1.0,Car,No,Front,2006.0,Slight,Fine no high winds,Dry,Daylight,30.0,Urban,2006.0
2007620163452,Over 75,,Small town,,,,,Journey as part of work,Not at or within 20 metres of junction,FORD,TRAN CONNECT LX TDCI SWB,,Male,Skidded,No tow/articulation,Did not leave carriageway,0.0,Going ahead other,1.0,Car,No,Front,2007.0,Slight,Fine no high winds,Frost or ice,Daylight,60.0,Urban,2007.0
2007470704825,36 - 45,6.0,Urban area,3.0,988.0,,,Other/Not known (2005-10),Not at or within 20 metres of junction,SUZUKI,GSX R1000K1,Petrol,Male,,No tow/articulation,Did not leave carriageway,0.0,Going ahead other,2.0,Motorcycle over 500cc,No,Front,2007.0,Slight,Fine no high winds,Dry,Daylight,30.0,Rural,2007.0
2004100188504,66 - 75,3.0,Small town,10.0,1398.0,,Other permanent object,Data missing or out of range,Data missing or out of range,TOYOTA,COROLLA VVTI GLS,Petrol,Female,Overturned,No tow/articulation,Nearside,0.0,Going ahead left-hand bend,1.0,109,Data missing or out of range,Front,2004.0,,,,,,,
2004930004477,36 - 45,4.0,Rural,,998.0,,,Data missing or out of range,Data missing or out of range,NISSAN,MICRA CELEBRATION 16V,Petrol,Male,,No tow/articulation,Did not leave carriageway,0.0,Going ahead other,2.0,109,Data missing or out of range,Front,2004.0,,,,,,,
2005600FL1002,56 - 65,3.0,Urban area,,1870.0,,Other permanent object,Journey as part of work,Not at or within 20 metres of junction,VAUXHALL,VIVARO 2700 DTI SWB,Heavy oil,Male,Skidded,No tow/articulation,Nearside,0.0,Going ahead other,2.0,Van / Goods 3.5 tonnes mgw or under,No,Nearside,2005.0,Slight,Fine no high winds,Wet or damp,Daylight,60.0,Rural,2005.0
200501YR90633,26 - 35,1.0,Urban area,2.0,6370.0,,,Journey as part of work,Not at or within 20 metres of junction,MERCEDES,,Heavy oil,Male,,No tow/articulation,Did not leave carriageway,0.0,Going ahead other,1.0,Bus or coach (17 or more pass seats),No,Did not impact,2005.0,Slight,Fine no high winds,Dry,Daylight,30.0,Urban,2005.0
20064100G0606,46 - 55,2.0,Urban area,9.0,955.0,,,Other/Not known (2005-10),Not at or within 20 metres of junction,TRIUMPH,,Petrol,Male,Skidded,No tow/articulation,Nearside,0.0,Going ahead other,1.0,Motorcycle over 500cc,No,Front,2006.0,Serious,Fine no high winds,Dry,Daylight,30.0,Rural,2006.0
200537L012049,26 - 35,4.0,Urban area,5.0,1390.0,,,Other/Not known (2005-10),Approaching junction or waiting/parked at junction approach,RENAULT,CLIO ALIZE,Petrol,Male,,No tow/articulation,Did not leave carriageway,0.0,Going ahead other,2.0,Car,No,Offside,2005.0,Slight,Fine no high winds,Dry,Daylight,30.0,Urban,2005.0
2007130866607,56 - 65,8.0,Data missing or out of range,,847.0,,,Other/Not known (2005-10),Approaching junction or waiting/parked at junction approach,PERODUA,NIPPA GX,Petrol,Female,,No tow/articulation,Did not leave carriageway,0.0,Going ahead other,2.0,Car,No,Did not impact,2007.0,Slight,Fine no high winds,Dry,Daylight,40.0,Urban,2007.0
200750D31I874,46 - 55,5.0,Urban area,10.0,1998.0,,,Data missing or out of range,Data missing or out of range,FORD,MONDEO LX TDDI,Heavy oil,Male,,No tow/articulation,Did not leave carriageway,0.0,Data missing or out of range,1.0,Car,No,Did not impact,2007.0,Slight,Fine no high winds,Dry,Daylight,30.0,Urban,2007.0
200454CE61604,21 - 25,9.0,Urban area,8.0,,,,Data missing or out of range,Data missing or out of range,VOLVO,,Heavy oil,Male,,No tow/articulation,Did not leave carriageway,0.0,Waiting to go - held up,2.0,Bus or coach (17 or more pass seats),Data missing or out of range,Did not impact,2004.0,,,,,,,
200601MM70554,36 - 45,,Urban area,4.0,,,,Other/Not known (2005-10),Mid Junction - on roundabout or on main road,VOLVO,,,Male,,No tow/articulation,Did not leave carriageway,0.0,Turning left,1.0,Car,No,Nearside,2006.0,Slight,Fine no high winds,Dry,Darkness - lights lit,30.0,Urban,2006.0
200601RG40227,16 - 20,3.0,Urban area,5.0,1587.0,,,Other/Not known (2005-10),Not at or within 20 metres of junction,PEUGEOT,307 S AUTO,Petrol,Male,,No tow/articulation,Did not leave carriageway,0.0,Going ahead other,1.0,Car,No,Front,2006.0,Slight,Fine no high winds,Dry,Darkness - lights lit,30.0,Urban,2006.0
200540C029510,16 - 20,7.0,Data missing or out of range,,1700.0,,,Other/Not known (2005-10),Approaching junction or waiting/parked at junction approach,VAUXHALL,ASTRA LS TD,Heavy oil,Male,,No tow/articulation,Did not leave carriageway,0.0,Going ahead other,1.0,Car,No,Front,2005.0,Slight,Other,Wet or damp,Daylight,30.0,Urban,2005.0
20064100E0668,66 - 75,6.0,Urban area,5.0,1850.0,,,Other/Not known (2005-10),Not at or within 20 metres of junction,HONDA,ACCORD VTEC S,Petrol,Male,,No tow/articulation,Did not leave carriageway,0.0,Going ahead other,2.0,Car,No,Front,2006.0,Serious,Fine no high winds,Dry,Daylight,40.0,Urban,2006.0
200737B027707,56 - 65,9.0,Urban area,5.0,1998.0,Parked vehicle,,Other/Not known (2005-10),Not at or within 20 metres of junction,DAEWOO,LEGANZA SX,Petrol,Male,,No tow/articulation,Did not leave carriageway,0.0,Going ahead other,1.0,Car,No,Front,2007.0,Slight,Raining no high winds,Wet or damp,Darkness - lights lit,30.0,Urban,2007.0
200697AB00402,36 - 45,1.0,Small town,,3900.0,,,Journey as part of work,Mid Junction - on roundabout or on main road,ALEXANDER DENNIS,,Heavy oil,Male,,No tow/articulation,Did not leave carriageway,0.0,Going ahead left-hand bend,1.0,Bus or coach (17 or more pass seats),No,Front,2006.0,Serious,Fine no high winds,Wet or damp,Daylight,30.0,Urban,2006.0
200601VW40298,16 - 20,,Urban area,4.0,,,,Journey as part of work,Approaching junction or waiting/parked at junction approach,VOLVO,940 TORSLANDA LPT AUTO,,Male,,No tow/articulation,Did not leave carriageway,0.0,Going ahead other,1.0,Motorcycle 125cc and under,No,Front,2006.0,Slight,Fine no high winds,Dry,Daylight,30.0,Urban,2006.0
200805CC23882,36 - 45,5.0,Urban area,6.0,4172.0,,,Other/Not known (2005-10),Mid Junction - on roundabout or on main road,AUDI,RS6 QUATTRO AUTO,Petrol,Male,,No tow/articulation,Did not leave carriageway,0.0,Going ahead other,1.0,Car,No,Front,2008.0,Slight,Fine no high winds,Dry,Daylight,50.0,Rural,2008.0
200401CP00161,26 - 35,,Data missing or out of range,,,,,Data missing or out of range,Data missing or out of range,VAUXHALL,COMBO SE 1.7D,,Male,,No tow/articulation,Did not leave carriageway,0.0,Turning right,1.0,Other vehicle,Data missing or out of range,Nearside,2004.0,,,,,,,
200601TD00170,46 - 55,7.0,Data missing or out of range,,1998.0,,,Other/Not known (2005-10),Approaching junction or waiting/parked at junction approach,NISSAN,SERENA EXCURSION,Petrol,Male,,No tow/articulation,Did not leave carriageway,9.0,Parked,1.0,Car,No,Back,2006.0,Serious,Fine no high winds,Dry,Daylight,30.0,Urban,2006.0
200722FA86941,36 - 45,8.0,Rural,8.0,1390.0,,,Other/Not known (2005-10),Not at or within 20 metres of junction,RENAULT,CLIO ALIZE,Petrol,Female,,No tow/articulation,Did not leave carriageway,0.0,Going ahead other,2.0,Car,No,Offside,2007.0,Slight,Fine no high winds,Dry,Darkness - no lighting,60.0,Rural,2007.0
2005950004729,46 - 55,6.0,Urban area,,1199.0,,,Other/Not known (2005-10),Not at or within 20 metres of junction,VAUXHALL,CORSA CDX 16V,Petrol,Female,,No tow/articulation,Did not leave carriageway,0.0,Going ahead other,2.0,Car,No,Back,2005.0,Slight,Fine no high winds,Dry,Daylight,30.0,Urban,2005.0
200414BB00885,26 - 35,,Urban area,3.0,,,,Data missing or out of range,Data missing or out of range,IVECO,,,Male,,No tow/articulation,Nearside,0.0,Going ahead other,1.0,Van / Goods 3.5 tonnes mgw or under,Data missing or out of range,Nearside,2004.0,,,,,,,
2007620170948,26 - 35,8.0,Urban area,,1242.0,,,Other/Not known (2005-10),Not at or within 20 metres of junction,FIAT,PUNTO SX 60,Petrol,Female,,No tow/articulation,Did not leave carriageway,0.0,Going ahead other,2.0,Car,No,Back,2007.0,Slight,Unknown,Dry,Daylight,40.0,Urban,2007.0
200797ND01911,26 - 35,3.0,Urban area,,1995.0,,,Other/Not known (2005-10),Not at or within 20 metres of junction,VAUXHALL,ASTRA SRI DTI,Heavy oil,Male,,No tow/articulation,Did not leave carriageway,0.0,Slowing or stopping,1.0,Car,No,Front,2007.0,Slight,Fine no high winds,Dry,Darkness - lights lit,60.0,Urban,2007.0
2005440532591,26 - 35,12.0,Urban area,6.0,3239.0,,,Journey as part of work,Approaching junction or waiting/parked at junction approach,JAGUAR,XJ6 3.2 AUTO,Petrol,Female,,No tow/articulation,Did not leave carriageway,0.0,Slowing or stopping,2.0,Car,No,Front,2005.0,Slight,Other,Wet or damp,Daylight,50.0,Rural,2005.0
20073108B4255,36 - 45,2.0,Urban area,3.0,1686.0,Bollard or refuge,,Other/Not known (2005-10),Not at or within 20 metres of junction,VAUXHALL,COMBO 1700 CDTI 16V,Heavy oil,Male,,No tow/articulation,Nearside,0.0,Going ahead other,1.0,Van / Goods 3.5 tonnes mgw or under,No,Front,2007.0,Serious,Fine no high winds,Wet or damp,Darkness - lights lit,40.0,Urban,2007.0
200620M061603,36 - 45,16.0,Urban area,4.0,1388.0,,,Taking pupil to/from school,Mid Junction - on roundabout or on main road,VAUXHALL,ASTRA BELMONT MERIT,Petrol,Male,,No tow/articulation,Did not leave carriageway,0.0,Moving off,1.0,Car,No,Nearside,2006.0,Slight,Raining no high winds,Wet or damp,Daylight,30.0,Urban,2006.0
200520G097401,56 - 65,4.0,Data missing or out of range,,1997.0,,,Commuting to/from work,Not at or within 20 metres of junction,CITROEN,XSARA LX HDI,Heavy oil,Male,,No tow/articulation,Did not leave carriageway,0.0,Slowing or stopping,3.0,Car,No,Back,2005.0,Fatal,Other,Wet or damp,Daylight,40.0,Urban,2005.0
200604TA06260,26 - 35,1.0,Urban area,1.0,1598.0,,,Other/Not known (2005-10),Cleared junction or waiting/parked at junction exit,VAUXHALL,ASTRA CLUB TWINPORT S-A,Petrol,Female,,No tow/articulation,Did not leave carriageway,0.0,Slowing or stopping,1.0,Car,No,Did not impact,2006.0,Slight,Fine no high winds,Dry,Daylight,70.0,Rural,2006.0
200801CW11513,36 - 45,5.0,Urban area,4.0,6370.0,,,Journey as part of work,Not at or within 20 metres of junction,MERCEDES,,Heavy oil,Male,,No tow/articulation,Did not leave carriageway,0.0,Parked,1.0,Bus or coach (17 or more pass seats),No,Did not impact,2008.0,Slight,Raining no high winds,Wet or damp,Daylight,30.0,Urban,2008.0
2005230591706,66 - 75,3.0,Urban area,7.0,1840.0,,Central crash barrier,Other/Not known (2005-10),Not at or within 20 metres of junction,MAZDA,MX-5 ARIZONA,Petrol,Male,Skidded,No tow/articulation,Offside on to central reservation,0.0,Going ahead other,1.0,Car,No,Offside,2005.0,Slight,Fine no high winds,Wet or damp,Daylight,70.0,Rural,2005.0
200406Q910659,46 - 55,1.0,Urban area,4.0,1390.0,,,Data missing or out of range,Data missing or out of range,SEAT,LEON S 16V,Petrol,Male,,No tow/articulation,Did not leave carriageway,9.0,Reversing,1.0,109,Data missing or out of range,Back,2004.0,,,,,,,
200436T040138,46 - 55,,Data missing or out of range,,1968.0,,,Data missing or out of range,Data missing or out of range,AUDI,A3 SPORT TDI,Heavy oil,Female,,No tow/articulation,Did not leave carriageway,0.0,Moving off,1.0,109,Data missing or out of range,Front,2004.0,,,,,,,
200601JI40413,46 - 55,5.0,Data missing or out of range,,650.0,Open door of vehicle,,Other/Not known (2005-10),Approaching junction or waiting/parked at junction approach,APRILIA,,Petrol,Male,,No tow/articulation,Did not leave carriageway,0.0,Overtaking - nearside,2.0,Motorcycle over 500cc,No,Front,2006.0,Slight,Fine no high winds,Dry,Daylight,30.0,Urban,2006.0
200601TX20761,36 - 45,9.0,Urban area,5.0,1798.0,,,Other/Not known (2005-10),Approaching junction or waiting/parked at junction approach,VAUXHALL,VECTRA ARCTIC 16V,Petrol,Male,,No tow/articulation,Did not leave carriageway,0.0,Waiting to go - held up,1.0,Car,No,Back,2006.0,Slight,Fine no high winds,Wet or damp,Darkness - lights lit,30.0,Urban,2006.0
2005520051047,16 - 20,8.0,Small town,8.0,1598.0,,,Other/Not known (2005-10),Not at or within 20 metres of junction,VAUXHALL,ASTRA MERIT,Petrol,Male,Skidded,No tow/articulation,Did not leave carriageway,0.0,Going ahead other,2.0,Car,No,Front,2005.0,Slight,Raining no high winds,Wet or damp,Daylight,60.0,Rural,2005.0
2004121280575,26 - 35,2.0,Data missing or out of range,,1668.0,,,Data missing or out of range,Data missing or out of range,HONDA,STREAM SE,Petrol,Female,,No tow/articulation,Did not leave carriageway,0.0,Overtaking - nearside,2.0,109,Data missing or out of range,Front,2004.0,,,,,,,
2007230797051,16 - 20,1.0,Small town,8.0,1124.0,Kerb,Lamp post,Other/Not known (2005-10),Not at or within 20 metres of junction,CITROEN,C2 DESIGN,Petrol,Male,Skidded,No tow/articulation,Nearside and rebounded,0.0,Going ahead other,1.0,Car,No,Front,2007.0,Slight,Fine no high winds,Frost or ice,Darkness - lights lit,30.0,Urban,2007.0
200501XH30469,16 - 20,10.0,Urban area,5.0,1108.0,,,Other/Not known (2005-10),Mid Junction - on roundabout or on main road,FIAT,PUNTO 55 SX,Petrol,Female,,No tow/articulation,Did not leave carriageway,0.0,Going ahead other,2.0,Car,No,Nearside,2005.0,Slight,Fine no high winds,Dry,Daylight,30.0,Urban,2005.0
200601FH10391,26 - 35,,Data missing or out of range,,1686.0,,,Other/Not known (2005-10),Not at or within 20 metres of junction,VAUXHALL,ASTRA CLUB CDTI,Heavy oil,Male,,No tow/articulation,Did not leave carriageway,0.0,Overtaking moving vehicle - offside,2.0,Car,No,Nearside,2006.0,Slight,Fine no high winds,Dry,Daylight,40.0,Urban,2006.0
200745GU09058,21 - 25,8.0,Urban area,5.0,1390.0,,,Commuting to/from work,Approaching junction or waiting/parked at junction approach,RENAULT,MEGANE LIBERTE 1.4E,Petrol,Female,Skidded,No tow/articulation,Did not leave carriageway,0.0,Going ahead other,1.0,Car,No,Front,2007.0,Slight,Raining no high winds,Wet or damp,Daylight,30.0,Urban,2007.0
200463BC11704,66 - 75,6.0,Rural,9.0,1597.0,,,Data missing or out of range,Data missing or out of range,FORD,ESCORT FINESSE 16V,Petrol,Male,,No tow/articulation,Did not leave carriageway,0.0,Going ahead other,2.0,109,Data missing or out of range,Front,2004.0,,,,,,,
200446NK99967,56 - 65,3.0,Urban area,3.0,198.0,,,Data missing or out of range,Data missing or out of range,PIAGGIO,PX 200 E,Petrol,Male,,No tow/articulation,Did not leave carriageway,0.0,Going ahead other,2.0,106,Data missing or out of range,Front,2004.0,,,,,,,
200706L083632,46 - 55,5.0,Urban area,8.0,1896.0,,,Other/Not known (2005-10),Not at or within 20 metres of junction,VOLKSWAGEN,BORA TDI SPORT,Heavy oil,Female,Skidded,No tow/articulation,Did not leave carriageway,0.0,Going ahead other,2.0,Car,No,Front,2007.0,Slight,Fine no high winds,Wet or damp,Darkness - lights lit,40.0,Urban,2007.0
200404D047204,26 - 35,3.0,Small town,9.0,1868.0,,,Data missing or out of range,Data missing or out of range,PEUGEOT,PARTNER 600 LX DIESEL,Heavy oil,Male,Skidded,No tow/articulation,Did not leave carriageway,0.0,Going ahead other,2.0,Van / Goods 3.5 tonnes mgw or under,Data missing or out of range,Front,2004.0,,,,,,,
200432B031704,16 - 20,8.0,Rural,5.0,1905.0,,Entered ditch,Data missing or out of range,Data missing or out of range,PEUGEOT,306 SEDAN SND,Heavy oil,Male,Skidded,No tow/articulation,Offside,0.0,Going ahead right-hand bend,1.0,109,Data missing or out of range,Back,2004.0,,,,,,,
200640B009880,26 - 35,7.0,Urban area,6.0,1994.0,,,Journey as part of work,Not at or within 20 metres of junction,ROVER,220 SD,Heavy oil,Female,Skidded,No tow/articulation,Did not leave carriageway,0.0,Overtaking moving vehicle - offside,1.0,Car,No,Offside,2006.0,Slight,Raining no high winds,Wet or damp,Daylight,60.0,Rural,2006.0
200514A279005,36 - 45,3.0,Urban area,1.0,3920.0,,,Journey as part of work,Approaching junction or waiting/parked at junction approach,IVECO-FORD,,Heavy oil,Male,Skidded,No tow/articulation,Did not leave carriageway,0.0,Turning left,2.0,Goods 7.5 tonnes mgw and over,No,Front,2005.0,Slight,Fine no high winds,Frost or ice,Daylight,30.0,Rural,2005.0
200801VK30178,Data missing or out of range,17.0,Urban area,3.0,2316.0,,,Other/Not known (2005-10),Leaving main road,VOLVO,940 GLE AUTO,Petrol,Male,,No tow/articulation,Did not leave carriageway,0.0,Turning left,2.0,Car,No,Did not impact,2008.0,Slight,Fine no high winds,Dry,Daylight,30.0,Urban,2008.0
200614G113006,26 - 35,,Urban area,,1799.0,,,Commuting to/from work,Not at or within 20 metres of junction,HONDA,CIVIC ES I-VTEC,Petrol,Male,,No tow/articulation,Did not leave carriageway,0.0,Waiting to go - held up,1.0,Car,No,Back,2006.0,Slight,Fine no high winds,Dry,Daylight,70.0,Urban,2006.0
2005530181702,16 - 20,,Urban area,3.0,,,,Other/Not known (2005-10),Mid Junction - on roundabout or on main road,DENNIS,,,Male,,No tow/articulation,Did not leave carriageway,0.0,Slowing or stopping,2.0,Car,No,Did not impact,2005.0,Slight,Fine no high winds,Dry,Daylight,30.0,Urban,2005.0
200620J052201,36 - 45,7.0,Urban area,2.0,2664.0,,,Other/Not known (2005-10),Approaching junction or waiting/parked at junction approach,NISSAN,TERRANO II TDI SE TOURING,Heavy oil,Male,,No tow/articulation,Did not leave carriageway,0.0,Going ahead other,2.0,Car,No,Did not impact,2006.0,Slight,Fine no high winds,Dry,Daylight,30.0,Urban,2006.0
2006120250533,21 - 25,2.0,Data missing or out of range,,1587.0,,,Commuting to/from work,Approaching junction or waiting/parked at junction approach,CITROEN,C2 GT,Petrol,Male,,No tow/articulation,Did not leave carriageway,0.0,Overtaking - nearside,1.0,Car,No,Front,2006.0,Slight,Fine no high winds,Dry,Daylight,60.0,Rural,2006.0
200443P216094,16 - 20,11.0,Small town,5.0,1389.0,,Entered ditch,Data missing or out of range,Data missing or out of range,VAUXHALL,ASTRA LS I,Petrol,Male,,No tow/articulation,Nearside,0.0,Going ahead right-hand bend,1.0,109,Data missing or out of range,Nearside,2004.0,,,,,,,
2005215332889,21 - 25,4.0,Urban area,2.0,1390.0,,,Other/Not known (2005-10),Mid Junction - on roundabout or on main road,RENAULT,CLIO DYNAMIQUE+ 16V,Petrol,Male,,No tow/articulation,Did not leave carriageway,0.0,Going ahead other,2.0,Car,No,Front,2005.0,Slight,Other,Wet or damp,Daylight,40.0,Rural,2005.0
2006440309077,26 - 35,9.0,Urban area,3.0,1686.0,,Tree,Journey as part of work,Not at or within 20 metres of junction,VAUXHALL,ASTRA MERIT 1.7D TURBO,Heavy oil,Male,Skidded,No tow/articulation,Offside and rebounded,0.0,Overtaking moving vehicle - offside,1.0,Car,No,Front,2006.0,Serious,Fine no high winds,Dry,Daylight,60.0,Rural,2006.0
2005160C06940,26 - 35,1.0,Urban area,8.0,1149.0,,,Journey as part of work,Entering roundabout,RENAULT,CLIO DYNAMIQUE 16V,Petrol,Female,,No tow/articulation,Did not leave carriageway,0.0,Slowing or stopping,2.0,Car,No,Back,2005.0,Slight,Fine no high winds,Dry,Daylight,30.0,Rural,2005.0
2005130251405,21 - 25,,Urban area,6.0,,,Other permanent object,Other/Not known (2005-10),Mid Junction - on roundabout or on main road,APRILIA,,,Male,,No tow/articulation,Did not leave carriageway,0.0,Turning right,1.0,Car,No,Front,2005.0,Slight,Fine no high winds,Dry,Daylight,30.0,Urban,2005.0
2004554E03675,16 - 20,4.0,Data missing or out of range,,1796.0,,Other permanent object,Data missing or out of range,Data missing or out of range,VAUXHALL,VECTRA GLS 16V,Petrol,Female,,No tow/articulation,Offside,,Going ahead other,1.0,109,Data missing or out of range,Front,2004.0,,,,,,,
200701FH68251,26 - 35,5.0,Urban area,4.0,1588.0,,,Other/Not known (2005-10),Not at or within 20 metres of junction,ROVER,45 CLUB 16V,Petrol,Male,,No tow/articulation,Did not leave carriageway,0.0,Going ahead other,3.0,Car,No,Offside,2007.0,Slight,Other,Wet or damp,Darkness - lights lit,30.0,Urban,2007.0
2004120250301,46 - 55,2.0,Data missing or out of range,,11705.0,,,Data missing or out of range,Data missing or out of range,SCANIA,,Heavy oil,Male,,Articulated vehicle,Did not leave carriageway,0.0,Going ahead other,3.0,Goods 7.5 tonnes mgw and over,Data missing or out of range,Front,2004.0,,,,,,,
200722CA85838,21 - 25,,Urban area,8.0,,,,Other/Not known (2005-10),Not at or within 20 metres of junction,ERF,,,Male,Skidded,No tow/articulation,Nearside and rebounded,0.0,Going ahead right-hand bend,1.0,Car,No,Front,2007.0,Serious,Fine no high winds,Dry,Daylight,30.0,Rural,2007.0
200401WW01059,Data missing or out of range,11.0,Urban area,6.0,1360.0,,,Data missing or out of range,Data missing or out of range,CITROEN,ZX REFLEX,Petrol,Male,,No tow/articulation,Did not leave carriageway,0.0,Turning right,2.0,109,Data missing or out of range,Nearside,2004.0,,,,,,,
200706K083065,36 - 45,8.0,Urban area,2.0,1995.0,,,Other/Not known (2005-10),Approaching junction or waiting/parked at junction approach,VAUXHALL,VECTRA CD DTI,Heavy oil,Female,,No tow/articulation,Did not leave carriageway,0.0,Waiting to turn right,2.0,Car,No,Back,2007.0,Slight,Fine no high winds,Dry,Daylight,30.0,Urban,2007.0
200804TA08286,56 - 65,1.0,Small town,,10518.0,,,Journey as part of work,Approaching junction or waiting/parked at junction approach,MAN,,Heavy oil,Male,,Articulated vehicle,Did not leave carriageway,0.0,Going ahead other,2.0,Goods 7.5 tonnes mgw and over,No,Nearside,2008.0,Slight,Fine no high winds,Dry,Daylight,70.0,Rural,2008.0
2007100799107,66 - 75,4.0,Urban area,9.0,1796.0,,,Other/Not known (2005-10),Approaching junction or waiting/parked at junction approach,VAUXHALL,VECTRA SXI 16V,Petrol,Male,,No tow/articulation,Did not leave carriageway,0.0,Slowing or stopping,2.0,Car,No,Back,2007.0,Slight,Fine no high winds,Dry,Daylight,30.0,Rural,2007.0
200750F21K291,56 - 65,1.0,Urban area,3.0,1339.0,,,Data missing or out of range,Data missing or out of range,HONDA,JAZZ SE CVT,Petrol,Female,,No tow/articulation,Did not leave carriageway,0.0,Data missing or out of range,1.0,Car,No,Did not impact,2007.0,Slight,Raining + high winds,Wet or damp,Daylight,60.0,Urban,2007.0
2004440HG0501,16 - 20,15.0,Urban area,,124.0,,,Data missing or out of range,Data missing or out of range,HONDA,CG125BR-J,Petrol,Male,Skidded,No tow/articulation,Did not leave carriageway,0.0,Going ahead other,1.0,Motorcycle 125cc and under,Data missing or out of range,Front,2004.0,,,,,,,
200601KF60319,36 - 45,2.0,Urban area,7.0,2800.0,,,Journey as part of work,Approaching junction or waiting/parked at junction approach,IVECO-FORD,,Heavy oil,Male,,Articulated vehicle,Did not leave carriageway,0.0,Reversing,1.0,Goods over 3.5t. and under 7.5t,No,Back,2006.0,Slight,Fine no high winds,Dry,Daylight,30.0,Urban,2006.0