Accident_Index,Age_Band_of_Driver,Age_of_Vehicle,Driver_Home_Area_Type,Driver_IMD_Decile,Engine_Capacity_.CC.,Hit_Object_in_Carriageway,Hit_Object_off_Carriageway,Journey_Purpose_of_Driver,Junction_Location,make,model,Propulsion_Code,Sex_of_Driver,Skidding_and_Overturning,Towing_and_Articulation,Vehicle_Leaving_Carriageway,Vehicle_Location.Restricted_Lane,Vehicle_Manoeuvre,Vehicle_Reference,Vehicle_Type,Was_Vehicle_Left_Hand_Drive,X1st_Point_of_Impact,Year_x,Severity_Label,Weather_Conditions,Road_Surface_Conditions,Light_Conditions,Speed_limit,Urban_or_Rural_Area,Year_y
200406J916734,56 - 65,9.0,Urban area,9.0,1343.0,,,Data missing or out of range,Data missing or out of range,HONDA,CIVIC MARLIN,Petrol,Male,Skidded,No tow/articulation,Did not leave carriageway,0.0,Going ahead other,2.0,109,Data missing or out of range,Front,2004.0,,,,,,,
200554AN47605,36 - 45,1.0,Small town,6.0,1896.0,,,Journey as part of work,Not at or within 20 metres of junction,VOLKSWAGEN,TRANSPORTER T28 104 TDI,Heavy oil,Male,,No tow/articulation,Did not leave carriageway,0.0,Parked,2.0,Van / Goods 3.5 tonnes mgw or under,No,Offside,2005.0,Serious,Raining no high winds,Wet or damp,Daylight,40.0,Rural,2005.0
2007100022907,26 - 35,1.0,Urban area,9.0,1995.0,,,Commuting to/from work,Approaching junction or waiting/parked at junction approach,TOYOTA,COROLLA CLR C'N D-4D,Heavy oil,Female,,No tow/articulation,Did not leave carriageway,0.0,Waiting to go - held up,2.0,Car,No,Back,2007.0,Slight,Fine no high winds,Dry,Daylight,30.0,Rural,2007.0
2005930002094,Data missing or out of range,9.0,Data missing or out of range,,1119.0,,,Other/Not known (2005-10),Approaching junction or waiting/parked at junction approach,FORD,FIESTA CLASSIC QUARTZ,Petrol,Not known,,No tow/articulation,Did not leave carriageway,0.0,Parked,2.0,Car,No,Back,2005.0,Serious,Fine no high winds,Wet or damp,Darkness - lights lit,30.0,Urban,2005.0
200801CW10929,26 - 35,5.0,Urban area,4.0,1870.0,,,Journey as part of work,Cleared junction or waiting/parked at junction exit,NISSAN,PRIMASTAR SE DCI80 SWB,Heavy oil,Male,,No tow/articulation,Did not leave carriageway,0.0,Moving off,1.0,Van / Goods 3.5 tonnes mgw or under,No,Nearside,2008.0,Slight,Fine no high winds,Dry,Daylight,30.0,Urban,2008.0
2004520060658,46 - 55,5.0,Data missing or out of range,,1868.0,,,Data missing or out of range,Data missing or out of range,PEUGEOT,306 LX D,Heavy oil,Male,,No tow/articulation,Did not leave carriageway,0.0,Going ahead other,1.0,109,Data missing or out of range,Back,2004.0,,,,,,,
200601XH30376,21 - 25,8.0,Urban area,6.0,1948.0,,,Other/Not known (2005-10),Approaching junction or waiting/parked at junction approach,VOLVO,S40 2.0I AUTO,Petrol,Male,,No tow/articulation,Did not leave carriageway,0.0,Turning left,2.0,Car,No,Front,2006.0,Slight,Fine no high winds,Wet or damp,Daylight,70.0,Urban,2006.0
2007360044467,Data missing or out of range,3.0,Small town,10.0,2401.0,,,Other/Not known (2005-10),Mid Junction - on roundabout or on main road,VOLVO,XC 90 D5 SE AWD SEMI-AUTO,Heavy oil,Male,,No tow/articulation,Did not leave carriageway,0.0,Reversing,1.0,Car,No,Offside,2007.0,Slight,Raining no high winds,Wet or damp,Daylight,30.0,Rural,2007.0
200604BB06033,26 - 35,1.0,Urban area,2.0,1896.0,,,Other/Not known (2005-10),Mid Junction - on roundabout or on main road,SKODA,FABIA VRS TDI PD 130,Heavy oil,Male,,No tow/articulation,Did not leave carriageway,0.0,Going ahead other,2.0,Car,No,Front,2006.0,Slight,Fine no high winds,Dry,Daylight,60.0,Rural,2006.0
200506P920054,56 - 65,4.0,Urban area,2.0,3920.0,,,Data missing or out of range,Mid Junction - on roundabout or on main road,IVECO-FORD,,Heavy oil,Male,,No tow/articulation,Did not leave carriageway,0.0,Going ahead other,2.0,Goods over 3.5t. and under 7.5t,Data missing or out of range,Front,2005.0,Serious,Fine no high winds,Wet or damp,Darkness - lights lit,30.0,Urban,2005.0
2007120380303,46 - 55,10.0,Urban area,9.0,1598.0,,,Other/Not known (2005-10),Not at or within 20 metres of junction,VAUXHALL,VECTRA ENVOY,Petrol,Male,,No tow/articulation,Did not leave carriageway,0.0,Going ahead other,1.0,Car,No,Nearside,2007.0,Slight,Fine no high winds,Dry,Daylight,30.0,Urban,2007.0
20053102B0909,56 - 65,5.0,Rural,6.0,3199.0,,,Other/Not known (2005-10),Mid Junction - on roundabout or on main road,MERCEDES,SLK 320 AUTO,Petrol,Male,,No tow/articulation,Did not leave carriageway,0.0,Going ahead other,2.0,Car,No,Front,2005.0,Slight,Fine no high winds,Dry,Daylight,60.0,Rural,2005.0
2007030003641,46 - 55,11.0,Small town,8.0,1984.0,,,Other/Not known (2005-10),Mid Junction - on roundabout or on main road,VOLVO,850,Petrol,Male,,No tow/articulation,Did not leave carriageway,0.0,Reversing,1.0,Car,No,Did not impact,2007.0,Slight,Fine no high winds,Wet or damp,Daylight,30.0,Rural,2007.0
200632C008106,66 - 75,12.0,Urban area,4.0,1493.0,,,Other/Not known (2005-10),Leaving main road,HONDA,CONCERTO I,Petrol,Male,,No tow/articulation,Did not leave carriageway,0.0,Turning right,1.0,Car,No,Front,2006.0,Slight,Fine no high winds,Dry,Daylight,30.0,Urban,2006.0
200520E194702,26 - 35,5.0,Urban area,2.0,1900.0,,,Other/Not known (2005-10),Approaching junction or waiting/parked at junction approach,VOLKSWAGEN,GOLF E SDI,Heavy oil,Male,,No tow/articulation,Did not leave carriageway,0.0,Going ahead other,2.0,Car,No,Nearside,2005.0,Slight,Fine no high winds,Dry,Daylight,30.0,Urban,2005.0
200801PL60137,26 - 35,7.0,Urban area,7.0,645.0,,,Other/Not known (2005-10),Not at or within 20 metres of junction,SUZUKI,,Petrol,Male,,No tow/articulation,Did not leave carriageway,0.0,Overtaking moving vehicle - offside,2.0,Motorcycle over 500cc,No,Nearside,2008.0,Slight,Fine no high winds,Dry,Darkness - lights lit,30.0,Urban,2008.0
200801KD73783,Data missing or out of range,12.0,Urban area,4.0,1998.0,,,Other/Not known (2005-10),Leaving main road,SUZUKI,VITARA V6 AUTO,Petrol,Male,,No tow/articulation,Did not leave carriageway,0.0,Going ahead other,2.0,Car,No,Front,2008.0,Slight,Fine no high winds,Dry,Daylight,30.0,Urban,2008.0
200601QK50797,36 - 45,,Urban area,7.0,,,,Other/Not known (2005-10),Mid Junction - on roundabout or on main road,VOLKSWAGEN,GOLF GL AUTO,,Male,,No tow/articulation,Did not leave carriageway,0.0,Going ahead other,1.0,Motorcycle over 500cc,No,Front,2006.0,Slight,Fine no high winds,Dry,Darkness - lights lit,30.0,Urban,2006.0
200414AA01241,26 - 35,17.0,Urban area,8.0,347.0,,,Data missing or out of range,Data missing or out of range,YAMAHA,,Petrol,Female,,No tow/articulation,Did not leave carriageway,0.0,Going ahead other,1.0,106,Data missing or out of range,Front,2004.0,,,,,,,
200801PL60747,26 - 35,9.0,Urban area,2.0,1769.0,Kerb,Lamp post,Other/Not known (2005-10),Cleared junction or waiting/parked at junction exit,NISSAN,PRIMERA S,Petrol,Male,,No tow/articulation,Offside,0.0,Going ahead other,1.0,Car,No,Front,2008.0,Slight,Fine no high winds,Wet or damp,Darkness - lights lit,30.0,Urban,2008.0
200401XS00932,36 - 45,,Urban area,2.0,2402.0,,,Data missing or out of range,Data missing or out of range,FORD,TRANSIT 350 LWB TD,Heavy oil,Male,,No tow/articulation,Did not leave carriageway,0.0,Overtaking moving vehicle - offside,2.0,Van / Goods 3.5 tonnes mgw or under,Data missing or out of range,Nearside,2004.0,,,,,,,
200540D024180,21 - 25,1.0,Urban area,10.0,1149.0,,,Other/Not known (2005-10),Not at or within 20 metres of junction,RENAULT,CLIO DYNAMIQUE 16V,Petrol,Female,,No tow/articulation,Did not leave carriageway,0.0,Going ahead other,3.0,Car,No,Front,2005.0,Slight,Fine no high winds,Dry,Daylight,60.0,Rural,2005.0
2005070503782,46 - 55,13.0,Data missing or out of range,,747.0,,,Journey as part of work,Not at or within 20 metres of junction,HONDA,CB750-F2N,Petrol,Male,,No tow/articulation,Did not leave carriageway,0.0,Going ahead other,2.0,Motorcycle over 500cc,No,Front,2005.0,Serious,Fine no high winds,Dry,Daylight,60.0,Rural,2005.0
2004400D01165,26 - 35,3.0,Urban area,10.0,1997.0,,,Data missing or out of range,Data missing or out of range,ROVER,75 CLASSIC SE AUTO,Petrol,Male,,No tow/articulation,Did not leave carriageway,0.0,Going ahead other,2.0,109,Data missing or out of range,Front,2004.0,,,,,,,
200432C048004,46 - 55,,Data missing or out of range,,,,Lamp post,Data missing or out of range,Data missing or out of range,LEYLAND DAF,200 SERIES DIESEL,,Male,,No tow/articulation,Did not leave carriageway,0.0,Overtaking moving vehicle - offside,1.0,109,Data missing or out of range,Front,2004.0,,,,,,,
200545TA66639,46 - 55,1.0,Urban area,6.0,1783.0,,,Commuting to/from work,Cleared junction or waiting/parked at junction exit,RENAULT,LAGUNA EXPRESSION 16V A,Petrol,Male,,No tow/articulation,Did not leave carriageway,0.0,Going ahead other,1.0,Car,No,Front,2005.0,Slight,Fine no high winds,Dry,Daylight,30.0,Rural,2005.0
2007350380307,Over 75,,Urban area,3.0,,,,Commuting to/from work,Approaching junction or waiting/parked at junction approach,CITROEN,BERLINGO 1.9D 600,,Male,,No tow/articulation,Did not leave carriageway,0.0,Slowing or stopping,3.0,Car,No,Back,2007.0,Serious,Fine no high winds,Dry,Daylight,60.0,Rural,2007.0
200506M033034,46 - 55,9.0,Urban area,3.0,9600.0,,,Journey as part of work,Mid Junction - on roundabout or on main road,VOLVO,,Heavy oil,Male,Skidded,No tow/articulation,Did not leave carriageway,0.0,Going ahead other,2.0,Bus or coach (17 or more pass seats),No,Front,2005.0,Serious,Raining no high winds,Wet or damp,Darkness - lights lit,30.0,Urban,2005.0
200614H132206,46 - 55,,Urban area,6.0,,,Road sign or traffic signal,Journey as part of work,Mid Junction - on roundabout or on main road,MITSUBISHI,L200 ANIMAL DI-D D/C,,Male,,No tow/articulation,Offside on to central reservation,0.0,Moving off,2.0,Car,No,Offside,2006.0,Slight,Raining no high winds,Wet or damp,Daylight,30.0,Urban,2006.0
200506Q030316,36 - 45,4.0,Urban area,7.0,1587.0,,,Other/Not known (2005-10),Mid Junction - on roundabout or on main road,CITROEN,XSARA PICASSO LX 8V,Petrol,Female,,No tow/articulation,Did not leave carriageway,0.0,Going ahead other,2.0,Car,No,Front,2005.0,Slight,Raining no high winds,Wet or damp,Daylight,40.0,Urban,2005.0
200422FC37921,66 - 75,1.0,Urban area,6.0,1995.0,,,Data missing or out of range,Data missing or out of range,VAUXHALL,ASTRA ELEGANCE DTI,Heavy oil,Male,,No tow/articulation,Did not leave carriageway,0.0,Slowing or stopping,2.0,109,Data missing or out of range,Back,2004.0,,,,,,,
200706X085647,26 - 35,1.0,Urban area,1.0,6370.0,,,Journey as part of work,Not at or within 20 metres of junction,MERCEDES,,Heavy oil,Male,,No tow/articulation,Did not leave carriageway,0.0,Changing lane to right,2.0,Goods 7.5 tonnes mgw and over,No,Offside,2007.0,Slight,Fine no high winds,Wet or damp,Daylight,70.0,Urban,2007.0
2004030002149,46 - 55,,Urban area,5.0,,,Other permanent object,Data missing or out of range,Data missing or out of range,FIAT,DUCATO 14 JTD MWB,,Male,Skidded,No tow/articulation,Offside and rebounded,0.0,Turning right,1.0,106,Data missing or out of range,Front,2004.0,,,,,,,
200501QK50063,Data missing or out of range,13.0,Data missing or out of range,,1195.0,,,Other/Not known (2005-10),Mid Junction - on roundabout or on main road,VAUXHALL,NOVA EXPRESSION,Petrol,Male,,No tow/articulation,Did not leave carriageway,0.0,Going ahead other,2.0,Car,No,Front,2005.0,Slight,Fine no high winds,Dry,Daylight,30.0,Urban,2005.0
200701YE80291,56 - 65,10.0,Urban area,6.0,1998.0,,,Other/Not known (2005-10),Not at or within 20 metres of junction,MERCEDES,E200 ELEGANCE A,Petrol,Male,,No tow/articulation,Did not leave carriageway,0.0,Parked,1.0,Car,No,Back,2007.0,Slight,Raining no high winds,Wet or damp,Daylight,30.0,Urban,2007.0
2006160C06950,36 - 45,9.0,Rural,7.0,1796.0,,,Commuting to/from work,Approaching junction or waiting/parked at junction approach,ROVER,200 VI,Petrol,Female,,No tow/articulation,Did not leave carriageway,0.0,Waiting to turn left,1.0,Car,No,Nearside,2006.0,Slight,Fine no high winds,Dry,Daylight,30.0,Urban,2006.0
20044200A0274,Data missing or out of range,10.0,Small town,6.0,1392.0,,,Data missing or out of range,Data missing or out of range,NISSAN,SUNNY SPRAY,Petrol,Male,Skidded,No tow/articulation,Did not leave carriageway,0.0,Going ahead other,1.0,109,Data missing or out of range,Front,2004.0,,,,,,,
200701HT68361,36 - 45,9.0,Urban area,7.0,1396.0,,,Commuting to/from work,Approaching junction or waiting/parked at junction approach,ROVER,214I SE,Petrol,Female,,No tow/articulation,Did not leave carriageway,0.0,Slowing or stopping,2.0,Car,No,Back,2007.0,Slight,Raining no high winds,Wet or damp,Daylight,30.0,Urban,2007.0
2004214125905,36 - 45,10.0,Rural,6.0,1781.0,,,Data missing or out of range,Data missing or out of range,VOLKSWAGEN,VENTO GL,Petrol,Female,,No tow/articulation,Did not leave carriageway,0.0,Going ahead other,1.0,109,Data missing or out of range,Front,2004.0,,,,,,,
2007217014762,21 - 25,,Urban area,3.0,,,,Journey as part of work,Not at or within 20 metres of junction,VOLKSWAGEN,CADDY 69PS SDI,,Male,,No tow/articulation,Did not leave carriageway,0.0,Slowing or stopping,2.0,Car,No,Back,2007.0,Slight,Fine no high winds,Dry,Daylight,30.0,Urban,2007.0
200701XD80586,26 - 35,1.0,Urban area,4.0,1398.0,,,Commuting to/from work,Cleared junction or waiting/parked at junction exit,PEUGEOT,206 VERVE HDI SW,Heavy oil,Female,,No tow/articulation,Did not leave carriageway,0.0,Going ahead other,1.0,Car,No,Nearside,2007.0,Slight,Fine no high winds,Dry,Daylight,30.0,Urban,2007.0
200542D037812,16 - 20,,Small town,9.0,1998.0,,,Other/Not known (2005-10),Leaving main road,RENAULT,CLIO RENAULTSPORT 182 16V,Petrol,Male,Skidded,No tow/articulation,Nearside,0.0,Turning left,1.0,Car,No,Offside,2005.0,Slight,Fine no high winds,Dry,Darkness - no lighting,60.0,Rural,2005.0
200701VW40105,26 - 35,4.0,Urban area,7.0,198.0,,,Other/Not known (2005-10),Mid Junction - on roundabout or on main road,PIAGGIO,VESPA GT 200,Petrol,Male,,No tow/articulation,Nearside,0.0,Going ahead other,1.0,Motorcycle 125cc and under,No,Front,2007.0,Serious,Fine no high winds,Dry,Daylight,30.0,Urban,2007.0
2004350450304,46 - 55,2.0,Urban area,3.0,2188.0,,,Data missing or out of range,Data missing or out of range,RENAULT,MASTER ML35 DCI,Heavy oil,Male,,No tow/articulation,Did not leave carriageway,0.0,Waiting to go - held up,1.0,Van / Goods 3.5 tonnes mgw or under,Data missing or out of range,Back,2004.0,,,,,,,
2004400D01198,26 - 35,4.0,Urban area,8.0,1587.0,,,Data missing or out of range,Data missing or out of range,PEUGEOT,306 LX AUTO,Petrol,Female,,No tow/articulation,Did not leave carriageway,0.0,Waiting to go - held up,2.0,109,Data missing or out of range,Back,2004.0,,,,,,,
20074100C0990,Data missing or out of range,4.0,Urban area,7.0,1896.0,,,Other/Not known (2005-10),Not at or within 20 metres of junction,VOLKSWAGEN,SHARAN CARAT TDI PD,Heavy oil,Male,,No tow/articulation,Did not leave carriageway,0.0,Moving off,1.0,Car,No,Did not impact,2007.0,Slight,Fine no high winds,Dry,Daylight,30.0,Urban,2007.0
2007217028142,Data missing or out of range,,Data missing or out of range,,4500.0,,,Other/Not known (2005-10),Approaching junction or waiting/parked at junction approach,DAF TRUCKS,,Heavy oil,Male,,No tow/articulation,Did not leave carriageway,0.0,Going ahead other,1.0,Van / Goods 3.5 tonnes mgw or under,No,Nearside,2007.0,Slight,Fine no high winds,Dry,Daylight,60.0,Urban,2007.0
2005130964605,46 - 55,1.0,Urban area,4.0,12816.0,,,Journey as part of work,Not at or within 20 metres of junction,MAN,,Heavy oil,Male,,Articulated vehicle,Did not leave carriageway,0.0,Going ahead other,4.0,Goods 7.5 tonnes mgw and over,No,Front,2005.0,Slight,Raining + high winds,Wet or damp,Darkness - no lighting,70.0,Rural,2005.0
200501CW11461,26 - 35,1.0,Urban area,7.0,1796.0,,,Other/Not known (2005-10),Approaching junction or waiting/parked at junction approach,MG,ZT+ 120,Petrol,Male,,No tow/articulation,Did not leave carriageway,0.0,Going ahead other,1.0,Car,No,Nearside,2005.0,Serious,Fine no high winds,Dry,Daylight,30.0,Urban,2005.0
200701XH30618,46 - 55,4.0,Urban area,8.0,124.0,,,Other/Not known (2005-10),Approaching junction or waiting/parked at junction approach,PIAGGIO,VESPA GT 125,Petrol,Male,,No tow/articulation,Did not leave carriageway,0.0,Changing lane to right,1.0,Motorcycle 125cc and under,No,Front,2007.0,Slight,Fine no high winds,Dry,Darkness - lights lit,30.0,Urban,2007.0
2006610050206,46 - 55,1.0,Small town,,1997.0,,,Other/Not known (2005-10),Entering main road,PEUGEOT,307 CC,Petrol,Female,,No tow/articulation,Did not leave carriageway,0.0,Turning right,1.0,Car,No,Offside,2006.0,Slight,Fine no high winds,Dry,Daylight,40.0,Rural,2006.0
200630M010184,21 - 25,6.0,Rural,5.0,1124.0,,,Other/Not known (2005-10),Not at or within 20 metres of junction,PEUGEOT,106 XN ZEST 2,Petrol,Female,Skidded,No tow/articulation,Offside on to central reservation,0.0,Going ahead other,1.0,Car,No,Nearside,2006.0,Slight,Raining no high winds,Wet or damp,Darkness - no lighting,70.0,Rural,2006.0
200522GB37976,16 - 20,7.0,Urban area,1.0,1389.0,,,Commuting to/from work,Approaching junction or waiting/parked at junction approach,VAUXHALL,CORSA BREEZE HI-TORQ,Petrol,Female,Skidded,No tow/articulation,Did not leave carriageway,0.0,Going ahead other,1.0,Car,No,Front,2005.0,Slight,Fine + high winds,Wet or damp,Darkness - lights lit,30.0,Urban,2005.0
2007470704806,16 - 20,12.0,Rural,9.0,1124.0,,,Other/Not known (2005-10),Approaching junction or waiting/parked at junction approach,CITROEN,AX MEMPHIS,Petrol,Male,Skidded,No tow/articulation,Did not leave carriageway,0.0,Going ahead left-hand bend,1.0,Car,No,Front,2007.0,Slight,Fine no high winds,Dry,Daylight,60.0,Rural,2007.0
200663BC15306,66 - 75,,Urban area,5.0,1560.0,,,Other/Not known (2005-10),Leaving main road,CITROEN,C5 DESIGN HDI,Heavy oil,Male,,No tow/articulation,Did not leave carriageway,0.0,Turning right,2.0,Car,No,Nearside,2006.0,Serious,Fine no high winds,Dry,Daylight,30.0,Rural,2006.0
200801QK74639,46 - 55,,Urban area,1.0,7790.0,,,Journey as part of work,Cleared junction or waiting/parked at junction exit,IVECO,,Heavy oil,Male,Skidded,No tow/articulation,Did not leave carriageway,0.0,Going ahead other,1.0,Goods 7.5 tonnes mgw and over,No,Front,2008.0,Serious,Fine no high winds,Dry,Daylight,30.0,Urban,2008.0
2005520087696,26 - 35,6.0,Urban area,8.0,1896.0,,,Other/Not known (2005-10),Not at or within 20 metres of junction,FORD,GALAXY GHIA TD,Heavy oil,Male,,No tow/articulation,Did not leave carriageway,0.0,Going ahead other,2.0,Car,No,Front,2005.0,Slight,Fine no high winds,Dry,Daylight,30.0,Urban,2005.0
2005230596582,46 - 55,,Urban area,5.0,3920.0,,,Journey as part of work,Approaching junction or waiting/parked at junction approach,IVECO,,Heavy oil,Male,,No tow/articulation,Did not leave carriageway,0.0,Reversing,1.0,Goods over 3.5t. and under 7.5t,No,Back,2005.0,Serious,Fine no high winds,Dry,Daylight,60.0,Rural,2005.0
200450D41E624,26 - 35,7.0,Data missing or out of range,,1781.0,,,Data missing or out of range,Data missing or out of range,AUDI,A4 1.8 SE AUTO,Petrol,Male,,No tow/articulation,Did not leave carriageway,0.0,Going ahead right-hand bend,3.0,109,Data missing or out of range,Front,2004.0,,,,,,,
2006556B03103,36 - 45,8.0,Urban area,5.0,1994.0,,,Commuting to/from work,Not at or within 20 metres of junction,SUBARU,FORESTER GLS AUTO,Petrol,Male,,No tow/articulation,Did not leave carriageway,0.0,Going ahead other,1.0,Car,No,Front,2006.0,Slight,Fine no high winds,Dry,Daylight,30.0,Urban,2006.0
2005440510606,16 - 20,4.0,Urban area,8.0,599.0,,,Other/Not known (2005-10),Not at or within 20 metres of junction,HONDA,CB600 HORNET,Petrol,Female,,No tow/articulation,Did not leave carriageway,0.0,Overtaking static vehicle - offside,1.0,Motorcycle over 500cc,No,Front,2005.0,Slight,Fine no high winds,Dry,Daylight,30.0,Urban,2005.0
200720F212801,26 - 35,8.0,Urban area,,1598.0,,,Other/Not known (2005-10),Approaching junction or waiting/parked at junction approach,RENAULT,CLIO SI,Petrol,Male,,No tow/articulation,Did not leave carriageway,0.0,Waiting to turn right,2.0,Car,No,Back,2007.0,Slight,Fine + high winds,Dry,Daylight,30.0,Urban,2007.0
2005130448605,26 - 35,2.0,Urban area,2.0,1398.0,,,Other/Not known (2005-10),Not at or within 20 metres of junction,PEUGEOT,307 S HDI,Heavy oil,Female,,No tow/articulation,Did not leave carriageway,0.0,Going ahead other,1.0,Car,No,Did not impact,2005.0,Slight,Fine no high winds,Dry,Daylight,30.0,Urban,2005.0
200805FF29704,36 - 45,6.0,Data missing or out of range,,1800.0,,,Journey as part of work,Not at or within 20 metres of junction,FORD,,Heavy oil,Male,,No tow/articulation,Did not leave carriageway,0.0,Going ahead other,1.0,Taxi/Private hire car,No,Nearside,2008.0,Slight,Fine no high winds,Dry,Darkness - lights lit,30.0,Urban,2008.0
2007130840207,66 - 75,,Data missing or out of range,,,,,Other/Not known (2005-10),Approaching junction or waiting/parked at junction approach,PEUGEOT,206 LX AUTO,,Female,Skidded and overturned,No tow/articulation,Nearside,0.0,Overtaking moving vehicle - offside,2.0,Motorcycle over 500cc,No,Nearside,2007.0,Serious,Fine no high winds,Dry,Daylight,40.0,Rural,2007.0
2006160C06880,56 - 65,,Urban area,1.0,1360.0,,Tree,Other/Not known (2005-10),Not at or within 20 metres of junction,PEUGEOT,206 VERVE SW,Petrol,Female,Skidded,No tow/articulation,Offside,0.0,Going ahead other,1.0,Car,No,Front,2006.0,Slight,Fine no high winds,Wet or damp,Daylight,60.0,Rural,2006.0
2005460108883,36 - 45,,Urban area,7.0,1261.0,,,Journey as part of work,Cleared junction or waiting/parked at junction exit,HONDA,ST 1300 A-4,Petrol,Male,,No tow/articulation,Did not leave carriageway,0.0,Slowing or stopping,2.0,Motorcycle over 500cc,No,Nearside,2005.0,Slight,Fine no high winds,Dry,Daylight,30.0,Urban,2005.0
200642H011703,46 - 55,13.0,Urban area,1.0,2495.0,,,Journey as part of work,Cleared junction or waiting/parked at junction exit,VAUXHALL,CAVALIER CESARO,Petrol,Female,,No tow/articulation,Did not leave carriageway,0.0,Waiting to go - held up,2.0,Car,No,Back,2006.0,Slight,Fine + high winds,Dry,Daylight,30.0,Urban,2006.0
200743R169017,46 - 55,2.0,Urban area,7.0,1998.0,,,Other/Not known (2005-10),Entering roundabout,FORD,MONDEO ZETEC TDCI 130,Heavy oil,Male,,No tow/articulation,Did not leave carriageway,0.0,Slowing or stopping,2.0,Car,No,Back,2007.0,Slight,Raining no high winds,Wet or damp,Darkness - lights lit,60.0,Rural,2007.0
2005130722705,26 - 35,1.0,Urban area,2.0,1229.0,,,Other/Not known (2005-10),Mid Junction - on roundabout or on main road,VAUXHALL,CORSA SXI TWINPORT,Petrol,Female,,No tow/articulation,Did not leave carriageway,0.0,Turning right,1.0,Car,No,Offside,2005.0,Slight,Fine no high winds,Dry,Darkness - lights lit,30.0,Urban,2005.0
200430A000235,46 - 55,7.0,Urban area,4.0,1498.0,,,Data missing or out of range,Data missing or out of range,KIA,MENTOR GLX,Petrol,Male,,No tow/articulation,Did not leave carriageway,0.0,Waiting to go - held up,1.0,109,Data missing or out of range,Back,2004.0,,,,,,,
2005920501208,16 - 20,10.0,Urban area,,954.0,,,Other/Not known (2005-10),Approaching junction or waiting/parked at junction approach,CITROEN,AX DIMENSION,Petrol,Female,Skidded,No tow/articulation,Did not leave carriageway,0.0,Going ahead left-hand bend,1.0,Car,No,Front,2005.0,Slight,Raining + high winds,Wet or damp,Daylight,30.0,Urban,2005.0
200711DC15020,36 - 45,5.0,Small town,7.0,5883.0,,,Journey as part of work,Not at or within 20 metres of junction,DENNIS,,Heavy oil,Male,,No tow/articulation,Did not leave carriageway,0.0,Parked,2.0,Other vehicle,No,Did not impact,2007.0,Serious,Raining no high winds,Wet or damp,Daylight,30.0,Rural,2007.0
200630A000271,56 - 65,6.0,Urban area,8.0,1998.0,,,Journey as part of work,Entering main road,NISSAN,PRIMERA SE PLUS,Petrol,Female,,No tow/articulation,Did not leave carriageway,0.0,Turning right,1.0,Car,No,Offside,2006.0,Slight,Fine no high winds,Wet or damp,Daylight,60.0,Rural,2006.0
2006940600736,26 - 35,11.0,Data missing or out of range,,749.0,Bollard or refuge,,Other/Not known (2005-10),Cleared junction or waiting/parked at junction exit,YAMAHA,,Petrol,Male,,No tow/articulation,Did not leave carriageway,0.0,Going ahead other,1.0,Motorcycle over 125cc and up to 500cc,No,Did not impact,2006.0,Serious,Fine no high winds,Dry,Daylight,30.0,Rural,2006.0
200420H072502,36 - 45,3.0,Urban area,2.0,1995.0,,,Data missing or out of range,Data missing or out of range,VAUXHALL,VECTRA LS DTI,Heavy oil,Female,Skidded,No tow/articulation,Did not leave carriageway,0.0,Going ahead other,1.0,109,Data missing or out of range,Front,2004.0,,,,,,,
200447K175232,46 - 55,8.0,Data missing or out of range,,8300.0,,,Data missing or out of range,Data missing or out of range,DENNIS,,Heavy oil,Male,,No tow/articulation,Did not leave carriageway,0.0,Going ahead other,1.0,Bus or coach (17 or more pass seats),Data missing or out of range,Did not impact,2004.0,,,,,,,
2004440SP0334,26 - 35,6.0,Urban area,1.0,124.0,,,Data missing or out of range,Data missing or out of range,HONDA,,Petrol,Male,,No tow/articulation,Did not leave carriageway,0.0,Going ahead other,2.0,Motorcycle 125cc and under,Data missing or out of range,Did not impact,2004.0,,,,,,,
200701MM70089,36 - 45,1.0,Urban area,2.0,1910.0,,,Other/Not known (2005-10),Mid Junction - on roundabout or on main road,FIAT,DOBLO DYNAMIC M-JET,Heavy oil,Male,,No tow/articulation,Did not leave carriageway,0.0,Going ahead other,3.0,Car,No,Front,2007.0,Slight,Fine no high winds,Dry,Daylight,30.0,Urban,2007.0
200642I428910,66 - 75,11.0,Data missing or out of range,,2498.0,,,Commuting to/from work,Leaving main road,VAUXHALL,OMEGA 2.5 V6 CDX AUTO,Petrol,Male,,No tow/articulation,Did not leave carriageway,0.0,Going ahead other,2.0,Car,No,Offside,2006.0,Slight,Fine no high winds,Wet or damp,Daylight,40.0,Rural,2006.0
2007160B01930,16 - 20,5.0,Data missing or out of range,,1108.0,,Entered ditch,Other/Not known (2005-10),Not at or within 20 metres of junction,FIAT,SEICENTO SX,Petrol,Female,Skidded,No tow/articulation,Nearside,0.0,Going ahead other,1.0,Car,No,Nearside,2007.0,Slight,Fine + high winds,Dry,Darkness - no lighting,60.0,Rural,2007.0