Accident_Index,Age_Band_of_Driver,Age_of_Vehicle,Driver_Home_Area_Type,Driver_IMD_Decile,Engine_Capacity_.CC.,Hit_Object_in_Carriageway,Hit_Object_off_Carriageway,Journey_Purpose_of_Driver,Junction_Location,make,model,Propulsion_Code,Sex_of_Driver,Skidding_and_Overturning,Towing_and_Articulation,Vehicle_Leaving_Carriageway,Vehicle_Location.Restricted_Lane,Vehicle_Manoeuvre,Vehicle_Reference,Vehicle_Type,Was_Vehicle_Left_Hand_Drive,X1st_Point_of_Impact,Year_x,Severity_Label,Weather_Conditions,Road_Surface_Conditions,Light_Conditions,Speed_limit,Urban_or_Rural_Area,Year_y
200750B62F455,36 - 45,7.0,Small town,,1581.0,,,Data missing or out of range,Approaching junction or waiting/parked at junction approach,FIAT,MAREA 100 SX,Petrol,Female,,No tow/articulation,Did not leave carriageway,0.0,Going ahead other,1.0,Car,No,Front,2007.0,Slight,Fine no high winds,Wet or damp,Daylight,30.0,Rural,2007.0
2006330609048,36 - 45,8.0,Urban area,6.0,1242.0,,,Journey as part of work,Entering main road,FORD,FIESTA FUSION,Petrol,Female,,No tow/articulation,Did not leave carriageway,0.0,Turning left,1.0,Car,No,Front,2006.0,Slight,Raining no high winds,Wet or damp,Daylight,60.0,Rural,2006.0
200401SX00793,36 - 45,3.0,Urban area,4.0,1398.0,,,Data missing or out of range,Data missing or out of range,TOYOTA,COROLLA VVTI S,Petrol,Male,,No tow/articulation,Did not leave carriageway,0.0,Going ahead other,1.0,109,Data missing or out of range,Data missing or out of range,2004.0,,,,,,,
200401KO00705,46 - 55,,Urban area,7.0,,,,Data missing or out of range,Data missing or out of range,VOLVO,,,Male,,No tow/articulation,Did not leave carriageway,0.0,Turning left,1.0,109,Data missing or out of range,Nearside,2004.0,,,,,,,
200601QA10193,26 - 35,4.0,Urban area,4.0,124.0,,,Other/Not known (2005-10),Mid Junction - on roundabout or on main road,SUZUKI,GZ 125 K2,Petrol,Male,,No tow/articulation,Did not leave carriageway,0.0,Going ahead other,2.0,Motorcycle 125cc and under,No,Front,2006.0,Slight,Fine no high winds,Dry,Daylight,30.0,Urban,2006.0
200506N029159,56 - 65,8.0,Data missing or out of range,,1799.0,,,Other/Not known (2005-10),Not at or within 20 metres of junction,MERCEDES,C180 ESPRIT,Petrol,Male,,No tow/articulation,Did not leave carriageway,0.0,Going ahead other,3.0,Car,No,Front,2005.0,Serious,Fine no high winds,Dry,Daylight,30.0,Urban,2005.0
200520G082401,46 - 55,9.0,Urban area,1.0,1396.0,,Road sign or traffic signal,Other/Not known (2005-10),Not at or within 20 metres of junction,ROVER,114 SLI AUTO,Petrol,Male,Skidded,No tow/articulation,Nearside,0.0,Going ahead other,2.0,Car,No,Offside,2005.0,Slight,Fine no high winds,Wet or damp,Darkness - lights lit,40.0,Urban,2005.0
200563DP24805,36 - 45,6.0,Small town,,599.0,,,Other/Not known (2005-10),Approaching junction or waiting/parked at junction approach,SUZUKI,,Petrol,Male,,No tow/articulation,Did not leave carriageway,0.0,Overtaking static vehicle - offside,1.0,Motorcycle over 500cc,No,Front,2005.0,Slight,Fine no high winds,Dry,Daylight,60.0,Rural,2005.0
2004330402939,Data missing or out of range,,Data missing or out of range,,,,,Data missing or out of range,Data missing or out of range,APRILIA,,,Not known,,No tow/articulation,Did not leave carriageway,0.0,Going ahead other,2.0,Motorcycle 125cc and under,Data missing or out of range,Front,2004.0,,,,,,,
200745EL99277,36 - 45,,Urban area,3.0,,,Near/Offside crash barrier,Journey as part of work,Not at or within 20 metres of junction,RENAULT,CLIO VAN SL15 DCI 65,,Male,Skidded,No tow/articulation,Nearside and rebounded,0.0,Going ahead other,1.0,Car,No,Offside,2007.0,Slight,Raining no high winds,Wet or damp,Darkness - lights lit,70.0,Rural,2007.0
200601TX20591,66 - 75,7.0,Data missing or out of range,,1199.0,,,Other/Not known (2005-10),Entering main road,VAUXHALL,CORSA ENVOY 16V AUTO,Petrol,Male,,No tow/articulation,Did not leave carriageway,0.0,Turning left,2.0,Car,No,Nearside,2006.0,Slight,Fine no high winds,Wet or damp,Daylight,30.0,Urban,2006.0
20073102A2660,21 - 25,7.0,Urban area,5.0,49.0,,,Other/Not known (2005-10),Entering main road,PONTIAC,,Petrol,Male,,No tow/articulation,Did not leave carriageway,0.0,Turning right,1.0,Motorcycle 50cc and under,No,Front,2007.0,Slight,Fine no high winds,Dry,Darkness - lights lit,30.0,Urban,2007.0
2007130078707,26 - 35,,Small town,8.0,,,,Other/Not known (2005-10),Not at or within 20 metres of junction,FORD,TRANSIT 150 POP D LWB,,Female,,No tow/articulation,Did not leave carriageway,0.0,Going ahead other,1.0,Car,No,Front,2007.0,Slight,Fine no high winds,Wet or damp,Darkness - lights lit,40.0,Urban,2007.0
2006470603180,21 - 25,7.0,Urban area,1.0,,,,Journey as part of work,Not at or within 20 metres of junction,DENNIS,,Heavy oil,Male,,No tow/articulation,Did not leave carriageway,0.0,Slowing or stopping,1.0,Bus or coach (17 or more pass seats),No,Did not impact,2006.0,Slight,Fine no high winds,Dry,Daylight,30.0,Urban,2006.0
20063102A2934,36 - 45,1.0,Small town,5.0,1870.0,,,Other/Not known (2005-10),Mid Junction - on roundabout or on main road,RENAULT,LL29 DCI 100,Heavy oil,Male,,No tow/articulation,Did not leave carriageway,0.0,Going ahead other,2.0,Van / Goods 3.5 tonnes mgw or under,No,Front,2006.0,Serious,Fine no high winds,Dry,Daylight,30.0,Urban,2006.0
2007130851807,56 - 65,4.0,Urban area,5.0,1587.0,,,Commuting to/from work,Leaving main road,PEUGEOT,206 ALLURE,Petrol,Male,,No tow/articulation,Did not leave carriageway,0.0,Turning right,1.0,Car,No,Front,2007.0,Serious,Fine no high winds,Dry,Daylight,40.0,Urban,2007.0
200401PL60634,36 - 45,7.0,Urban area,9.0,1998.0,,,Data missing or out of range,Data missing or out of range,MERCEDES,C200 ESPRIT,Petrol,Male,,No tow/articulation,Did not leave carriageway,0.0,Going ahead other,1.0,109,Data missing or out of range,Front,2004.0,,,,,,,
200504CA05050,26 - 35,9.0,Urban area,3.0,1581.0,,,Other/Not known (2005-10),Cleared junction or waiting/parked at junction exit,FIAT,BRAVA 1.6 ELX,Petrol,Male,,No tow/articulation,Did not leave carriageway,0.0,Going ahead other,2.0,Car,No,Front,2005.0,Slight,Fine no high winds,Dry,Daylight,30.0,Urban,2005.0
200801CW11692,Data missing or out of range,2.0,Data missing or out of range,,1598.0,,,Other/Not known (2005-10),Approaching junction or waiting/parked at junction approach,MINI,MINI ONE CVT,Petrol,Male,,No tow/articulation,Did not leave carriageway,0.0,Parked,2.0,Car,No,Front,2008.0,Serious,Fine no high winds,Dry,Daylight,30.0,Urban,2008.0
2007950007577,36 - 45,6.0,Urban area,,1587.0,,,Other/Not known (2005-10),Not at or within 20 metres of junction,CITROEN,XSARA PICASSO LX 8V,Petrol,Female,,No tow/articulation,Did not leave carriageway,0.0,Slowing or stopping,1.0,Car,No,Front,2007.0,Slight,Fine no high winds,Dry,Daylight,30.0,Urban,2007.0
200691NN36616,21 - 25,10.0,Urban area,,1800.0,,,Other/Not known (2005-10),Not at or within 20 metres of junction,VOLVO,440 LE,Petrol,Male,Skidded,No tow/articulation,Did not leave carriageway,0.0,Going ahead other,1.0,Car,No,Front,2006.0,Slight,Raining no high winds,Wet or damp,Darkness - lights lit,30.0,Urban,2006.0
200642C030506,46 - 55,6.0,Small town,8.0,1998.0,,,Other/Not known (2005-10),Mid Junction - on roundabout or on main road,FORD,MONDEO GHIA TDDI,Heavy oil,Male,,No tow/articulation,Did not leave carriageway,0.0,Going ahead other,1.0,Car,No,Front,2006.0,Slight,Fine no high winds,Dry,Daylight,60.0,Rural,2006.0
2004440WH0255,Data missing or out of range,3.0,Data missing or out of range,,1998.0,,,Data missing or out of range,Data missing or out of range,DAEWOO,LEGANZA SX,Petrol,Not known,,No tow/articulation,Did not leave carriageway,0.0,Parked,2.0,109,Data missing or out of range,Nearside,2004.0,,,,,,,
2005440764014,26 - 35,7.0,Urban area,3.0,1396.0,,,Other/Not known (2005-10),Not at or within 20 metres of junction,ROVER,214S,Petrol,Female,,No tow/articulation,Offside on to central reservation,0.0,Going ahead other,1.0,Car,No,Front,2005.0,Slight,Raining no high winds,Wet or damp,Darkness - no lighting,70.0,Rural,2005.0
20064100B0211,16 - 20,1.0,Urban area,5.0,49.0,,,Commuting to/from work,Approaching junction or waiting/parked at junction approach,YAMAHA,WHY (YH50),Petrol,Female,Skidded,No tow/articulation,Did not leave carriageway,0.0,Going ahead left-hand bend,1.0,Motorcycle 50cc and under,No,Front,2006.0,Slight,Raining no high winds,Wet or damp,Daylight,30.0,Urban,2006.0
200620M071501,16 - 20,12.0,Urban area,7.0,1120.0,,,Other/Not known (2005-10),Approaching junction or waiting/parked at junction approach,ROVER,METRO RIO GRANDE,Petrol,Female,Skidded,No tow/articulation,Did not leave carriageway,0.0,Waiting to go - held up,2.0,Car,No,Back,2006.0,Slight,Raining no high winds,Wet or damp,Daylight,30.0,Urban,2006.0
200401XH00684,26 - 35,3.0,Urban area,5.0,1998.0,,,Data missing or out of range,Data missing or out of range,RENAULT,RENAULTSPORT CLIO 16V,Petrol,Male,,No tow/articulation,Did not leave carriageway,0.0,Going ahead other,1.0,109,Data missing or out of range,Offside,2004.0,,,,,,,
200754DN51807,56 - 65,1.0,Urban area,7.0,1386.0,,,Other/Not known (2005-10),Entering roundabout,NISSAN,NOTE SE,Petrol,Female,,No tow/articulation,Did not leave carriageway,0.0,Going ahead other,1.0,Car,No,Front,2007.0,Slight,Raining no high winds,Wet or damp,Darkness - lights lit,30.0,Urban,2007.0
200705CC17443,46 - 55,,Urban area,4.0,1910.0,,,Journey as part of work,Not at or within 20 metres of junction,VAUXHALL,ASTRA SRI+CDTI 150,Heavy oil,Male,,No tow/articulation,Did not leave carriageway,0.0,Going ahead other,2.0,Car,No,Offside,2007.0,Slight,Fine no high winds,Dry,Daylight,70.0,Rural,2007.0
2004350417404,36 - 45,,Urban area,3.0,,,Other permanent object,Data missing or out of range,Data missing or out of range,RENAULT,GRAND ESPACE EXPRESSION DCI,,Female,,No tow/articulation,Offside,0.0,Going ahead other,2.0,108,Data missing or out of range,Front,2004.0,,,,,,,
2006460124841,46 - 55,,Rural,6.0,,,,Other/Not known (2005-10),Mid Junction - on roundabout or on main road,HONDA,,,Female,Skidded,No tow/articulation,Did not leave carriageway,0.0,Going ahead other,2.0,Car,No,Front,2006.0,Serious,Fine no high winds,Dry,Daylight,70.0,Rural,2006.0
200743N285047,36 - 45,5.0,Urban area,6.0,3950.0,,Central crash barrier,Other/Not known (2005-10),Not at or within 20 metres of junction,LAND ROVER,DISCOVERY V8I ES AUTO,Petrol,Male,Skidded,No tow/articulation,Offside on to central reservation,0.0,Going ahead other,1.0,Car,No,Front,2007.0,Slight,Fine no high winds,Dry,Darkness - lights lit,70.0,Rural,2007.0
200450F41I821,36 - 45,,Data missing or out of range,,8268.0,,,Data missing or out of range,Data missing or out of range,TRANSBUS INT,,Heavy oil,Male,,No tow/articulation,Did not leave carriageway,0.0,Going ahead other,1.0,Bus or coach (17 or more pass seats),Data missing or out of range,Front,2004.0,,,,,,,
2007170S22527,46 - 55,9.0,Data missing or out of range,,1700.0,,,Commuting to/from work,Approaching junction or waiting/parked at junction approach,VAUXHALL,ASTRA MERIT 1.7D TURBO,Heavy oil,Male,,No tow/articulation,Did not leave carriageway,0.0,Slowing or stopping,2.0,Car,No,Back,2007.0,Slight,Fine no high winds,Dry,Daylight,60.0,Rural,2007.0
200730C000136,26 - 35,11.0,Urban area,2.0,1988.0,,,Other/Not known (2005-10),Mid Junction - on roundabout or on main road,FORD,MONDEO GHIA X AUTO,Petrol,Male,,No tow/articulation,Did not leave carriageway,0.0,Going ahead other,2.0,Car,No,Front,2007.0,Slight,Raining no high winds,Wet or damp,Daylight,30.0,Urban,2007.0
200697GB70112,26 - 35,11.0,Small town,,1590.0,,,Other/Not known (2005-10),Not at or within 20 metres of junction,HONDA,CIVIC VTEC 1.6I SR,Petrol,Male,,No tow/articulation,Did not leave carriageway,0.0,Waiting to go - held up,3.0,Car,No,Back,2006.0,Slight,Fine no high winds,Dry,Daylight,50.0,Urban,2006.0
2007070417899,26 - 35,,Data missing or out of range,,1497.0,,,Commuting to/from work,Not at or within 20 metres of junction,TOYOTA,PRIUS T3 VVT-I AUTO,Hybrid electric,Male,,No tow/articulation,Did not leave carriageway,0.0,Slowing or stopping,1.0,Car,No,Back,2007.0,Slight,Fine no high winds,Dry,Darkness - no lighting,70.0,Rural,2007.0
2008070195598,56 - 65,2.0,Data missing or out of range,,11946.0,,,Journey as part of work,Not at or within 20 metres of junction,MERCEDES,,Heavy oil,Male,Skidded,Articulated vehicle,Did not leave carriageway,0.0,Going ahead other,2.0,Goods 7.5 tonnes mgw and over,No,Offside,2008.0,Serious,Fine no high winds,Dry,Daylight,70.0,Rural,2008.0
200420K059402,36 - 45,6.0,Urban area,2.0,1396.0,,,Data missing or out of range,Data missing or out of range,ROVER,114 SLI,Petrol,Female,,No tow/articulation,Did not leave carriageway,0.0,Waiting to go - held up,2.0,109,Data missing or out of range,Back,2004.0,,,,,,,
2005460019701,26 - 35,5.0,Urban area,9.0,1686.0,,,Other/Not known (2005-10),Not at or within 20 metres of junction,VAUXHALL,ASTRA LS DTI,Heavy oil,Male,Skidded,No tow/articulation,Did not leave carriageway,0.0,Going ahead other,2.0,Car,No,Offside,2005.0,Slight,Other,Frost or ice,Daylight,30.0,Urban,2005.0
200505ET01571,36 - 45,,Urban area,2.0,,,,Other/Not known (2005-10),Not at or within 20 metres of junction,HONDA,CBR600F-J,,Male,,No tow/articulation,Did not leave carriageway,0.0,Going ahead other,1.0,Car,No,Front,2005.0,Serious,Fine no high winds,Dry,Daylight,30.0,Urban,2005.0
200730C000209,46 - 55,16.0,Urban area,3.0,1500.0,,,Other/Not known (2005-10),Not at or within 20 metres of junction,HONDA,,Petrol,Male,Overturned,No tow/articulation,Did not leave carriageway,0.0,Overtaking static vehicle - offside,2.0,Motorcycle over 500cc,No,Front,2007.0,Slight,Fine no high winds,Dry,Daylight,30.0,Urban,2007.0
200720E102303,36 - 45,10.0,Urban area,,2164.0,,,Other/Not known (2005-10),Leaving main road,TOYOTA,CAMRY 2.2I,Petrol,Female,,No tow/articulation,Did not leave carriageway,0.0,Turning right,1.0,Car,No,Nearside,2007.0,Serious,Fine no high winds,Dry,Daylight,30.0,Urban,2007.0
2005131133805,Over 75,11.0,Urban area,,1275.0,,,Other/Not known (2005-10),Mid Junction - on roundabout or on main road,NISSAN,MICRA SLX AUTO,Petrol,Female,,No tow/articulation,Did not leave carriageway,0.0,Going ahead other,2.0,Car,No,Front,2005.0,Slight,Fine no high winds,Wet or damp,Daylight,30.0,Urban,2005.0
200406K907777,26 - 35,7.0,Urban area,8.0,1149.0,,,Data missing or out of range,Data missing or out of range,RENAULT,CLIO RL PANACHE 1.2,Petrol,Female,,No tow/articulation,Did not leave carriageway,0.0,Turning right,2.0,109,Data missing or out of range,Front,2004.0,,,,,,,
2005930003784,26 - 35,5.0,Urban area,,1796.0,,,Other/Not known (2005-10),Mid Junction - on roundabout or on main road,FORD,MONDEO VERONA,Petrol,Male,,No tow/articulation,Did not leave carriageway,0.0,Turning right,1.0,Car,No,Front,2005.0,Slight,Fine no high winds,Dry,Daylight,30.0,Urban,2005.0
200443N258034,Over 75,1.0,Data missing or out of range,,1240.0,,,Data missing or out of range,Data missing or out of range,NISSAN,MICRA S AUTO,Petrol,Male,,No tow/articulation,Did not leave carriageway,0.0,Turning right,1.0,109,Data missing or out of range,Front,2004.0,,,,,,,
2006470604568,56 - 65,,Urban area,8.0,1598.0,Parked vehicle,,Other/Not known (2005-10),Not at or within 20 metres of junction,MAZDA,3 TS2,Petrol,Male,,No tow/articulation,Did not leave carriageway,0.0,Going ahead other,3.0,Car,No,Front,2006.0,Serious,Fine no high winds,Dry,Daylight,30.0,Urban,2006.0
2006470607533,26 - 35,,Urban area,4.0,6871.0,,,Other/Not known (2005-10),Entering roundabout,MAN,,Heavy oil,Male,,No tow/articulation,Did not leave carriageway,0.0,Going ahead other,2.0,Bus or coach (17 or more pass seats),No,Did not impact,2006.0,Slight,Fine no high winds,Dry,Darkness - lights lit,30.0,Urban,2006.0
20073102C3421,16 - 20,,Data missing or out of range,,125.0,,,Commuting to/from work,Leaving roundabout,HONDA,XL 125 V-7,Petrol,Male,Skidded,No tow/articulation,Did not leave carriageway,0.0,Turning left,1.0,Motorcycle 125cc and under,No,Offside,2007.0,Slight,Fine no high winds,Wet or damp,Daylight,30.0,Urban,2007.0
2007460136969,Data missing or out of range,6.0,Data missing or out of range,,1397.0,,,Other/Not known (2005-10),Not at or within 20 metres of junction,SKODA,FABIA COMFORT 8V,Petrol,Male,,No tow/articulation,Did not leave carriageway,0.0,Parked,1.0,Car,No,Did not impact,2007.0,Slight,Fine no high winds,Dry,Darkness - lighting unknown,30.0,Urban,2007.0
2005350323505,46 - 55,8.0,Rural,5.0,1998.0,,,Other/Not known (2005-10),Cleared junction or waiting/parked at junction exit,VAUXHALL,FRONTERA SPORT NIAGARA,Petrol,Male,,No tow/articulation,Did not leave carriageway,0.0,Going ahead other,2.0,Car,No,Back,2005.0,Slight,Raining no high winds,Wet or damp,Daylight,30.0,Urban,2005.0
200701KG64927,16 - 20,7.0,Urban area,2.0,124.0,,,Other/Not known (2005-10),Approaching junction or waiting/parked at junction approach,GILERA,COGUAR,Petrol,Male,,No tow/articulation,Did not leave carriageway,0.0,Turning left,1.0,Motorcycle 125cc and under,No,Front,2007.0,Slight,Raining no high winds,Wet or damp,Daylight,30.0,Urban,2007.0
2007350322607,56 - 65,3.0,Rural,7.0,3600.0,,,Journey as part of work,Entering main road,PORSCHE,911 CARRERA 4S,Petrol,Male,,No tow/articulation,Did not leave carriageway,0.0,Moving off,1.0,Car,No,Offside,2007.0,Slight,Fine no high winds,Dry,Daylight,60.0,Rural,2007.0
200650E21D472,21 - 25,3.0,Small town,6.0,1149.0,,,Data missing or out of range,Approaching junction or waiting/parked at junction approach,RENAULT,CLIO DYNAM BILLABONG 16V,Petrol,Male,Skidded,No tow/articulation,Did not leave carriageway,0.0,Moving off,1.0,Car,Data missing or out of range,Nearside,2006.0,Serious,Fine no high winds,Dry,Daylight,30.0,Rural,2006.0
2005530181749,26 - 35,,Urban area,5.0,,,,Other/Not known (2005-10),Mid Junction - on roundabout or on main road,VAUXHALL,COMBO 1700 DI,,Male,Skidded,No tow/articulation,Did not leave carriageway,0.0,Going ahead other,2.0,Car,No,Front,2005.0,Slight,Fine no high winds,Dry,Daylight,30.0,Urban,2005.0
200543P214125,26 - 35,3.0,Rural,7.0,1396.0,,,Other/Not known (2005-10),Not at or within 20 metres of junction,ROVER,25 IMPRESSION S2,Petrol,Male,,No tow/articulation,Did not leave carriageway,0.0,Slowing or stopping,2.0,Car,No,Back,2005.0,Slight,Fine no high winds,Dry,Darkness - no lighting,60.0,Urban,2005.0
2005215328594,36 - 45,3.0,Urban area,2.0,1998.0,,,Other/Not known (2005-10),Not at or within 20 metres of junction,FORD,MONDEO LX TDDI,Heavy oil,Male,,No tow/articulation,Did not leave carriageway,0.0,Waiting to go - held up,3.0,Taxi/Private hire car,No,Back,2005.0,Slight,Fine no high winds,Dry,Daylight,30.0,Urban,2005.0
200720F100701,21 - 25,5.0,Urban area,9.0,1461.0,,,Other/Not known (2005-10),Leaving main road,RENAULT,CLIO EXPRESSION DCI 65,Heavy oil,Female,,No tow/articulation,Did not leave carriageway,0.0,Turning left,1.0,Car,No,Nearside,2007.0,Slight,Raining no high winds,Wet or damp,Daylight,30.0,Urban,2007.0
200801BS70654,56 - 65,7.0,Urban area,6.0,2435.0,,,Other/Not known (2005-10),Not at or within 20 metres of junction,VOLVO,V70 T AUTO,Petrol,Female,,No tow/articulation,Did not leave carriageway,0.0,Going ahead other,1.0,Car,No,Nearside,2008.0,Slight,Raining no high winds,Wet or damp,Daylight,30.0,Urban,2008.0
2004120860764,36 - 45,5.0,Data missing or out of range,,1700.0,,,Data missing or out of range,Data missing or out of range,VAUXHALL,ASTRA LS TD,Heavy oil,Male,Skidded,No tow/articulation,Did not leave carriageway,0.0,Going ahead other,1.0,109,Data missing or out of range,Front,2004.0,,,,,,,
200505CH00738,36 - 45,4.0,Urban area,3.0,998.0,,,Taking pupil to/from school,Approaching junction or waiting/parked at junction approach,NISSAN,MICRA ACTIV,Petrol,Male,,No tow/articulation,Did not leave carriageway,0.0,Parked,2.0,Car,No,Offside,2005.0,Slight,Fine no high winds,Dry,Daylight,30.0,Urban,2005.0
2006620157990,36 - 45,,Small town,,999.0,,,Other/Not known (2005-10),Approaching junction or waiting/parked at junction approach,SUZUKI,GSXR 1000 K6,Petrol,Male,,No tow/articulation,Did not leave carriageway,0.0,Going ahead other,2.0,Motorcycle over 500cc,No,Front,2006.0,Slight,Fine no high winds,Dry,Daylight,30.0,Rural,2006.0
200401PY20188,16 - 20,4.0,Urban area,1.0,1396.0,,,Data missing or out of range,Data missing or out of range,ROVER,25 I 16V,Petrol,Male,,No tow/articulation,Did not leave carriageway,0.0,Going ahead other,1.0,109,Data missing or out of range,Front,2004.0,,,,,,,
2006556B02901,21 - 25,1.0,Urban area,6.0,698.0,,,Other/Not known (2005-10),Approaching junction or waiting/parked at junction approach,SMART,ROADSTER 80 AUTO(RHD),Petrol,Female,,No tow/articulation,Did not leave carriageway,0.0,Overtaking moving vehicle - offside,1.0,Car,No,Front,2006.0,Slight,Fine no high winds,Dry,Daylight,30.0,Urban,2006.0
2007160A04760,16 - 20,6.0,Urban area,9.0,1299.0,,,Journey as part of work,Approaching junction or waiting/parked at junction approach,FORD,KA NOW,Petrol,Female,,No tow/articulation,Did not leave carriageway,0.0,Going ahead other,1.0,Car,No,Offside,2007.0,Slight,Fine no high winds,Dry,Daylight,40.0,Rural,2007.0
200701BS70489,56 - 65,1.0,Data missing or out of range,,6370.0,,,Journey as part of work,Not at or within 20 metres of junction,MERCEDES,,Heavy oil,Male,,Articulated vehicle,Did not leave carriageway,0.0,Waiting to go - held up,1.0,Goods 7.5 tonnes mgw and over,No,Offside,2007.0,Slight,Fine no high winds,Dry,Daylight,30.0,Urban,2007.0
200601KG70123,36 - 45,2.0,Urban area,4.0,1108.0,,,Other/Not known (2005-10),Not at or within 20 metres of junction,FIAT,PANDA ACTIVE,Petrol,Female,,No tow/articulation,Did not leave carriageway,0.0,Going ahead other,1.0,Car,No,Front,2006.0,Slight,Fine no high winds,Dry,Daylight,30.0,Urban,2006.0
200701MM79184,36 - 45,,Urban area,4.0,,,,Other/Not known (2005-10),Not at or within 20 metres of junction,VOLKSWAGEN,LT 35 TDI MWB,,Male,,No tow/articulation,Did not leave carriageway,0.0,Waiting to go - held up,2.0,Car,No,Front,2007.0,Slight,Fine no high winds,Dry,Daylight,30.0,Urban,2007.0
20044200G0040,66 - 75,,Data missing or out of range,,,,,Data missing or out of range,Data missing or out of range,BEDFORD,,,Male,,No tow/articulation,Did not leave carriageway,0.0,Going ahead other,2.0,109,Data missing or out of range,Nearside,2004.0,,,,,,,
200801YE80145,36 - 45,9.0,Data missing or out of range,,1275.0,,,Other/Not known (2005-10),Not at or within 20 metres of junction,NISSAN,MICRA SI,Petrol,Female,,No tow/articulation,Did not leave carriageway,0.0,Going ahead other,3.0,Car,No,Front,2008.0,Slight,Fine no high winds,Dry,Daylight,30.0,Urban,2008.0
200401VW00317,21 - 25,11.0,Data missing or out of range,,954.0,,,Data missing or out of range,Data missing or out of range,CITROEN,AX 10 DEBUT,Petrol,Male,,No tow/articulation,Did not leave carriageway,0.0,Going ahead other,2.0,109,Data missing or out of range,Back,2004.0,,,,,,,
200443N010024,26 - 35,1.0,Urban area,6.0,11967.0,,,Data missing or out of range,Data missing or out of range,MERCEDES,,Heavy oil,Male,,Articulated vehicle,Did not leave carriageway,0.0,Going ahead other,2.0,Goods 7.5 tonnes mgw and over,Data missing or out of range,Back,2004.0,,,,,,,
200404D019104,36 - 45,3.0,Rural,7.0,1870.0,,,Data missing or out of range,Data missing or out of range,RENAULT,MEGANE SCENIC EXP+ DTI,Heavy oil,Female,,No tow/articulation,Did not leave carriageway,0.0,Going ahead other,3.0,109,Data missing or out of range,Offside,2004.0,,,,,,,
2005555P02240,36 - 45,5.0,Urban area,4.0,,,Central crash barrier,Data missing or out of range,Not at or within 20 metres of junction,DAF TRUCKS,FA 45.130,Heavy oil,Male,Skidded,No tow/articulation,Offside on to central reservation,0.0,Slowing or stopping,1.0,Goods over 3.5t. and under 7.5t,Data missing or out of range,Offside,2005.0,Serious,Fine no high winds,Dry,Daylight,70.0,Rural,2005.0
200645MO93364,16 - 20,1.0,Urban area,8.0,49.0,,,Other/Not known (2005-10),Approaching junction or waiting/parked at junction approach,SUZUKI,AY 50 AK5,Petrol,Female,,No tow/articulation,Did not leave carriageway,0.0,Going ahead other,1.0,Motorcycle over 125cc and up to 500cc,No,Front,2006.0,Slight,Raining no high winds,Wet or damp,Darkness - lights lit,30.0,Urban,2006.0
200454AT25304,56 - 65,6.0,Rural,6.0,2457.0,,Tree,Data missing or out of range,Data missing or out of range,SUBARU,LEGACY 4 CAM AWD,Petrol,Male,Overturned,No tow/articulation,Nearside,0.0,Going ahead right-hand bend,1.0,109,Data missing or out of range,Front,2004.0,,,,,,,
200801JC75624,36 - 45,5.0,Urban area,4.0,1422.0,,,Journey as part of work,Not at or within 20 metres of junction,VOLKSWAGEN,POLO TWIST TDI,Heavy oil,Male,,No tow/articulation,Did not leave carriageway,0.0,Going ahead other,1.0,Car,No,Back,2008.0,Slight,Fine no high winds,Dry,Daylight,30.0,Urban,2008.0
2004440ZD0511,Data missing or out of range,14.0,Data missing or out of range,,1597.0,,,Data missing or out of range,Data missing or out of range,FORD,FIESTA XR2I,Petrol,Male,Skidded,No tow/articulation,Did not leave carriageway,0.0,Going ahead other,1.0,109,Data missing or out of range,Front,2004.0,,,,,,,
200697UA00507,46 - 55,3.0,Urban area,,1590.0,,,Commuting to/from work,Not at or within 20 metres of junction,SUZUKI,GRAND VITARA 16V SPORT,Petrol,Male,,No tow/articulation,Did not leave carriageway,0.0,Going ahead left-hand bend,2.0,Car,No,Offside,2006.0,Slight,Fine no high winds,Wet or damp,Daylight,60.0,Rural,2006.0
200701TA00123,36 - 45,3.0,Urban area,2.0,124.0,,,Journey as part of work,Not at or within 20 metres of junction,PIAGGIO,VESPA ET4,Petrol,Male,Skidded,No tow/articulation,Did not leave carriageway,0.0,Slowing or stopping,1.0,Motorcycle 125cc and under,No,Did not impact,2007.0,Slight,Fine no high winds,Dry,Daylight,30.0,Urban,2007.0
2006350124806,56 - 65,1.0,Small town,6.0,998.0,,Entered ditch,Other/Not known (2005-10),Approaching junction or waiting/parked at junction approach,TOYOTA,YARIS COLOUR COLLECTION,Petrol,Female,,No tow/articulation,Nearside,0.0,Going ahead other,1.0,Car,No,Front,2006.0,Slight,Fine no high winds,Dry,Daylight,60.0,Rural,2006.0
2007070700837,36 - 45,2.0,Urban area,1.0,11946.0,,,Journey as part of work,Approaching junction or waiting/parked at junction approach,MERCEDES,,Heavy oil,Male,,Articulated vehicle,Did not leave carriageway,0.0,Changing lane to left,1.0,Goods 7.5 tonnes mgw and over,No,Front,2007.0,Slight,Fine no high winds,Dry,Daylight,70.0,Rural,2007.0