Accident_Index,Age_Band_of_Driver,Age_of_Vehicle,Driver_Home_Area_Type,Driver_IMD_Decile,Engine_Capacity_.CC.,Hit_Object_in_Carriageway,Hit_Object_off_Carriageway,Journey_Purpose_of_Driver,Junction_Location,make,model,Propulsion_Code,Sex_of_Driver,Skidding_and_Overturning,Towing_and_Articulation,Vehicle_Leaving_Carriageway,Vehicle_Location.Restricted_Lane,Vehicle_Manoeuvre,Vehicle_Reference,Vehicle_Type,Was_Vehicle_Left_Hand_Drive,X1st_Point_of_Impact,Year_x,Severity_Label,Weather_Conditions,Road_Surface_Conditions,Light_Conditions,Speed_limit,Urban_or_Rural_Area,Year_y
200545TA65793,16 - 20,,Rural,6.0,,,,Journey as part of work,Approaching junction or waiting/parked at junction approach,VAUXHALL,COMBO 1700 DI,,Male,,No tow/articulation,Did not leave carriageway,0.0,Waiting to turn right,1.0,Car,No,Offside,2005.0,Slight,Fine no high winds,Dry,Daylight,30.0,Rural,2005.0
200520E075403,Over 75,6.0,Urban area,2.0,1124.0,,,Other/Not known (2005-10),Mid Junction - on roundabout or on main road,CITROEN,SAXO EAST COAST,Petrol,Female,,No tow/articulation,Did not leave carriageway,0.0,Turning right,1.0,Car,No,Front,2005.0,Slight,Fine no high winds,Dry,Daylight,30.0,Urban,2005.0
2004030001552,46 - 55,2.0,Data missing or out of range,,11705.0,,,Data missing or out of range,Data missing or out of range,SCANIA,,Heavy oil,Male,,No tow/articulation,Did not leave carriageway,0.0,Going ahead right-hand bend,2.0,Goods 7.5 tonnes mgw and over,Data missing or out of range,Front,2004.0,,,,,,,
2007130695007,46 - 55,5.0,Urban area,3.0,1587.0,,,Other/Not known (2005-10),Entering main road,CITROEN,XSARA PICASSO LX 8V,Petrol,Male,,No tow/articulation,Did not leave carriageway,0.0,Turning right,1.0,Car,No,Front,2007.0,Slight,Raining no high winds,Wet or damp,Daylight,40.0,Urban,2007.0
200806P095986,36 - 45,,Urban area,4.0,,,,Other/Not known (2005-10),Approaching junction or waiting/parked at junction approach,FORD,TRAN CONNECT L 200 TD SWB,,Male,Skidded,No tow/articulation,Did not leave carriageway,0.0,Slowing or stopping,1.0,Car,No,Front,2008.0,Slight,Fine no high winds,Wet or damp,Daylight,40.0,Urban,2008.0
2005100627005,26 - 35,4.0,Small town,6.0,1998.0,,Other permanent object,Other/Not known (2005-10),Not at or within 20 metres of junction,FORD,MONDEO LX TDDI,Heavy oil,Male,Skidded,No tow/articulation,Nearside,0.0,Going ahead other,1.0,Car,No,Nearside,2005.0,Slight,Raining + high winds,Wet or damp,Daylight,60.0,Rural,2005.0
200601RG40110,56 - 65,8.0,Urban area,,487.0,,,Other/Not known (2005-10),Cleared junction or waiting/parked at junction exit,SUZUKI,GS 500 EW,Petrol,Male,,No tow/articulation,Did not leave carriageway,0.0,Going ahead other,2.0,Motorcycle over 125cc and up to 500cc,No,Front,2006.0,Slight,Fine no high winds,Dry,Daylight,30.0,Urban,2006.0
200432D181104,46 - 55,3.0,Urban area,7.0,1598.0,,,Data missing or out of range,Data missing or out of range,TOYOTA,COROLLA VVTI GLS AUTO,Petrol,Female,,No tow/articulation,Did not leave carriageway,0.0,Going ahead other,2.0,109,Data missing or out of range,Front,2004.0,,,,,,,
2006100122906,46 - 55,3.0,Rural,4.0,2148.0,,,Other/Not known (2005-10),Cleared junction or waiting/parked at junction exit,MERCEDES,E220 CDI CLASSIC,Heavy oil,Male,,No tow/articulation,Did not leave carriageway,0.0,Going ahead other,2.0,Car,No,Front,2006.0,Slight,Fine no high winds,Dry,Darkness - lights lit,30.0,Urban,2006.0
2005440545267,26 - 35,6.0,Rural,9.0,1781.0,,,Commuting to/from work,Approaching junction or waiting/parked at junction approach,AUDI,A6 1.8T SE AUTO,Petrol,Male,,No tow/articulation,Did not leave carriageway,0.0,Turning right,1.0,Car,No,Front,2005.0,Slight,Other,Dry,Daylight,40.0,Rural,2005.0
2008100249108,46 - 55,10.0,Urban area,5.0,2962.0,,,Journey as part of work,Approaching junction or waiting/parked at junction approach,VAUXHALL,SINTRA CDX V6 AUTO,Petrol,Male,,No tow/articulation,Did not leave carriageway,0.0,Slowing or stopping,2.0,Car,No,Back,2008.0,Slight,Fine no high winds,Dry,Darkness - lights lit,50.0,Urban,2008.0
200405CH00897,26 - 35,2.0,Urban area,5.0,3246.0,,,Data missing or out of range,Data missing or out of range,BMW,,Petrol,Male,,No tow/articulation,Did not leave carriageway,0.0,Going ahead other,1.0,109,Data missing or out of range,Front,2004.0,,,,,,,
200604FB06039,36 - 45,,Urban area,1.0,124.0,Open door of vehicle,,Other/Not known (2005-10),Not at or within 20 metres of junction,PIAGGIO,VESPA GT 125,Petrol,Male,,No tow/articulation,Did not leave carriageway,0.0,Going ahead other,2.0,Motorcycle 125cc and under,No,Front,2006.0,Slight,Fine no high winds,Dry,Daylight,30.0,Urban,2006.0
2006520044563,36 - 45,3.0,Small town,10.0,998.0,,,Other/Not known (2005-10),Entering main road,VAUXHALL,CORSA ACTIVE TWINPORT,Petrol,Male,,No tow/articulation,Did not leave carriageway,0.0,Turning right,2.0,Car,No,Offside,2006.0,Slight,Raining no high winds,Wet or damp,Daylight,60.0,Rural,2006.0
2004440SC0714,26 - 35,5.0,Urban area,2.0,,,,Data missing or out of range,Data missing or out of range,DENNIS,,Heavy oil,Male,,No tow/articulation,Did not leave carriageway,2.0,Going ahead other,1.0,Bus or coach (17 or more pass seats),Data missing or out of range,Front,2004.0,,,,,,,
200404D031004,16 - 20,4.0,Small town,6.0,1124.0,,,Data missing or out of range,Data missing or out of range,CITROEN,SAXO FORTE,Petrol,Male,,No tow/articulation,Did not leave carriageway,0.0,Going ahead other,1.0,109,Data missing or out of range,Offside,2004.0,,,,,,,
2006123460418,36 - 45,4.0,Rural,7.0,2184.0,,,Commuting to/from work,Not at or within 20 metres of junction,NISSAN,X-TRAIL SPORT TD,Heavy oil,Female,,No tow/articulation,Did not leave carriageway,0.0,Slowing or stopping,3.0,Car,No,Front,2006.0,Slight,Fine no high winds,Dry,Darkness - lighting unknown,60.0,Rural,2006.0
200663CP31706,26 - 35,9.0,Small town,,,,,Journey as part of work,Approaching junction or waiting/parked at junction approach,DENNIS,,Heavy oil,Male,,No tow/articulation,Did not leave carriageway,0.0,Going ahead right-hand bend,1.0,Bus or coach (17 or more pass seats),No,Did not impact,2006.0,Slight,Fine no high winds,Dry,Daylight,30.0,Urban,2006.0
2008070306311,36 - 45,7.0,Urban area,9.0,2477.0,,,Other/Not known (2005-10),Not at or within 20 metres of junction,MITSUBISHI,SHOGUN SPORT EQUIPPE TD,Heavy oil,Female,,No tow/articulation,Did not leave carriageway,0.0,Going ahead other,2.0,Car,No,Nearside,2008.0,Slight,Fine no high winds,Dry,Daylight,30.0,Urban,2008.0
2004610075504,16 - 20,10.0,Data missing or out of range,,1124.0,,,Data missing or out of range,Data missing or out of range,CITROEN,AX ECHO PLUS,Petrol,Male,,No tow/articulation,Did not leave carriageway,0.0,Going ahead other,2.0,109,Data missing or out of range,Front,2004.0,,,,,,,
200701JC67346,36 - 45,,Urban area,4.0,1364.0,,,Journey as part of work,Mid Junction - on roundabout or on main road,VAUXHALL,ASTRA SXI TWINPORT,Petrol,Female,,No tow/articulation,Did not leave carriageway,0.0,Going ahead other,1.0,Car,No,Nearside,2007.0,Slight,Fine no high winds,Dry,Daylight,30.0,Urban,2007.0
2004930004781,26 - 35,,Rural,,2198.0,,,Data missing or out of range,Data missing or out of range,VAUXHALL,VECTRA SXI 16V,Petrol,Male,Skidded and overturned,No tow/articulation,Did not leave carriageway,0.0,Going ahead other,1.0,109,Data missing or out of range,Nearside,2004.0,,,,,,,
200763AC47507,56 - 65,,Rural,,2402.0,,Other permanent object,Journey as part of work,Not at or within 20 metres of junction,FORD,TRANSIT 100 T350M RWD,Heavy oil,Male,,No tow/articulation,Did not leave carriageway,0.0,Going ahead other,1.0,Van / Goods 3.5 tonnes mgw or under,No,Nearside,2007.0,Slight,Fine no high winds,Dry,Daylight,30.0,Rural,2007.0
2004400B03594,46 - 55,5.0,Urban area,10.0,2793.0,,,Data missing or out of range,Data missing or out of range,BMW,728I AUTO,Petrol,Male,,No tow/articulation,Did not leave carriageway,0.0,Turning right,1.0,109,Data missing or out of range,Offside,2004.0,,,,,,,
2006030000511,46 - 55,10.0,Urban area,4.0,1598.0,,,Other/Not known (2005-10),Approaching junction or waiting/parked at junction approach,VOLKSWAGEN,POLO 1.6 CL,Petrol,Female,,No tow/articulation,Did not leave carriageway,0.0,Slowing or stopping,1.0,Car,No,Front,2006.0,Slight,Fine no high winds,Wet or damp,Darkness - lights lit,40.0,Urban,2006.0
200601TC00279,36 - 45,6.0,Data missing or out of range,,1397.0,,,Other/Not known (2005-10),Leaving roundabout,SKODA,FABIA COMFORT 8V,Petrol,Male,,No tow/articulation,Did not leave carriageway,0.0,Going ahead other,1.0,Car,No,Front,2006.0,Slight,Fine no high winds,Dry,Daylight,30.0,Urban,2006.0
2006160B05040,21 - 25,4.0,Small town,7.0,1149.0,,Central crash barrier,Journey as part of work,Not at or within 20 metres of junction,RENAULT,CLIO DYNAMIQUE 16V,Petrol,Female,Skidded,No tow/articulation,Offside on to centrl res + rebounded,0.0,Overtaking moving vehicle - offside,1.0,Car,No,Front,2006.0,Slight,Fine no high winds,Frost or ice,Daylight,70.0,Rural,2006.0
2007470705613,46 - 55,5.0,Urban area,9.0,2800.0,,,Other/Not known (2005-10),Not at or within 20 metres of junction,FIAT,,Heavy oil,Male,,No tow/articulation,Did not leave carriageway,0.0,Going ahead right-hand bend,2.0,Other vehicle,No,Offside,2007.0,Serious,Fine no high winds,Dry,Daylight,60.0,Urban,2007.0
200801KD72700,46 - 55,,Urban area,3.0,1242.0,,,Journey as part of work,Approaching junction or waiting/parked at junction approach,FORD,FIESTA ZETEC BLUE,Petrol,Female,,No tow/articulation,Did not leave carriageway,0.0,Going ahead other,1.0,Car,No,Front,2008.0,Slight,Fine no high winds,Dry,Daylight,30.0,Urban,2008.0
200401YE80015,21 - 25,8.0,Urban area,5.0,1242.0,Parked vehicle,,Data missing or out of range,Data missing or out of range,FIAT,PUNTO 75 SX,Petrol,Male,,No tow/articulation,Did not leave carriageway,0.0,Going ahead other,1.0,109,Data missing or out of range,Front,2004.0,,,,,,,
200420H041602,21 - 25,8.0,Urban area,1.0,125.0,,,Data missing or out of range,Data missing or out of range,APRILIA,,Petrol,Male,,No tow/articulation,Offside,0.0,Going ahead other,1.0,Motorcycle 125cc and under,Data missing or out of range,Front,2004.0,,,,,,,
2005440770582,21 - 25,3.0,Urban area,4.0,1397.0,,,Other/Not known (2005-10),Not at or within 20 metres of junction,SKODA,FABIA CLASSIC 8V,Petrol,Female,,No tow/articulation,Did not leave carriageway,0.0,Going ahead other,1.0,Car,No,Front,2005.0,Slight,Fine no high winds,Dry,Daylight,30.0,Urban,2005.0
200614D005606,21 - 25,1.0,Urban area,6.0,1598.0,,,Commuting to/from work,Approaching junction or waiting/parked at junction approach,RENAULT,,Petrol,Female,,No tow/articulation,Did not leave carriageway,1.0,Going ahead other,3.0,Car,No,Nearside,2006.0,Slight,Fine no high winds,Dry,Darkness - lights lit,30.0,Urban,2006.0
200640D024760,56 - 65,5.0,Urban area,5.0,1199.0,,,Other/Not known (2005-10),Mid Junction - on roundabout or on main road,VAUXHALL,CORSA COMFORT 16V,Petrol,Female,,No tow/articulation,Did not leave carriageway,0.0,Going ahead other,2.0,Car,No,Front,2006.0,Slight,Fine no high winds,Dry,Daylight,50.0,Rural,2006.0
200542J053112,16 - 20,7.0,Urban area,4.0,1390.0,,,Other/Not known (2005-10),Entering from slip road,RENAULT,MEGANE 1.4E LIBERTE,Petrol,Male,,No tow/articulation,Did not leave carriageway,0.0,Turning right,1.0,Car,No,Nearside,2005.0,Slight,Fine no high winds,Dry,Darkness - lights lit,30.0,Urban,2005.0
200501ZT80038,21 - 25,10.0,Urban area,8.0,498.0,,,Other/Not known (2005-10),Approaching junction or waiting/parked at junction approach,KAWASAKI,,Petrol,Male,,No tow/articulation,Did not leave carriageway,0.0,Going ahead other,2.0,Motorcycle over 125cc and up to 500cc,No,Front,2005.0,Slight,Fine no high winds,Dry,Darkness - lights lit,30.0,Urban,2005.0
200443P112054,46 - 55,5.0,Small town,5.0,1396.0,,,Data missing or out of range,Data missing or out of range,ROVER,214I L,Petrol,Male,,No tow/articulation,Did not leave carriageway,0.0,Slowing or stopping,2.0,109,Data missing or out of range,Back,2004.0,,,,,,,
2006350423406,36 - 45,,Urban area,4.0,,,,Commuting to/from work,Approaching junction or waiting/parked at junction approach,RENAULT,KANGOO 665 DCI,,Male,Skidded,No tow/articulation,Did not leave carriageway,1.0,Going ahead other,1.0,Car,No,Front,2006.0,Slight,Fine no high winds,Wet or damp,Daylight,70.0,Rural,2006.0
2007470707865,36 - 45,17.0,Urban area,4.0,1396.0,,,Other/Not known (2005-10),Entering roundabout,HONDA,CIVIC GL AUTO,Petrol,Male,,No tow/articulation,Did not leave carriageway,0.0,Waiting to go - held up,1.0,Car,No,Back,2007.0,Slight,Fine no high winds,Dry,Daylight,30.0,Urban,2007.0
2004214124443,26 - 35,15.0,Data missing or out of range,,1388.0,,,Data missing or out of range,Data missing or out of range,VAUXHALL,ASTRA MERIT,Petrol,Male,,No tow/articulation,Did not leave carriageway,0.0,Going ahead other,1.0,109,Data missing or out of range,Front,2004.0,,,,,,,
2005930003366,46 - 55,1.0,Urban area,,1896.0,,,Other/Not known (2005-10),Not at or within 20 metres of junction,SKODA,FABIA SDI,Heavy oil,Male,,No tow/articulation,Did not leave carriageway,0.0,Going ahead other,2.0,Car,No,Front,2005.0,Slight,Fine no high winds,Wet or damp,Daylight,30.0,Rural,2005.0
2004520118184,26 - 35,3.0,Small town,6.0,1396.0,,,Data missing or out of range,Data missing or out of range,HONDA,CIVIC SE AUTO,Petrol,Female,,No tow/articulation,Did not leave carriageway,0.0,Waiting to turn left,1.0,109,Data missing or out of range,Front,2004.0,,,,,,,
200805BB27773,16 - 20,11.0,Urban area,5.0,1195.0,,Tree,Other/Not known (2005-10),Not at or within 20 metres of junction,VAUXHALL,CORSA MERIT 1.2,Petrol,Male,,No tow/articulation,Nearside and rebounded,0.0,Reversing,2.0,Car,No,Back,2008.0,Slight,Fine no high winds,Dry,Darkness - lights lit,30.0,Urban,2008.0
2006216223784,26 - 35,,Urban area,1.0,12600.0,,,Journey as part of work,Not at or within 20 metres of junction,DAF TRUCKS,FTT XF 95.530,Heavy oil,Male,,Articulated vehicle,Did not leave carriageway,0.0,Parked,1.0,Goods 7.5 tonnes mgw and over,No,Did not impact,2006.0,Slight,Fine no high winds,Dry,Daylight,70.0,Rural,2006.0
200420L217901,26 - 35,,Urban area,2.0,953.0,,,Data missing or out of range,Data missing or out of range,KAWASAKI,ZR 1000 A1H,Petrol,Male,,No tow/articulation,Did not leave carriageway,0.0,Going ahead other,2.0,106,Data missing or out of range,Front,2004.0,,,,,,,
200501XH30188,36 - 45,5.0,Data missing or out of range,,1100.0,Kerb,Near/Offside crash barrier,Other/Not known (2005-10),Not at or within 20 metres of junction,BMW,R1100 RT,Petrol,Male,,No tow/articulation,Offside,0.0,Going ahead left-hand bend,1.0,Motorcycle over 500cc,No,Front,2005.0,Serious,Fine no high winds,Dry,Darkness - lights lit,30.0,Urban,2005.0
2005470508325,36 - 45,1.0,Urban area,7.0,2685.0,,,Other/Not known (2005-10),Not at or within 20 metres of junction,MERCEDES,E270 CDI AVANTGARDE AUTO,Heavy oil,Male,,No tow/articulation,Did not leave carriageway,0.0,Waiting to go - held up,3.0,Car,No,Back,2005.0,Slight,Fine no high winds,Dry,Daylight,60.0,Rural,2005.0
200614A243406,56 - 65,13.0,Rural,6.0,1800.0,,,Commuting to/from work,Not at or within 20 metres of junction,MAZDA,,Petrol,Male,,No tow/articulation,Did not leave carriageway,0.0,Going ahead other,1.0,Car,No,Front,2006.0,Slight,Fine no high winds,Wet or damp,Darkness - no lighting,60.0,Rural,2006.0
200540B001420,36 - 45,,Data missing or out of range,,,,,Other/Not known (2005-10),Entering main road,FIAT,PUNTO 60 1.7 TD,,Male,,No tow/articulation,Did not leave carriageway,0.0,Turning right,1.0,Car,No,Offside,2005.0,Slight,Fine + high winds,Dry,Daylight,40.0,Urban,2005.0
200406C906564,36 - 45,9.0,Urban area,2.0,1995.0,,,Data missing or out of range,Data missing or out of range,MAZDA,XEDOS 6 SE,Petrol,Male,,No tow/articulation,Did not leave carriageway,0.0,Waiting to turn right,2.0,109,Data missing or out of range,Front,2004.0,,,,,,,
200743N324127,36 - 45,2.0,Data missing or out of range,,1995.0,,,Journey as part of work,Approaching junction or waiting/parked at junction approach,VAUXHALL,ZAFIRA DESIGN DTI 16V,Heavy oil,Male,,No tow/articulation,Nearside,0.0,Going ahead other,2.0,Taxi/Private hire car,No,Nearside,2007.0,Slight,Fog or mist,Wet or damp,Darkness - no lighting,60.0,Rural,2007.0
2008100238808,16 - 20,8.0,Rural,4.0,49.0,,,Other/Not known (2005-10),Entering main road,APRILIA,,Petrol,Male,,No tow/articulation,Nearside,0.0,Going ahead other,1.0,Motorcycle 50cc and under,No,Offside,2008.0,Slight,Fine + high winds,Dry,Daylight,60.0,Rural,2008.0
2005520097829,66 - 75,1.0,Urban area,,1339.0,,Telegraph or electricity pole,Other/Not known (2005-10),Not at or within 20 metres of junction,HONDA,JAZZ SE CVT,Petrol,Male,,No tow/articulation,Offside,0.0,Going ahead other,1.0,Car,No,Front,2005.0,Slight,Fine no high winds,Wet or damp,Daylight,30.0,Rural,2005.0
200806L090421,46 - 55,9.0,Urban area,3.0,,,,Journey as part of work,Mid Junction - on roundabout or on main road,DENNIS,,Heavy oil,Male,,No tow/articulation,Did not leave carriageway,0.0,Going ahead other,1.0,Bus or coach (17 or more pass seats),No,Front,2008.0,Serious,Fine no high winds,Dry,Daylight,30.0,Urban,2008.0
200601RY10084,36 - 45,1.0,Data missing or out of range,,998.0,,,Other/Not known (2005-10),Approaching junction or waiting/parked at junction approach,YAMAHA,YZF R1 04,Petrol,Male,,No tow/articulation,Did not leave carriageway,0.0,Going ahead other,1.0,Motorcycle over 500cc,No,Front,2006.0,Serious,Fine no high winds,Dry,Daylight,30.0,Urban,2006.0
200643P053116,26 - 35,4.0,Urban area,1.0,1686.0,,,Other/Not known (2005-10),Approaching junction or waiting/parked at junction approach,VAUXHALL,ASTRA LS DTI,Heavy oil,Female,,No tow/articulation,Did not leave carriageway,0.0,Going ahead other,2.0,Car,No,Front,2006.0,Slight,Fine no high winds,Dry,Darkness - lights lit,30.0,Rural,2006.0
2005360027994,26 - 35,6.0,Rural,6.0,1598.0,,Tree,Journey as part of work,Not at or within 20 metres of junction,RENAULT,MEGANE SPORT ALIZE,Petrol,Female,Skidded and overturned,No tow/articulation,Nearside,0.0,Going ahead other,1.0,Car,No,Offside,2005.0,Slight,Fine no high winds,Wet or damp,Daylight,60.0,Rural,2005.0
200554CE36505,36 - 45,,Data missing or out of range,,1988.0,,,Commuting to/from work,Not at or within 20 metres of junction,FORD,FOCUS ST170,Petrol,Male,,No tow/articulation,Did not leave carriageway,0.0,Slowing or stopping,2.0,Car,No,Back,2005.0,Slight,Fine no high winds,Dry,Daylight,30.0,Urban,2005.0
2007460045590,26 - 35,4.0,Urban area,3.0,11705.0,,,Journey as part of work,Not at or within 20 metres of junction,SCANIA,,Heavy oil,Male,,Articulated vehicle,Did not leave carriageway,0.0,Going ahead left-hand bend,2.0,Goods 7.5 tonnes mgw and over,No,Front,2007.0,Slight,Fine no high winds,Dry,Daylight,60.0,Rural,2007.0
200742I092503,36 - 45,,Urban area,9.0,1400.0,,,Other/Not known (2005-10),Approaching junction or waiting/parked at junction approach,MAZDA,2 CAPELLA,Petrol,Female,,No tow/articulation,Did not leave carriageway,0.0,Waiting to go - held up,1.0,Car,No,Offside,2007.0,Slight,Fine no high winds,Dry,Daylight,30.0,Urban,2007.0
200645MO94978,46 - 55,,Urban area,8.0,1339.0,,,Other/Not known (2005-10),Approaching junction or waiting/parked at junction approach,HONDA,JAZZ SE CVT,Petrol,Female,,No tow/articulation,Did not leave carriageway,0.0,Going ahead other,1.0,Car,No,Front,2006.0,Slight,Fine no high winds,Dry,Daylight,30.0,Urban,2006.0
200801XD74551,Over 75,3.0,Urban area,7.0,998.0,,,Other/Not known (2005-10),Not at or within 20 metres of junction,VAUXHALL,CORSA LIFE TWINPORT S-A,Petrol,Female,,No tow/articulation,Did not leave carriageway,0.0,Moving off,1.0,Car,No,Offside,2008.0,Serious,Fine no high winds,Dry,Daylight,30.0,Urban,2008.0
200597GD70410,16 - 20,,Urban area,,,,,Journey as part of work,Approaching junction or waiting/parked at junction approach,FORD,TRANSIT 260 SWB TD,,Male,,No tow/articulation,Did not leave carriageway,0.0,Going ahead other,1.0,Car,No,Front,2005.0,Slight,Fine no high winds,Wet or damp,Daylight,30.0,Urban,2005.0
200545TA73376,21 - 25,1.0,Urban area,3.0,1390.0,,Lamp post,Other/Not known (2005-10),Not at or within 20 metres of junction,RENAULT,MEGANE EXTREME 16V,Petrol,Male,Skidded,No tow/articulation,Nearside,9.0,Going ahead right-hand bend,1.0,Car,No,Nearside,2005.0,Slight,Fine no high winds,Dry,Darkness - lights lit,30.0,Urban,2005.0
200534NC01885,16 - 20,2.0,Small town,9.0,998.0,,,Other/Not known (2005-10),Leaving main road,VAUXHALL,CORSA DESIGN TWINPORT,Petrol,Male,,No tow/articulation,Did not leave carriageway,0.0,Turning right,1.0,Car,No,Nearside,2005.0,Slight,Fine no high winds,Dry,Daylight,30.0,Rural,2005.0
200591NM17805,26 - 35,15.0,Data missing or out of range,,798.0,,,Other/Not known (2005-10),Not at or within 20 metres of junction,BMW,R 80 RT TIC,Petrol,Male,Skidded and overturned,No tow/articulation,Nearside,1.0,Going ahead right-hand bend,1.0,Motorcycle over 500cc,No,Front,2005.0,Slight,Fine no high winds,Wet or damp,Darkness - no lighting,60.0,Rural,2005.0
200420M029903,36 - 45,3.0,Urban area,1.0,8268.0,,,Data missing or out of range,Data missing or out of range,DENNIS,,Heavy oil,Female,,No tow/articulation,Did not leave carriageway,0.0,Parked,1.0,Bus or coach (17 or more pass seats),Data missing or out of range,Did not impact,2004.0,,,,,,,
2005160C04560,56 - 65,4.0,Data missing or out of range,,2435.0,Parked vehicle,Tree,Other/Not known (2005-10),Cleared junction or waiting/parked at junction exit,VOLVO,V70 S 20V AUTO,Petrol,Male,,No tow/articulation,Nearside,0.0,Going ahead other,1.0,Car,No,Front,2005.0,Slight,Fine no high winds,Dry,Darkness - lights lit,30.0,Urban,2005.0
200701HT67167,36 - 45,3.0,Urban area,2.0,1390.0,,,Other/Not known (2005-10),Mid Junction - on roundabout or on main road,VOLKSWAGEN,GOLF FSI S,Petrol,Male,,No tow/articulation,Did not leave carriageway,0.0,Going ahead left-hand bend,2.0,Car,No,Nearside,2007.0,Slight,Fine no high winds,Dry,Daylight,30.0,Urban,2007.0
200406Q909754,21 - 25,4.0,Urban area,8.0,1991.0,,,Data missing or out of range,Data missing or out of range,MAZDA,626 GSI AUTO,Petrol,Male,,No tow/articulation,Did not leave carriageway,0.0,Going ahead other,1.0,109,Data missing or out of range,Front,2004.0,,,,,,,
2004360021768,26 - 35,12.0,Urban area,8.0,1390.0,,,Data missing or out of range,Data missing or out of range,RENAULT,CLIO FIDJI,Petrol,Female,Skidded,No tow/articulation,Did not leave carriageway,0.0,Going ahead other,1.0,109,Data missing or out of range,Nearside,2004.0,,,,,,,
200434NN03040,26 - 35,,Data missing or out of range,,,,,Data missing or out of range,Data missing or out of range,TOYOTA,HILUX EX 4WD,,Male,,No tow/articulation,Did not leave carriageway,0.0,Waiting to go - held up,1.0,Van / Goods 3.5 tonnes mgw or under,Data missing or out of range,Back,2004.0,,,,,,,
200601YE80868,Data missing or out of range,,Data missing or out of range,,,,,Other/Not known (2005-10),Cleared junction or waiting/parked at junction exit,SCANIA,,,Male,,No tow/articulation,Did not leave carriageway,0.0,U-turn,2.0,Car,No,Back,2006.0,Slight,Fine no high winds,Dry,Darkness - lights lit,30.0,Urban,2006.0
200801CW11100,36 - 45,5.0,Urban area,2.0,6871.0,,,Journey as part of work,Not at or within 20 metres of junction,ERF,,Heavy oil,Male,,No tow/articulation,Did not leave carriageway,0.0,Going ahead other,1.0,Van / Goods 3.5 tonnes mgw or under,No,Front,2008.0,Slight,Fine no high winds,Dry,Darkness - lights lit,30.0,Urban,2008.0
2004530AI0196,56 - 65,7.0,Rural,6.0,9603.0,,,Data missing or out of range,Data missing or out of range,VOLVO,,Heavy oil,Male,,Articulated vehicle,Did not leave carriageway,0.0,Going ahead other,1.0,Goods 7.5 tonnes mgw and over,Data missing or out of range,Did not impact,2004.0,,,,,,,
2005520019127,46 - 55,11.0,Data missing or out of range,,,,,Journey as part of work,Cleared junction or waiting/parked at junction exit,DENNIS,,Heavy oil,Not known,,No tow/articulation,Did not leave carriageway,0.0,Changing lane to right,2.0,Bus or coach (17 or more pass seats),No,Offside,2005.0,Slight,Fine no high winds,Dry,Darkness - lights lit,30.0,Urban,2005.0
200501RG40123,Data missing or out of range,8.0,Data missing or out of range,,1590.0,,,Other/Not known (2005-10),Mid Junction - on roundabout or on main road,HONDA,CIVIC 1.6I LS,Petrol,Male,,No tow/articulation,Did not leave carriageway,0.0,Going ahead other,2.0,Car,No,Front,2005.0,Slight,Fine no high winds,Dry,Daylight,30.0,Urban,2005.0
2004214411133,36 - 45,17.0,Urban area,3.0,1342.0,,Tree,Data missing or out of range,Data missing or out of range,ROVER,213 SE AUTO,Petrol,Male,Skidded,No tow/articulation,Offside,0.0,Going ahead left-hand bend,1.0,109,Data missing or out of range,Front,2004.0,,,,,,,
200414CC01211,26 - 35,1.0,Urban area,1.0,1753.0,,,Data missing or out of range,Data missing or out of range,FORD,TRANSIT CONNECT T200 TDDI S,Heavy oil,Male,,No tow/articulation,Did not leave carriageway,0.0,Overtaking moving vehicle - offside,1.0,Van / Goods 3.5 tonnes mgw or under,Data missing or out of range,Front,2004.0,,,,,,,
200501EO00168,36 - 45,6.0,Urban area,2.0,,,,Other/Not known (2005-10),Not at or within 20 metres of junction,DAF,,Heavy oil,Male,,No tow/articulation,Did not leave carriageway,0.0,Slowing or stopping,1.0,Bus or coach (17 or more pass seats),No,Offside,2005.0,Slight,Fine no high winds,Wet or damp,Darkness - lights lit,30.0,Urban,2005.0
2007130685007,36 - 45,,Urban area,6.0,125.0,,,Other/Not known (2005-10),Entering roundabout,HONDA,XL 125 V-7,Petrol,Male,,No tow/articulation,Did not leave carriageway,0.0,Going ahead other,1.0,Motorcycle over 125cc and up to 500cc,No,Back,2007.0,Slight,Other,Dry,Daylight,30.0,Rural,2007.0
200650E31O880,21 - 25,13.0,Urban area,5.0,1299.0,,,Data missing or out of range,Data missing or out of range,FORD,FIESTA LA,Petrol,Male,,No tow/articulation,Did not leave carriageway,0.0,Going ahead other,1.0,Car,Data missing or out of range,Front,2006.0,Slight,Raining + high winds,Wet or damp,Darkness - lights lit,30.0,Urban,2006.0