Accident_Index,Age_Band_of_Driver,Age_of_Vehicle,Driver_Home_Area_Type,Driver_IMD_Decile,Engine_Capacity_.CC.,Hit_Object_in_Carriageway,Hit_Object_off_Carriageway,Journey_Purpose_of_Driver,Junction_Location,make,model,Propulsion_Code,Sex_of_Driver,Skidding_and_Overturning,Towing_and_Articulation,Vehicle_Leaving_Carriageway,Vehicle_Location.Restricted_Lane,Vehicle_Manoeuvre,Vehicle_Reference,Vehicle_Type,Was_Vehicle_Left_Hand_Drive,X1st_Point_of_Impact,Year_x,Severity_Label,Weather_Conditions,Road_Surface_Conditions,Light_Conditions,Speed_limit,Urban_or_Rural_Area,Year_y
2006600WR6012,36 - 45,5.0,Urban area,9.0,2179.0,,,Other/Not known (2005-10),Not at or within 20 metres of junction,PEUGEOT,406 EXECUTIVE HDI(136),Heavy oil,Male,,No tow/articulation,Did not leave carriageway,0.0,Waiting to go - held up,2.0,Car,No,Back,2006.0,Slight,Raining no high winds,Wet or damp,Daylight,60.0,Rural,2006.0
2004530AI3845,16 - 20,2.0,Urban area,7.0,125.0,,,Data missing or out of range,Data missing or out of range,APRILIA,,Petrol,Male,,No tow/articulation,Did not leave carriageway,0.0,Overtaking moving vehicle - offside,1.0,Motorcycle 125cc and under,Data missing or out of range,Front,2004.0,,,,,,,
2005470500166,26 - 35,1.0,Urban area,9.0,1360.0,,,Journey as part of work,Not at or within 20 metres of junction,PEUGEOT,206 S,Petrol,Female,Skidded,No tow/articulation,Did not leave carriageway,0.0,Going ahead other,1.0,Car,No,Front,2005.0,Slight,Fine no high winds,Dry,Darkness - lights lit,40.0,Urban,2005.0
2007440375829,16 - 20,13.0,Urban area,9.0,1299.0,,,Other/Not known (2005-10),Approaching junction or waiting/parked at junction approach,FORD,FIESTA LX EQUIPE,Petrol,Male,,No tow/articulation,Did not leave carriageway,0.0,Going ahead other,1.0,Car,No,Front,2007.0,Slight,Fine no high winds,Dry,Daylight,30.0,Urban,2007.0
200750B41L966,46 - 55,5.0,Urban area,8.0,1149.0,,,Data missing or out of range,Mid Junction - on roundabout or on main road,RENAULT,CLIO DYNAMIQUE 16V,Petrol,Female,,No tow/articulation,Did not leave carriageway,0.0,Going ahead other,2.0,Car,No,Nearside,2007.0,Slight,Fine no high winds,Dry,Daylight,30.0,Urban,2007.0
200401TC00223,36 - 45,3.0,Urban area,5.0,1242.0,,,Data missing or out of range,Data missing or out of range,FIAT,BRAVO 80 SX,Petrol,Female,,No tow/articulation,Did not leave carriageway,0.0,Going ahead other,3.0,109,Data missing or out of range,Front,2004.0,,,,,,,
200445GU62196,36 - 45,1.0,Rural,10.0,1686.0,,,Data missing or out of range,Data missing or out of range,VAUXHALL,ASTRA LS ECO CDTI,Heavy oil,Female,,No tow/articulation,Did not leave carriageway,0.0,Turning right,1.0,109,Data missing or out of range,Front,2004.0,,,,,,,
2007440120099,16 - 20,11.0,Urban area,4.0,1119.0,,,Other/Not known (2005-10),Entering main road,FORD,FIESTA CLASSIC QUARTZ,Petrol,Female,,No tow/articulation,Did not leave carriageway,0.0,Turning right,1.0,Car,No,Offside,2007.0,Slight,Fine no high winds,Dry,Darkness - lights lit,30.0,Urban,2007.0
200405FT01326,21 - 25,,Urban area,8.0,1124.0,,,Data missing or out of range,Data missing or out of range,PEUGEOT,206 FEVER,Petrol,Female,,No tow/articulation,Did not leave carriageway,0.0,Going ahead other,2.0,109,Data missing or out of range,Offside,2004.0,,,,,,,
200745SP12792,26 - 35,2.0,Urban area,3.0,499.0,,,Other/Not known (2005-10),Approaching junction or waiting/parked at junction approach,HONDA,CBF 500 A-4,Petrol,Male,,No tow/articulation,Did not leave carriageway,0.0,Slowing or stopping,1.0,Motorcycle over 125cc and up to 500cc,No,Offside,2007.0,Slight,Raining no high winds,Wet or damp,Darkness - lights lit,30.0,Urban,2007.0
2007470707976,36 - 45,1.0,Urban area,10.0,1870.0,,,Other/Not known (2005-10),Entering roundabout,RENAULT,LAGUNA PR-LEGE DCI 130 E4,Heavy oil,Male,,No tow/articulation,Did not leave carriageway,0.0,Moving off,1.0,Car,No,Front,2007.0,Serious,Fine no high winds,Dry,Daylight,30.0,Urban,2007.0
200401BS09026,36 - 45,5.0,Urban area,2.0,124.0,,,Data missing or out of range,Data missing or out of range,PIAGGIO,VESPA ET4,Petrol,Male,,No tow/articulation,Did not leave carriageway,0.0,Overtaking moving vehicle - offside,1.0,Motorcycle 125cc and under,Data missing or out of range,Nearside,2004.0,,,,,,,
2007520025160,36 - 45,17.0,Data missing or out of range,,1781.0,,,Other/Not known (2005-10),Entering from slip road,VOLKSWAGEN,GOLF GL 4+E 1.8,Petrol,Male,,No tow/articulation,Did not leave carriageway,0.0,Moving off,1.0,Car,No,Offside,2007.0,Slight,Fine no high winds,Wet or damp,Daylight,30.0,Urban,2007.0
2005445SC0011,26 - 35,10.0,Data missing or out of range,,2799.0,,,Other/Not known (2005-10),Not at or within 20 metres of junction,MERCEDES,C280 SPORT AUTO,Petrol,Male,,No tow/articulation,Nearside,0.0,Going ahead other,1.0,Car,No,Front,2005.0,Slight,Fine no high winds,Dry,Daylight,30.0,Urban,2005.0
200804BB08202,36 - 45,6.0,Urban area,4.0,1870.0,,,Other/Not known (2005-10),Not at or within 20 metres of junction,RENAULT,LL29 DCI 100,Heavy oil,Male,Skidded,No tow/articulation,Did not leave carriageway,0.0,Going ahead other,1.0,Van / Goods 3.5 tonnes mgw or under,No,Front,2008.0,Slight,Fine no high winds,Dry,Daylight,30.0,Urban,2008.0
2007950005323,46 - 55,5.0,Rural,,2800.0,,,Other/Not known (2005-10),Not at or within 20 metres of junction,CITROEN,RELAY 1800 TD HDI LWB,Heavy oil,Male,,No tow/articulation,Did not leave carriageway,0.0,Going ahead other,1.0,Van / Goods 3.5 tonnes mgw or under,No,Nearside,2007.0,Slight,Fine no high winds,Dry,Daylight,30.0,Urban,2007.0
200730B000496,26 - 35,10.0,Urban area,6.0,996.0,,Road sign or traffic signal,Other/Not known (2005-10),Not at or within 20 metres of junction,HONDA,,Petrol,Female,,No tow/articulation,Nearside,0.0,Going ahead left-hand bend,1.0,Motorcycle over 500cc,No,Front,2007.0,Serious,Fine no high winds,Dry,Daylight,60.0,Rural,2007.0
2006100323906,Over 75,17.0,Urban area,9.0,85.0,,,Other/Not known (2005-10),Entering main road,HONDA,C90MG,Petrol,Male,,No tow/articulation,Did not leave carriageway,0.0,Turning right,1.0,Motorcycle 125cc and under,No,Front,2006.0,Slight,Fine no high winds,Dry,Daylight,30.0,Urban,2006.0
2005230595151,26 - 35,10.0,Urban area,10.0,2499.0,,,Other/Not known (2005-10),Not at or within 20 metres of junction,ISUZU,,Heavy oil,Male,,No tow/articulation,Did not leave carriageway,0.0,Parked,1.0,Goods over 3.5t. and under 7.5t,No,Back,2005.0,Slight,Raining no high winds,Wet or damp,Darkness - no lighting,30.0,Rural,2005.0
2004620105665,46 - 55,8.0,Urban area,,5900.0,,,Data missing or out of range,Data missing or out of range,DENNIS,,Heavy oil,Male,,No tow/articulation,Did not leave carriageway,0.0,Turning right,1.0,Bus or coach (17 or more pass seats),Data missing or out of range,Did not impact,2004.0,,,,,,,
200601XD80930,Data missing or out of range,,Data missing or out of range,,,,,Journey as part of work,Approaching junction or waiting/parked at junction approach,SCANIA,,,Male,,No tow/articulation,Did not leave carriageway,0.0,Going ahead other,2.0,Goods 7.5 tonnes mgw and over,No,Back,2006.0,Slight,Raining no high winds,Wet or damp,Daylight,30.0,Urban,2006.0
200514A162105,36 - 45,8.0,Urban area,5.0,1905.0,,,Other/Not known (2005-10),Not at or within 20 metres of junction,CITROEN,XANTIA 1.9 TURBO D SX,Heavy oil,Male,,No tow/articulation,Did not leave carriageway,0.0,Slowing or stopping,1.0,Car,No,Back,2005.0,Slight,Fine no high winds,Dry,Daylight,40.0,Urban,2005.0
200601KF60261,26 - 35,8.0,Urban area,3.0,998.0,,,Other/Not known (2005-10),Approaching junction or waiting/parked at junction approach,NISSAN,MICRA TWISTER,Petrol,Female,,No tow/articulation,Did not leave carriageway,0.0,Slowing or stopping,1.0,Car,No,Back,2006.0,Slight,Fine no high winds,Dry,Daylight,30.0,Urban,2006.0
200545WO66481,Data missing or out of range,16.0,Data missing or out of range,,2968.0,,,Other/Not known (2005-10),Approaching junction or waiting/parked at junction approach,VAUXHALL,SENATOR 3.0I AUTO,Petrol,Male,,No tow/articulation,Straight ahead at junction,0.0,Going ahead other,2.0,Car,No,Back,2005.0,Slight,Other,Wet or damp,Daylight,40.0,Rural,2005.0
2005130054605,21 - 25,3.0,Urban area,6.0,1686.0,,,Other/Not known (2005-10),Leaving roundabout,VAUXHALL,ASTRA LS DTI,Heavy oil,Female,Skidded,No tow/articulation,Did not leave carriageway,0.0,Going ahead other,2.0,Car,No,Front,2005.0,Slight,Other,Wet or damp,Daylight,70.0,Rural,2005.0
200501TW60430,36 - 45,2.0,Data missing or out of range,,8268.0,,,Journey as part of work,Not at or within 20 metres of junction,DENNIS,,Heavy oil,Male,,No tow/articulation,Did not leave carriageway,0.0,Going ahead other,1.0,Bus or coach (17 or more pass seats),No,Front,2005.0,Slight,Fine no high winds,Wet or damp,Daylight,40.0,Urban,2005.0
200714G104707,26 - 35,10.0,Small town,9.0,1799.0,,,Other/Not known (2005-10),Not at or within 20 metres of junction,VAUXHALL,VECTRA GLS 16V,Petrol,Male,,No tow/articulation,Did not leave carriageway,0.0,Going ahead other,1.0,Car,No,Nearside,2007.0,Slight,Fine no high winds,Dry,Daylight,40.0,Urban,2007.0
2004440DR0185,36 - 45,9.0,Rural,5.0,1905.0,,,Data missing or out of range,Data missing or out of range,PEUGEOT,405 GLX TURBO DIESEL,Heavy oil,Male,,No tow/articulation,Did not leave carriageway,0.0,Going ahead other,1.0,109,Data missing or out of range,Front,2004.0,,,,,,,
200404D001604,36 - 45,3.0,Urban area,2.0,1796.0,,,Data missing or out of range,Data missing or out of range,FORD,MONDEO VERONA,Petrol,Male,,No tow/articulation,Did not leave carriageway,0.0,Going ahead other,1.0,109,Data missing or out of range,Nearside,2004.0,,,,,,,
200701QK50274,56 - 65,3.0,Urban area,6.0,4196.0,,,Other/Not known (2005-10),Mid Junction - on roundabout or on main road,JAGUAR,XJ8 V8 SOVEREIGN LWB AUTO,Petrol,Male,,No tow/articulation,Did not leave carriageway,0.0,Turning right,2.0,Car,No,Offside,2007.0,Slight,Fine no high winds,Dry,Daylight,30.0,Urban,2007.0
2007440539553,56 - 65,,Rural,4.0,124.0,,,Other/Not known (2005-10),Not at or within 20 metres of junction,SUZUKI,FL 125 S DW K7 ADDRESS,Petrol,Female,,No tow/articulation,Did not leave carriageway,0.0,Going ahead other,2.0,Motorcycle over 125cc and up to 500cc,No,Front,2007.0,Slight,Fine no high winds,Dry,Daylight,50.0,Rural,2007.0
2006070600289,26 - 35,1.0,Urban area,3.0,50.0,,,Other/Not known (2005-10),Approaching junction or waiting/parked at junction approach,JINLUN,,Petrol,Male,,No tow/articulation,Did not leave carriageway,0.0,Going ahead other,2.0,Motorcycle 125cc and under,No,Nearside,2006.0,Slight,Fine no high winds,Wet or damp,Daylight,30.0,Urban,2006.0
2006130949606,46 - 55,6.0,Urban area,8.0,9600.0,,,Journey as part of work,Not at or within 20 metres of junction,VOLVO,,Heavy oil,Male,,No tow/articulation,Did not leave carriageway,0.0,Going ahead other,1.0,Bus or coach (17 or more pass seats),No,Did not impact,2006.0,Slight,Fine no high winds,Dry,Daylight,30.0,Urban,2006.0
20074100B0378,46 - 55,9.0,Urban area,6.0,,,,Journey as part of work,Mid Junction - on roundabout or on main road,LEYLAND DAF,FTG 85CF 380,Heavy oil,Male,Overturned,Articulated vehicle,Did not leave carriageway,0.0,Going ahead other,1.0,Goods 7.5 tonnes mgw and over,No,Nearside,2007.0,Slight,Fine no high winds,Dry,Daylight,70.0,Rural,2007.0
200406Q910455,36 - 45,1.0,Data missing or out of range,,1997.0,,,Data missing or out of range,Data missing or out of range,PEUGEOT,307 S HDI 90,Heavy oil,Male,,No tow/articulation,Did not leave carriageway,0.0,Slowing or stopping,2.0,109,Data missing or out of range,Back,2004.0,,,,,,,
2005130579405,26 - 35,5.0,Urban area,8.0,899.0,,,Other/Not known (2005-10),Not at or within 20 metres of junction,KAWASAKI,ZX900-E1,Petrol,Male,,No tow/articulation,Did not leave carriageway,0.0,Slowing or stopping,2.0,Motorcycle over 500cc,No,Front,2005.0,Slight,Fine no high winds,Dry,Daylight,30.0,Urban,2005.0
200446TH99969,Data missing or out of range,16.0,Data missing or out of range,,1198.0,,,Data missing or out of range,Data missing or out of range,LADA,RIVA L,Petrol,Not known,,No tow/articulation,Did not leave carriageway,0.0,Parked,1.0,109,Data missing or out of range,Offside,2004.0,,,,,,,
2005100955905,36 - 45,11.0,Urban area,2.0,,,,Journey as part of work,Approaching junction or waiting/parked at junction approach,DENNIS,,Heavy oil,Male,,No tow/articulation,Did not leave carriageway,0.0,Going ahead other,2.0,Bus or coach (17 or more pass seats),No,Did not impact,2005.0,Slight,Other,Dry,Daylight,30.0,Urban,2005.0
200601ZD30513,26 - 35,1.0,Urban area,8.0,124.0,Bollard or refuge,,Other/Not known (2005-10),Approaching junction or waiting/parked at junction approach,YAMAHA,YP1 25R,Petrol,Male,,No tow/articulation,Did not leave carriageway,0.0,Overtaking static vehicle - offside,1.0,Motorcycle 125cc and under,No,Nearside,2006.0,Serious,Fine no high winds,Dry,Daylight,30.0,Urban,2006.0
200401QK00616,36 - 45,4.0,Urban area,4.0,3199.0,Parked vehicle,,Data missing or out of range,Data missing or out of range,MERCEDES,,Petrol,Male,,No tow/articulation,Did not leave carriageway,0.0,Going ahead other,1.0,109,Data missing or out of range,Nearside,2004.0,,,,,,,
200732B189007,16 - 20,6.0,Urban area,10.0,1242.0,,,Commuting to/from work,Mid Junction - on roundabout or on main road,FIAT,PUNTO ELX 8V,Petrol,Male,,No tow/articulation,Did not leave carriageway,0.0,Going ahead other,2.0,Car,No,Nearside,2007.0,Slight,Raining no high winds,Wet or damp,Darkness - lights lit,30.0,Urban,2007.0
2006960602405,56 - 65,,Small town,,,,,Other/Not known (2005-10),Approaching junction or waiting/parked at junction approach,VOLVO,,,Male,Skidded,No tow/articulation,Nearside,0.0,Turning right,1.0,Car,No,Offside,2006.0,Serious,Raining no high winds,Wet or damp,Darkness - no lighting,60.0,Rural,2006.0
2007400D01475,16 - 20,10.0,Small town,8.0,1396.0,,,Other/Not known (2005-10),Not at or within 20 metres of junction,HONDA,CIVIC 1.4I TORNADO,Petrol,Male,,No tow/articulation,Did not leave carriageway,0.0,Going ahead right-hand bend,2.0,Car,No,Front,2007.0,Slight,Raining no high winds,Wet or damp,Darkness - lights lit,30.0,Rural,2007.0
200601JI40240,36 - 45,6.0,Data missing or out of range,,,,,Other/Not known (2005-10),Mid Junction - on roundabout or on main road,DENNIS,,Heavy oil,Male,,No tow/articulation,Did not leave carriageway,0.0,Going ahead other,2.0,Bus or coach (17 or more pass seats),No,Front,2006.0,Slight,Fine no high winds,Dry,Daylight,30.0,Urban,2006.0
200743R037117,21 - 25,,Urban area,3.0,2198.0,,Tree,Other/Not known (2005-10),Not at or within 20 metres of junction,FORD,TRANSIT 85 T280S FWD,Heavy oil,Male,,No tow/articulation,Nearside,0.0,Slowing or stopping,2.0,Van / Goods 3.5 tonnes mgw or under,No,Back,2007.0,Slight,Fine no high winds,Dry,Daylight,40.0,Rural,2007.0
200704BC07102,36 - 45,14.0,Small town,9.0,1686.0,,,Commuting to/from work,Not at or within 20 metres of junction,VAUXHALL,ASTRA LS TURBO DIESEL,Heavy oil,Female,,No tow/articulation,Did not leave carriageway,0.0,Going ahead other,2.0,Car,No,Front,2007.0,Slight,Fine no high winds,Dry,Daylight,30.0,Urban,2007.0
2007360042218,46 - 55,,Rural,4.0,1596.0,,,Other/Not known (2005-10),Mid Junction - on roundabout or on main road,FORD,FUSION ZETEC CLIMATE,Petrol,Male,,No tow/articulation,Did not leave carriageway,0.0,Going ahead other,2.0,Car,No,Front,2007.0,Slight,Fine no high winds,Dry,Daylight,60.0,Rural,2007.0
200642A002501,56 - 65,2.0,Urban area,8.0,1360.0,,,Journey as part of work,Not at or within 20 metres of junction,CITROEN,C3 PLURIEL,Petrol,Male,Skidded,No tow/articulation,Did not leave carriageway,0.0,Going ahead left-hand bend,3.0,Car,No,Front,2006.0,Slight,Fine no high winds,Dry,Darkness - no lighting,70.0,Rural,2006.0
2004170S15024,26 - 35,2.0,Urban area,1.0,1998.0,,,Data missing or out of range,Data missing or out of range,VAUXHALL,ASTRA COUPE CONVERTIBLE,Petrol,Male,,No tow/articulation,Did not leave carriageway,0.0,Going ahead other,2.0,109,Data missing or out of range,Front,2004.0,,,,,,,
2006520030902,26 - 35,4.0,Urban area,10.0,1199.0,,,Other/Not known (2005-10),Approaching junction or waiting/parked at junction approach,VAUXHALL,CORSA COMFORT 16V,Petrol,Female,,No tow/articulation,Did not leave carriageway,0.0,Waiting to go - held up,1.0,Car,No,Back,2006.0,Slight,Fine no high winds,Dry,Daylight,30.0,Urban,2006.0
200701JI68842,56 - 65,7.0,Urban area,7.0,1850.0,,,Other/Not known (2005-10),Mid Junction - on roundabout or on main road,HONDA,ACCORD VTEC SE EXEC,Petrol,Male,,No tow/articulation,Did not leave carriageway,0.0,Going ahead other,2.0,Car,No,Offside,2007.0,Serious,Fine no high winds,Dry,Daylight,30.0,Urban,2007.0
2007130566207,36 - 45,3.0,Urban area,3.0,10824.0,,,Journey as part of work,Not at or within 20 metres of junction,ERF,,Heavy oil,Male,,Articulated vehicle,Did not leave carriageway,0.0,Going ahead other,2.0,Goods 7.5 tonnes mgw and over,No,Front,2007.0,Slight,Raining no high winds,Wet or damp,Daylight,70.0,Rural,2007.0
2006470600194,36 - 45,12.0,Urban area,3.0,1580.0,,,Other/Not known (2005-10),Approaching junction or waiting/parked at junction approach,PEUGEOT,205 JUNIOR AUTO,Petrol,Male,,No tow/articulation,Did not leave carriageway,0.0,Slowing or stopping,2.0,Car,No,Did not impact,2006.0,Slight,Fine no high winds,Dry,Darkness - lights lit,30.0,Urban,2006.0
200422EB28285,56 - 65,6.0,Rural,6.0,1905.0,,Other permanent object,Data missing or out of range,Data missing or out of range,CITROEN,XSARA LX TD,Heavy oil,Male,,No tow/articulation,Nearside,0.0,Going ahead other,2.0,109,Data missing or out of range,Front,2004.0,,,,,,,
200632C011206,56 - 65,3.0,Data missing or out of range,,1951.0,,,Journey as part of work,Mid Junction - on roundabout or on main road,LAND ROVER,FREELANDER KALAHARI TD4,Heavy oil,Male,,No tow/articulation,Did not leave carriageway,0.0,Moving off,1.0,Car,No,Offside,2006.0,Slight,Raining no high winds,Wet or damp,Daylight,60.0,Rural,2006.0
200454DE56504,26 - 35,4.0,Data missing or out of range,,1124.0,,,Data missing or out of range,Data missing or out of range,PEUGEOT,106 XN ZEST 2,Petrol,Male,,No tow/articulation,Did not leave carriageway,2.0,Changing lane to left,2.0,109,Data missing or out of range,Back,2004.0,,,,,,,
200806J090064,21 - 25,5.0,Data missing or out of range,,1396.0,,,Commuting to/from work,Cleared junction or waiting/parked at junction exit,MG,ZR+,Petrol,Male,,No tow/articulation,Did not leave carriageway,0.0,Going ahead other,2.0,Car,No,Offside,2008.0,Slight,Fine no high winds,Frost or ice,Daylight,30.0,Urban,2008.0
200701CW10066,Data missing or out of range,2.0,Urban area,2.0,1796.0,,,Other/Not known (2005-10),Not at or within 20 metres of junction,ROVER,45 CLUB SE CVT,Petrol,Male,,No tow/articulation,Did not leave carriageway,0.0,Changing lane to left,2.0,Car,No,Nearside,2007.0,Serious,Fine no high winds,Wet or damp,Daylight,30.0,Urban,2007.0
200501TA00254,26 - 35,,Urban area,7.0,1598.0,,,Journey as part of work,Approaching junction or waiting/parked at junction approach,MINI,MINI COOPER S AUTO,Petrol,Female,,No tow/articulation,Did not leave carriageway,0.0,Turning right,1.0,Car,No,Front,2005.0,Serious,Fine no high winds,Dry,Daylight,30.0,Urban,2005.0
200401YE80050,26 - 35,,Data missing or out of range,,,,Other permanent object,Data missing or out of range,Data missing or out of range,FORD,RANGER 4X4 TURBO DIESEL,,Male,Overturned,No tow/articulation,Nearside,0.0,Going ahead other,1.0,Other vehicle,Data missing or out of range,Data missing or out of range,2004.0,,,,,,,
2007230790552,46 - 55,,Rural,8.0,3200.0,,,Taking pupil to/from school,Approaching junction or waiting/parked at junction approach,MITSUBISHI,SHOGUN DIAMOND DI-D LWB A,Heavy oil,Male,,No tow/articulation,Did not leave carriageway,0.0,Going ahead other,4.0,Car,No,Offside,2007.0,Serious,Fine no high winds,Dry,Daylight,60.0,Rural,2007.0
2006930001470,26 - 35,6.0,Urban area,,1199.0,,,Commuting to/from work,Cleared junction or waiting/parked at junction exit,VAUXHALL,CORSA CLUB 16V AUTO,Petrol,Female,,No tow/articulation,Did not leave carriageway,0.0,Moving off,1.0,Car,No,Nearside,2006.0,Serious,Fine no high winds,Wet or damp,Daylight,30.0,Urban,2006.0
200401MM70813,36 - 45,5.0,Urban area,4.0,1783.0,,,Data missing or out of range,Data missing or out of range,RENAULT,LAGUNA RXE 16V,Petrol,Male,,No tow/articulation,Did not leave carriageway,0.0,Going ahead other,1.0,109,Data missing or out of range,Front,2004.0,,,,,,,
200706J076158,16 - 20,9.0,Data missing or out of range,,998.0,,,Other/Not known (2005-10),Not at or within 20 metres of junction,NISSAN,MICRA ENVY,Petrol,Male,,No tow/articulation,Did not leave carriageway,0.0,Going ahead left-hand bend,2.0,Car,No,Did not impact,2007.0,Slight,Fine no high winds,Wet or damp,Daylight,30.0,Rural,2007.0
200411DJ12220,46 - 55,,Urban area,4.0,,Other object,,Data missing or out of range,Data missing or out of range,HONDA,C50LA-G,,Male,,No tow/articulation,Did not leave carriageway,0.0,Going ahead other,1.0,Motorcycle 50cc and under,Data missing or out of range,Front,2004.0,,,,,,,
200514F066405,36 - 45,3.0,Urban area,6.0,1587.0,,,Other/Not known (2005-10),Not at or within 20 metres of junction,CITROEN,XSARA PICASSO LX 8V,Petrol,Female,,No tow/articulation,Did not leave carriageway,0.0,Going ahead other,1.0,Car,No,Front,2005.0,Slight,Fine no high winds,Dry,Darkness - lights lit,30.0,Urban,2005.0
2005620123975,Data missing or out of range,12.0,Data missing or out of range,,2470.0,,,Other/Not known (2005-10),Not at or within 20 metres of junction,MITSUBISHI,,Heavy oil,Not known,,No tow/articulation,Did not leave carriageway,0.0,Waiting to go - held up,1.0,Car,No,Back,2005.0,Slight,Fine + high winds,Dry,Darkness - lights lit,50.0,Rural,2005.0
2007350473807,21 - 25,14.0,Urban area,1.0,1495.0,,,Commuting to/from work,Entering main road,HYUNDAI,S-COUPE MVI,Petrol,Male,,No tow/articulation,Did not leave carriageway,0.0,Turning right,1.0,Car,No,Offside,2007.0,Slight,Fine no high winds,Wet or damp,Daylight,60.0,Rural,2007.0
2005960502536,56 - 65,2.0,Urban area,,998.0,,Other permanent object,Other/Not known (2005-10),Approaching junction or waiting/parked at junction approach,TOYOTA,YARIS VVTI COLOUR COLLECTIO,Petrol,Female,,No tow/articulation,Nearside and rebounded,0.0,Going ahead other,2.0,Car,No,Nearside,2005.0,Slight,Fine no high winds,Dry,Daylight,30.0,Urban,2005.0
2007131007607,26 - 35,3.0,Small town,,1596.0,,,Journey as part of work,Mid Junction - on roundabout or on main road,FORD,FOCUS FLIGHT,Petrol,Female,,No tow/articulation,Did not leave carriageway,0.0,Turning right,1.0,Car,No,Offside,2007.0,Fatal,Raining no high winds,Wet or damp,Daylight,30.0,Urban,2007.0
2007620169778,36 - 45,7.0,Data missing or out of range,,5900.0,,,Journey as part of work,Cleared junction or waiting/parked at junction exit,DENNIS,,Heavy oil,Male,,No tow/articulation,Did not leave carriageway,0.0,Going ahead other,2.0,Bus or coach (17 or more pass seats),No,Did not impact,2007.0,Slight,Fine no high winds,Dry,Daylight,30.0,Urban,2007.0
200432C118204,21 - 25,9.0,Urban area,3.0,1589.0,,,Data missing or out of range,Data missing or out of range,DAIHATSU,SPORTRAK ELX I,Petrol,Male,Skidded and overturned,No tow/articulation,Did not leave carriageway,0.0,Overtaking moving vehicle - offside,2.0,109,Data missing or out of range,Did not impact,2004.0,,,,,,,
2005070505383,21 - 25,,Urban area,3.0,998.0,,,Other/Not known (2005-10),Not at or within 20 metres of junction,VAUXHALL,CORSA ENERGY TWINPORT,Petrol,Female,,No tow/articulation,Did not leave carriageway,0.0,Slowing or stopping,3.0,Car,No,Back,2005.0,Slight,Fine no high winds,Wet or damp,Daylight,70.0,Rural,2005.0
2007470709032,46 - 55,8.0,Small town,6.0,2959.0,,,Journey as part of work,Not at or within 20 metres of junction,ALFA ROMEO,166 V6 24V SPORTRONIC,Petrol,Male,Skidded,No tow/articulation,Did not leave carriageway,0.0,Going ahead other,2.0,Car,No,Front,2007.0,Slight,Raining no high winds,Wet or damp,Daylight,60.0,Rural,2007.0
2008070301019,46 - 55,1.0,Small town,6.0,1686.0,,,Other/Not known (2005-10),Mid Junction - on roundabout or on main road,VAUXHALL,ASTRA LIFE CDTI,Heavy oil,Male,,No tow/articulation,Did not leave carriageway,0.0,Going ahead other,2.0,Car,No,Back,2008.0,Slight,Fine no high winds,Wet or damp,Darkness - no lighting,60.0,Rural,2008.0
200720E138002,21 - 25,,Urban area,1.0,,Kerb,Other permanent object,Journey as part of work,Cleared junction or waiting/parked at junction exit,DAF TRUCKS,FATCF75.250,,Male,,No tow/articulation,Offside,0.0,Going ahead other,1.0,Goods over 3.5t. and under 7.5t,No,Offside,2007.0,Slight,Raining no high winds,Wet or damp,Daylight,30.0,Urban,2007.0
2006950009651,36 - 45,3.0,Urban area,,1399.0,,,Other/Not known (2005-10),Not at or within 20 metres of junction,DAEWOO,KALOS XTRA,Petrol,Female,,No tow/articulation,Did not leave carriageway,0.0,Slowing or stopping,2.0,Car,No,Back,2006.0,Slight,Raining no high winds,Wet or damp,Darkness - lights lit,60.0,Rural,2006.0
200543N427095,21 - 25,,Urban area,5.0,125.0,,,Other/Not known (2005-10),Mid Junction - on roundabout or on main road,HONDA,CBR 125 R-5,Petrol,Male,,No tow/articulation,Did not leave carriageway,0.0,Going ahead other,2.0,Motorcycle 125cc and under,No,Nearside,2005.0,Slight,Fine no high winds,Dry,Daylight,30.0,Urban,2005.0
200605EE11748,46 - 55,4.0,Data missing or out of range,,1598.0,,,Other/Not known (2005-10),Mid Junction - on roundabout or on main road,RENAULT,MEGANE SCENIC EXP AUTO,Petrol,Female,Overturned,No tow/articulation,Nearside,0.0,Going ahead other,2.0,Car,No,Offside,2006.0,Slight,Fine no high winds,Dry,Daylight,30.0,Urban,2006.0
200420D215702,36 - 45,14.0,Urban area,1.0,1297.0,,,Data missing or out of range,Data missing or out of range,FORD,ESCORT L 5SPD,Petrol,Male,,No tow/articulation,Did not leave carriageway,0.0,Waiting to turn left,2.0,109,Data missing or out of range,Back,2004.0,,,,,,,
200630B000587,Data missing or out of range,,Urban area,1.0,,,,Journey as part of work,Not at or within 20 metres of junction,IVECO-FORD,,,Male,,No tow/articulation,Did not leave carriageway,0.0,Going ahead right-hand bend,4.0,Goods 7.5 tonnes mgw and over,No,Front,2006.0,Serious,Fine + high winds,Wet or damp,Daylight,60.0,Rural,2006.0
200743S126087,26 - 35,8.0,Urban area,6.0,1332.0,,,Other/Not known (2005-10),Cleared junction or waiting/parked at junction exit,TOYOTA,COROLLA SE 16V,Petrol,Female,,No tow/articulation,Did not leave carriageway,0.0,U-turn,1.0,Car,No,Front,2007.0,Slight,Fine no high winds,Dry,Daylight,60.0,Urban,2007.0