Accident_Index,Age_Band_of_Driver,Age_of_Vehicle,Driver_Home_Area_Type,Driver_IMD_Decile,Engine_Capacity_.CC.,Hit_Object_in_Carriageway,Hit_Object_off_Carriageway,Journey_Purpose_of_Driver,Junction_Location,make,model,Propulsion_Code,Sex_of_Driver,Skidding_and_Overturning,Towing_and_Articulation,Vehicle_Leaving_Carriageway,Vehicle_Location.Restricted_Lane,Vehicle_Manoeuvre,Vehicle_Reference,Vehicle_Type,Was_Vehicle_Left_Hand_Drive,X1st_Point_of_Impact,Year_x,Severity_Label,Weather_Conditions,Road_Surface_Conditions,Light_Conditions,Speed_limit,Urban_or_Rural_Area,Year_y
2005950005273,36 - 45,11.0,Urban area,,9600.0,,,Other/Not known (2005-10),Cleared junction or waiting/parked at junction exit,VOLVO,,Heavy oil,Male,,No tow/articulation,Did not leave carriageway,0.0,Turning right,2.0,Bus or coach (17 or more pass seats),No,Did not impact,2005.0,Slight,Fine no high winds,Dry,Daylight,30.0,Urban,2005.0
2006940602395,46 - 55,1.0,Urban area,,1599.0,,,Other/Not known (2005-10),Entering main road,KIA,CERATO LX,Petrol,Male,,No tow/articulation,Did not leave carriageway,0.0,Going ahead other,1.0,Car,No,Front,2006.0,Slight,Raining no high winds,Wet or damp,Daylight,30.0,Urban,2006.0
2006130077706,26 - 35,5.0,Urban area,1.0,1998.0,,,Other/Not known (2005-10),Cleared junction or waiting/parked at junction exit,TOYOTA,AVENSIS SR VVT-I,Petrol,Male,,No tow/articulation,Did not leave carriageway,0.0,Going ahead other,1.0,Taxi/Private hire car,No,Front,2006.0,Slight,Fine no high winds,Dry,Darkness - lights lit,30.0,Urban,2006.0
200640D007600,16 - 20,11.0,Urban area,5.0,1391.0,,Tree,Other/Not known (2005-10),Not at or within 20 metres of junction,SEAT,IBIZA SALSA,Petrol,Male,Skidded and overturned,No tow/articulation,Did not leave carriageway,0.0,Going ahead right-hand bend,1.0,Car,No,Nearside,2006.0,Slight,Fine no high winds,Dry,Daylight,60.0,Rural,2006.0
200445GU48624,21 - 25,5.0,Rural,5.0,1896.0,,,Data missing or out of range,Data missing or out of range,VOLKSWAGEN,BORA SPORT TDI,Heavy oil,Male,,No tow/articulation,Did not leave carriageway,0.0,Going ahead other,1.0,109,Data missing or out of range,Offside,2004.0,,,,,,,
200742I409210,16 - 20,1.0,Urban area,4.0,102.0,,,Other/Not known (2005-10),Not at or within 20 metres of junction,HONDA,SCV 100 F-5,Petrol,Male,,No tow/articulation,Did not leave carriageway,0.0,Going ahead other,2.0,Motorcycle 125cc and under,No,Front,2007.0,Serious,Fine no high winds,Dry,Daylight,40.0,Rural,2007.0
200406M917299,36 - 45,11.0,Urban area,3.0,1598.0,Parked vehicle,,Data missing or out of range,Data missing or out of range,MAZDA,323 GLXI ABS,Petrol,Male,,No tow/articulation,Did not leave carriageway,0.0,Parked,2.0,109,Data missing or out of range,Back,2004.0,,,,,,,
2007600CO5003,56 - 65,4.0,Rural,,1997.0,,,Commuting to/from work,Not at or within 20 metres of junction,CITROEN,XSARA LX HDI AUTO,Heavy oil,Male,,No tow/articulation,Did not leave carriageway,0.0,Going ahead other,3.0,Car,No,Offside,2007.0,Slight,Fine no high winds,Dry,Daylight,60.0,Rural,2007.0
200506G034040,26 - 35,10.0,Urban area,2.0,,,,Journey as part of work,Not at or within 20 metres of junction,FODEN,,Heavy oil,Male,,No tow/articulation,Did not leave carriageway,0.0,Parked,2.0,Goods 7.5 tonnes mgw and over,No,Back,2005.0,Slight,Fine no high winds,Dry,Daylight,30.0,Urban,2005.0
200543N312045,21 - 25,5.0,Urban area,7.0,1975.0,,Other permanent object,Journey as part of work,Not at or within 20 metres of junction,TOYOTA,,Heavy oil,Male,Skidded and overturned,No tow/articulation,Offside,0.0,Going ahead right-hand bend,2.0,Car,No,Offside,2005.0,Slight,Fine no high winds,Dry,Darkness - no lighting,60.0,Rural,2005.0
200501QA10470,Data missing or out of range,2.0,Urban area,7.0,1599.0,,,Other/Not known (2005-10),Approaching junction or waiting/parked at junction approach,HYUNDAI,ELANTRA SI,Petrol,Female,,No tow/articulation,Did not leave carriageway,0.0,Waiting to go - held up,2.0,Car,No,Back,2005.0,Slight,Fine no high winds,Dry,Daylight,30.0,Rural,2005.0
2005130054005,66 - 75,11.0,Urban area,1.0,11000.0,,,Other/Not known (2005-10),Not at or within 20 metres of junction,SCANIA,,Heavy oil,Male,,No tow/articulation,Did not leave carriageway,0.0,Moving off,1.0,Bus or coach (17 or more pass seats),No,Offside,2005.0,Slight,Fine no high winds,Wet or damp,Darkness - lights lit,30.0,Urban,2005.0
2004620119889,46 - 55,3.0,Urban area,,2402.0,,Central crash barrier,Data missing or out of range,Data missing or out of range,FORD,TRANSIT 330 LWB TD,Heavy oil,Male,Skidded and overturned,No tow/articulation,Offside,0.0,Overtaking moving vehicle - offside,3.0,Van / Goods 3.5 tonnes mgw or under,Data missing or out of range,Offside,2004.0,,,,,,,
20053102B0718,26 - 35,11.0,Rural,7.0,2799.0,,,Other/Not known (2005-10),Mid Junction - on roundabout or on main road,MERCEDES,E280 AUTO,Petrol,Male,Skidded,No tow/articulation,Did not leave carriageway,0.0,Going ahead other,2.0,Car,No,Front,2005.0,Slight,Fine no high winds,Dry,Daylight,50.0,Rural,2005.0
2006440078596,26 - 35,12.0,Urban area,2.0,999.0,,,Other/Not known (2005-10),Not at or within 20 metres of junction,FIAT,UNO 1.0 IE START,Petrol,Female,,No tow/articulation,Did not leave carriageway,0.0,Moving off,2.0,Car,No,Back,2006.0,Slight,Snowing + high winds,Wet or damp,Daylight,30.0,Urban,2006.0
2004130440204,36 - 45,3.0,Urban area,1.0,1497.0,Bollard or refuge,,Data missing or out of range,Data missing or out of range,NISSAN,ALMERA ACTIV,Petrol,Male,,No tow/articulation,Nearside,0.0,Turning right,1.0,109,Data missing or out of range,Did not impact,2004.0,,,,,,,
20044200K0015,36 - 45,1.0,Urban area,10.0,698.0,,,Data missing or out of range,Data missing or out of range,SMART,CITY PASSION 61 AUTO,Petrol,Male,,No tow/articulation,Did not leave carriageway,0.0,Waiting to go - held up,2.0,109,Data missing or out of range,Back,2004.0,,,,,,,
200601TB00254,26 - 35,16.0,Urban area,9.0,1590.0,,,Other/Not known (2005-10),Not at or within 20 metres of junction,HONDA,CONCERTO EX,Petrol,Male,,No tow/articulation,Did not leave carriageway,0.0,Going ahead other,1.0,Car,No,Front,2006.0,Serious,Fog or mist,Wet or damp,Darkness - lights lit,30.0,Urban,2006.0
2007160B05980,26 - 35,6.0,Rural,4.0,1149.0,Parked vehicle,,Other/Not known (2005-10),Cleared junction or waiting/parked at junction exit,RENAULT,CLIO DYNAMIQUE 16V,Petrol,Female,,No tow/articulation,Did not leave carriageway,0.0,Going ahead other,1.0,Car,No,Front,2007.0,Slight,Fog or mist,Wet or damp,Darkness - lights lit,30.0,Rural,2007.0
200501CW10788,36 - 45,8.0,Data missing or out of range,,1781.0,Kerb,,Other/Not known (2005-10),Mid Junction - on roundabout or on main road,VOLKSWAGEN,PASSAT SPORT 20V TURBO AU,Petrol,Male,,No tow/articulation,Nearside,9.0,Going ahead other,1.0,Car,No,Front,2005.0,Slight,Fine no high winds,Dry,Daylight,30.0,Urban,2005.0
200501BS70392,26 - 35,,Urban area,4.0,1988.0,,,Other/Not known (2005-10),Not at or within 20 metres of junction,JAGUAR,X-TYPE SE D,Heavy oil,Male,,No tow/articulation,Did not leave carriageway,0.0,Going ahead other,2.0,Car,No,Front,2005.0,Slight,Fine no high winds,Dry,Daylight,30.0,Urban,2005.0
2007950004341,36 - 45,1.0,Rural,,1870.0,,,Other/Not known (2005-10),Not at or within 20 metres of junction,RENAULT,TRAFIC SL29 DCI 100+,Heavy oil,Male,,No tow/articulation,Did not leave carriageway,0.0,Going ahead other,2.0,Van / Goods 3.5 tonnes mgw or under,No,Front,2007.0,Fatal,Fine + high winds,Wet or damp,Daylight,40.0,Rural,2007.0
2005440568726,16 - 20,,Urban area,9.0,,,,Other/Not known (2005-10),Mid Junction - on roundabout or on main road,PEUGEOT,ELYSTAR 50,,Male,,No tow/articulation,Did not leave carriageway,0.0,Going ahead other,2.0,Car,No,Offside,2005.0,Slight,Fine no high winds,Dry,Daylight,30.0,Urban,2005.0
200637B025241,56 - 65,7.0,Urban area,4.0,1597.0,,,Other/Not known (2005-10),Approaching junction or waiting/parked at junction approach,NISSAN,ALMERA GX AUTO,Petrol,Male,,No tow/articulation,Did not leave carriageway,0.0,Waiting to turn left,1.0,Car,No,Nearside,2006.0,Serious,Fine no high winds,Wet or damp,Daylight,30.0,Urban,2006.0
2007530190790,36 - 45,1.0,Urban area,10.0,1400.0,,,Commuting to/from work,Not at or within 20 metres of junction,VOLKSWAGEN,POLO SE 75 AUTO,Petrol,Male,,No tow/articulation,Did not leave carriageway,0.0,Going ahead other,6.0,Car,No,Back,2007.0,Slight,Fine no high winds,Dry,Daylight,70.0,Rural,2007.0
200545SU73292,36 - 45,,Urban area,3.0,996.0,,,Other/Not known (2005-10),Approaching junction or waiting/parked at junction approach,SUZUKI,DL 1000 K3,Petrol,Female,,No tow/articulation,Offside,0.0,Overtaking moving vehicle - offside,1.0,Motorcycle over 500cc,No,Front,2005.0,Slight,Fine no high winds,Dry,Daylight,40.0,Urban,2005.0
200706XB79627,46 - 55,7.0,Urban area,5.0,1850.0,,,Commuting to/from work,Not at or within 20 metres of junction,HONDA,ACCORD VTEC SE AUTO,Petrol,Male,Skidded,No tow/articulation,Did not leave carriageway,0.0,Going ahead other,4.0,Car,No,Back,2007.0,Slight,Fine no high winds,Dry,Daylight,70.0,Rural,2007.0
200605FF09284,56 - 65,5.0,Urban area,1.0,,,,Journey as part of work,Approaching junction or waiting/parked at junction approach,DAF,,Heavy oil,Male,,No tow/articulation,Did not leave carriageway,0.0,Going ahead other,1.0,Bus or coach (17 or more pass seats),No,Did not impact,2006.0,Slight,Fine no high winds,Dry,Daylight,30.0,Urban,2006.0
2006470605311,36 - 45,18.0,Rural,7.0,2316.0,,,Other/Not known (2005-10),Entering main road,VOLVO,760 TURBO AUTO,Petrol,Female,,No tow/articulation,Did not leave carriageway,0.0,Turning right,1.0,Car,No,Offside,2006.0,Slight,Fine no high winds,Dry,Daylight,60.0,Rural,2006.0
2004440AA1065,26 - 35,1.0,Urban area,9.0,1339.0,,,Data missing or out of range,Data missing or out of range,HONDA,JAZZ SE,Petrol,Female,,No tow/articulation,Did not leave carriageway,0.0,Going ahead other,1.0,109,Data missing or out of range,Front,2004.0,,,,,,,
200701QK50196,36 - 45,3.0,Urban area,6.0,1951.0,,,Journey as part of work,Not at or within 20 metres of junction,ROVER,75 CONNOISSEUR CDT SE AUTO,Heavy oil,Male,,No tow/articulation,Did not leave carriageway,0.0,Going ahead other,1.0,Taxi/Private hire car,No,Front,2007.0,Serious,Fine no high winds,Dry,Darkness - lights lit,30.0,Urban,2007.0
200443W355074,36 - 45,,Rural,7.0,,,,Data missing or out of range,Data missing or out of range,FORD,TRANSIT 350 LWB TD,,Male,,No tow/articulation,Did not leave carriageway,0.0,Waiting to go - held up,4.0,Van / Goods 3.5 tonnes mgw or under,Data missing or out of range,Back,2004.0,,,,,,,
2006230691660,Data missing or out of range,5.0,Data missing or out of range,,49.0,,,Other/Not known (2005-10),Approaching junction or waiting/parked at junction approach,PEUGEOT,,Petrol,Male,,No tow/articulation,Did not leave carriageway,0.0,Overtaking moving vehicle - offside,1.0,Motorcycle 50cc and under,No,Front,2006.0,Slight,Raining no high winds,Wet or damp,Darkness - lights lit,30.0,Urban,2006.0
200505EE02179,36 - 45,12.0,Urban area,2.0,,,,Journey as part of work,Approaching junction or waiting/parked at junction approach,DENNIS,,Heavy oil,Male,,No tow/articulation,Did not leave carriageway,0.0,Going ahead other,1.0,Bus or coach (17 or more pass seats),No,Front,2005.0,Slight,Fine no high winds,Dry,Daylight,30.0,Urban,2005.0
200701XD80146,26 - 35,9.0,Urban area,3.0,1242.0,,,Journey as part of work,Not at or within 20 metres of junction,FIAT,PUNTO SX 60,Petrol,Female,,No tow/articulation,Did not leave carriageway,0.0,Slowing or stopping,1.0,Car,No,Back,2007.0,Slight,Raining no high winds,Wet or damp,Daylight,30.0,Urban,2007.0
200701CW11114,56 - 65,1.0,Data missing or out of range,,8300.0,,,Journey as part of work,Approaching junction or waiting/parked at junction approach,ALEXANDER DENNIS,,Heavy oil,Male,,No tow/articulation,Did not leave carriageway,0.0,Slowing or stopping,1.0,Bus or coach (17 or more pass seats),No,Did not impact,2007.0,Serious,Fine no high winds,Dry,Daylight,30.0,Urban,2007.0
20074100B0847,16 - 20,10.0,Urban area,6.0,1984.0,,,Other/Not known (2005-10),Cleared junction or waiting/parked at junction exit,VOLKSWAGEN,GOLF GTI ANNIVERSARY,Petrol,Male,,No tow/articulation,Did not leave carriageway,0.0,Turning left,1.0,Car,No,Front,2007.0,Slight,Raining no high winds,Wet or damp,Darkness - lights lit,30.0,Urban,2007.0
200650A33C291,21 - 25,12.0,Small town,3.0,1389.0,,,Data missing or out of range,Data missing or out of range,VAUXHALL,ASTRA LS I,Petrol,Male,,No tow/articulation,Did not leave carriageway,0.0,Going ahead other,1.0,Car,Data missing or out of range,Nearside,2006.0,Slight,Fine no high winds,Wet or damp,Darkness - no lighting,60.0,Rural,2006.0
2006470603498,56 - 65,1.0,Urban area,6.0,1240.0,,,Other/Not known (2005-10),Cleared junction or waiting/parked at junction exit,NISSAN,MICRA SE AUTO,Petrol,Female,,No tow/articulation,Did not leave carriageway,0.0,Waiting to go - held up,2.0,Car,No,Back,2006.0,Slight,Fine no high winds,Dry,Daylight,70.0,Rural,2006.0
2007160C07770,36 - 45,2.0,Urban area,3.0,11946.0,,,Journey as part of work,Not at or within 20 metres of junction,MERCEDES,,Heavy oil,Male,,Articulated vehicle,Did not leave carriageway,0.0,Going ahead other,2.0,Goods 7.5 tonnes mgw and over,No,Front,2007.0,Slight,Fine no high winds,Wet or damp,Darkness - lights lit,70.0,Rural,2007.0
2006130954206,16 - 20,,Urban area,,,,,Journey as part of work,Not at or within 20 metres of junction,RANSOME,,,Male,,No tow/articulation,Did not leave carriageway,0.0,Going ahead other,2.0,Van / Goods 3.5 tonnes mgw or under,No,Back,2006.0,Slight,Fine no high winds,Dry,Daylight,40.0,Urban,2006.0
200743R200057,56 - 65,1.0,Small town,,3498.0,,,Other/Not known (2005-10),Not at or within 20 metres of junction,MERCEDES,S350 AUTO,Petrol,Male,,No tow/articulation,Did not leave carriageway,0.0,Going ahead other,1.0,Car,No,Front,2007.0,Slight,Fine no high winds,Dry,Daylight,70.0,Rural,2007.0
200801XD80380,56 - 65,14.0,Urban area,5.0,1998.0,,,Other/Not known (2005-10),Approaching junction or waiting/parked at junction approach,TOYOTA,CARINA KUDOS PLUS,Petrol,Male,,No tow/articulation,Did not leave carriageway,0.0,Going ahead other,2.0,Car,No,Offside,2008.0,Serious,Fine no high winds,Dry,Daylight,30.0,Urban,2008.0
200704CM07179,56 - 65,2.0,Data missing or out of range,,998.0,,,Other/Not known (2005-10),Leaving roundabout,TOYOTA,AYGO SPORT VVT-I,Petrol,Female,,No tow/articulation,Did not leave carriageway,0.0,Going ahead other,2.0,Car,No,Offside,2007.0,Slight,Fine no high winds,Dry,Daylight,50.0,Rural,2007.0
200704TA07179,26 - 35,1.0,Urban area,9.0,1998.0,,,Journey as part of work,Not at or within 20 metres of junction,MAZDA,5 TS D,Heavy oil,Male,,No tow/articulation,Did not leave carriageway,0.0,Going ahead other,1.0,Car,No,Front,2007.0,Slight,Fine no high winds,Dry,Daylight,70.0,Rural,2007.0
200501YE80619,Data missing or out of range,6.0,Data missing or out of range,,1997.0,,,Other/Not known (2005-10),Not at or within 20 metres of junction,PEUGEOT,406 GLX HDI(110),Heavy oil,Male,,No tow/articulation,Did not leave carriageway,0.0,Going ahead other,2.0,Car,No,Front,2005.0,Slight,Fine no high winds,Dry,Daylight,30.0,Urban,2005.0
200720E160603,21 - 25,12.0,Urban area,1.0,1990.0,,,Other/Not known (2005-10),Approaching junction or waiting/parked at junction approach,MITSUBISHI,,Petrol,Male,,No tow/articulation,Did not leave carriageway,0.0,Waiting to go - held up,2.0,Car,No,Back,2007.0,Slight,Fine no high winds,Dry,Darkness - lights lit,30.0,Urban,2007.0
2006470606771,66 - 75,3.0,Urban area,10.0,1339.0,,,Other/Not known (2005-10),Not at or within 20 metres of junction,HONDA,JAZZ SE CVT,Petrol,Female,,No tow/articulation,Did not leave carriageway,0.0,Going ahead other,3.0,Car,No,Back,2006.0,Slight,Fine no high winds,Dry,Daylight,30.0,Urban,2006.0
2005330505687,26 - 35,5.0,Data missing or out of range,,4116.0,,,Other/Not known (2005-10),Not at or within 20 metres of junction,RENAULT,,Heavy oil,Male,,No tow/articulation,Did not leave carriageway,0.0,Going ahead other,4.0,Goods 7.5 tonnes mgw and over,No,Front,2005.0,Slight,Fine no high winds,Dry,Daylight,70.0,Rural,2005.0
2007470709537,16 - 20,7.0,Rural,6.0,998.0,,Telegraph or electricity pole,Other/Not known (2005-10),Not at or within 20 metres of junction,NISSAN,MICRA CELEBRATION 16V,Petrol,Male,Skidded,No tow/articulation,Nearside,0.0,Going ahead left-hand bend,1.0,Car,No,Offside,2007.0,Slight,Fine no high winds,Wet or damp,Darkness - no lighting,60.0,Rural,2007.0
200601MM70005,Data missing or out of range,4.0,Data missing or out of range,,1870.0,,,Other/Not known (2005-10),Approaching junction or waiting/parked at junction approach,VAUXHALL,VIVARO 2900 DI SWB,Heavy oil,Male,,No tow/articulation,Did not leave carriageway,0.0,Moving off,2.0,Van / Goods 3.5 tonnes mgw or under,No,Front,2006.0,Slight,Fine no high winds,Dry,Darkness - lights lit,30.0,Urban,2006.0
200601KD50647,26 - 35,6.0,Urban area,5.0,1781.0,,,Journey as part of work,Mid Junction - on roundabout or on main road,AUDI,,Petrol,Male,,No tow/articulation,Did not leave carriageway,0.0,Going ahead other,2.0,Car,No,Did not impact,2006.0,Slight,Fine no high winds,Dry,Daylight,70.0,Rural,2006.0
200514A109805,46 - 55,2.0,Urban area,2.0,1390.0,,,Other/Not known (2005-10),Approaching junction or waiting/parked at junction approach,RENAULT,MEGANE SCENIC FIDJI 16V,Petrol,Male,,No tow/articulation,Did not leave carriageway,0.0,Going ahead other,2.0,Car,No,Front,2005.0,Slight,Other,Dry,Daylight,30.0,Urban,2005.0
2006440386643,Over 75,1.0,Rural,8.0,1588.0,,Other permanent object,Other/Not known (2005-10),Approaching junction or waiting/parked at junction approach,ROVER,25 SEI 109 CVT,Petrol,Male,,No tow/articulation,Nearside,0.0,U-turn,1.0,Car,No,Front,2006.0,Slight,Fine no high winds,Dry,Daylight,30.0,Rural,2006.0
200530D000849,26 - 35,1.0,Urban area,4.0,1995.0,,,Commuting to/from work,Not at or within 20 metres of junction,BMW,318I ES,Petrol,Female,,No tow/articulation,Did not leave carriageway,0.0,Waiting to go - held up,2.0,Car,No,Back,2005.0,Slight,Fine no high winds,Wet or damp,Daylight,60.0,Rural,2005.0
200734WN08537,26 - 35,7.0,Urban area,1.0,1396.0,,,Pupil riding to/from school,Entering roundabout,ROVER,25 IE 16V,Petrol,Female,,No tow/articulation,Did not leave carriageway,0.0,Moving off,1.0,Car,No,Offside,2007.0,Slight,Fine no high winds,Dry,Darkness - lights lit,30.0,Urban,2007.0
2006100557606,66 - 75,,Urban area,5.0,1389.0,,,Other/Not known (2005-10),Mid Junction - on roundabout or on main road,VAUXHALL,CORSA ACTIVE AUTO,Petrol,Female,,No tow/articulation,Did not leave carriageway,0.0,Going ahead other,2.0,Car,No,Front,2006.0,Slight,Fine no high winds,Dry,Daylight,40.0,Rural,2006.0
2007440427816,26 - 35,8.0,Urban area,4.0,1797.0,,,Other/Not known (2005-10),Mid Junction - on roundabout or on main road,HONDA,CIVIC VTI-S,Petrol,Male,,No tow/articulation,Did not leave carriageway,0.0,Going ahead other,1.0,Car,No,Front,2007.0,Slight,Fine no high winds,Dry,Daylight,30.0,Urban,2007.0
2005130324405,26 - 35,1.0,Small town,7.0,1998.0,,Road sign or traffic signal,Journey as part of work,Not at or within 20 metres of junction,FORD,MONDEO GHIA X TDCI AUTO,Heavy oil,Female,Skidded and overturned,No tow/articulation,Nearside,0.0,Going ahead other,1.0,Car,No,Front,2005.0,Slight,Fine no high winds,Wet or damp,Daylight,70.0,Rural,2005.0
20074100T3015,26 - 35,,Urban area,6.0,,,,Journey as part of work,Not at or within 20 metres of junction,PEUGEOT,PARTNER L 600 D,,Male,Skidded,No tow/articulation,Did not leave carriageway,0.0,Going ahead other,1.0,Car,No,Front,2007.0,Slight,Other,Wet or damp,Darkness - lights lit,70.0,Rural,2007.0
2004520012149,46 - 55,11.0,Urban area,2.0,1289.0,,,Data missing or out of range,Data missing or out of range,SKODA,FAVORIT GLXI SILVERLINE,Petrol,Female,,No tow/articulation,Did not leave carriageway,0.0,Slowing or stopping,1.0,109,Data missing or out of range,Back,2004.0,,,,,,,
200763CP18807,46 - 55,3.0,Rural,,1398.0,,,Other/Not known (2005-10),Approaching junction or waiting/parked at junction approach,PEUGEOT,206 S TD,Heavy oil,Female,,No tow/articulation,Did not leave carriageway,0.0,Going ahead right-hand bend,2.0,Car,No,Offside,2007.0,Slight,Fine no high winds,Dry,Daylight,30.0,Rural,2007.0
2004530AI0157,36 - 45,,Rural,9.0,,,,Data missing or out of range,Data missing or out of range,FORD,TRANSIT 330 LWB TD,,Male,,No tow/articulation,Did not leave carriageway,0.0,Turning right,2.0,109,Data missing or out of range,Back,2004.0,,,,,,,
200704FE07071,26 - 35,10.0,Urban area,2.0,1499.0,,,Taking pupil to/from school,Cleared junction or waiting/parked at junction exit,DAIHATSU,GRAND MOVE PLUS,Petrol,Female,,No tow/articulation,Did not leave carriageway,0.0,Parked,1.0,Car,No,Offside,2007.0,Serious,Fine no high winds,Dry,Daylight,30.0,Urban,2007.0
2004100458004,56 - 65,2.0,Urban area,1.0,12130.0,,,Data missing or out of range,Data missing or out of range,VOLVO,,Heavy oil,Male,,Articulated vehicle,Did not leave carriageway,0.0,Going ahead other,2.0,Goods 7.5 tonnes mgw and over,Data missing or out of range,Front,2004.0,,,,,,,
200520L159201,21 - 25,6.0,Urban area,1.0,11600.0,,,Journey as part of work,Mid Junction - on roundabout or on main road,DAF,,Heavy oil,Male,,No tow/articulation,Did not leave carriageway,0.0,Going ahead other,1.0,Bus or coach (17 or more pass seats),No,Front,2005.0,Slight,Fine no high winds,Dry,Daylight,60.0,Urban,2005.0
200601YE80814,26 - 35,,Urban area,3.0,102.0,,,Other/Not known (2005-10),Mid Junction - on roundabout or on main road,HONDA,SCV 100 F-5,Petrol,Male,,No tow/articulation,Did not leave carriageway,0.0,Waiting to go - held up,2.0,Motorcycle 125cc and under,No,Nearside,2006.0,Slight,Raining no high winds,Wet or damp,Darkness - lights lit,30.0,Urban,2006.0
200604FL06059,26 - 35,7.0,Urban area,7.0,1120.0,,,Taking pupil to/from school,Mid Junction - on roundabout or on main road,ROVER,200 SE,Petrol,Male,,No tow/articulation,Did not leave carriageway,0.0,Going ahead right-hand bend,2.0,Car,No,Front,2006.0,Slight,Fine no high winds,Dry,Daylight,70.0,Urban,2006.0
20054100T2107,36 - 45,2.0,Urban area,10.0,2401.0,,,Other/Not known (2005-10),Not at or within 20 metres of junction,VOLVO,XC 90 D5 SE AWD SEMI-AUTO,Heavy oil,Male,,No tow/articulation,Did not leave carriageway,0.0,Going ahead other,2.0,Car,No,Front,2005.0,Slight,Other,Wet or damp,Darkness - no lighting,70.0,Rural,2005.0
2007940700176,46 - 55,2.0,Data missing or out of range,,1598.0,,,Other/Not known (2005-10),Mid Junction - on roundabout or on main road,VAUXHALL,ASTRA DESIGN TWINPORT,Petrol,Female,,No tow/articulation,Did not leave carriageway,0.0,Going ahead other,2.0,Car,No,Front,2007.0,Slight,Fine no high winds,Dry,Daylight,50.0,Rural,2007.0
2007440581749,36 - 45,2.0,Urban area,7.0,1584.0,,,Other/Not known (2005-10),Entering roundabout,MITSUBISHI,LANCER ELEGANCE,Petrol,Female,,No tow/articulation,Did not leave carriageway,0.0,Slowing or stopping,2.0,Car,No,Back,2007.0,Slight,Fine no high winds,Wet or damp,Daylight,40.0,Rural,2007.0
200506J027889,21 - 25,2.0,Urban area,7.0,1794.0,,,Other/Not known (2005-10),Not at or within 20 metres of junction,TOYOTA,AVENSIS T3-S,Petrol,Male,,No tow/articulation,Did not leave carriageway,0.0,Overtaking - nearside,1.0,Car,No,Offside,2005.0,Slight,Fine no high winds,Dry,Daylight,30.0,Urban,2005.0
2005160C00970,16 - 20,7.0,Rural,6.0,1149.0,,,Other/Not known (2005-10),Not at or within 20 metres of junction,RENAULT,CLIO BIARRITZ,Petrol,Male,,No tow/articulation,Did not leave carriageway,0.0,Parked,3.0,Car,No,Front,2005.0,Slight,Fine no high winds,Dry,Darkness - no lighting,60.0,Rural,2005.0
200501BS70730,26 - 35,1.0,Data missing or out of range,,1753.0,,,Journey as part of work,Entering from slip road,FORD,TRAN CONNECT L 220 TD SWB,Heavy oil,Male,,No tow/articulation,Did not leave carriageway,0.0,Slowing or stopping,2.0,Van / Goods 3.5 tonnes mgw or under,No,Back,2005.0,Slight,Fine no high winds,Dry,Darkness - lights lit,30.0,Urban,2005.0
2004121750767,16 - 20,1.0,Urban area,8.0,1242.0,,,Data missing or out of range,Data missing or out of range,FIAT,PUNTO ACTIVE SPORT,Petrol,Female,,No tow/articulation,Did not leave carriageway,0.0,Going ahead other,2.0,109,Data missing or out of range,Offside,2004.0,,,,,,,
2006600FL6038,26 - 35,3.0,Small town,10.0,1998.0,,,Other/Not known (2005-10),Not at or within 20 metres of junction,HONDA,CR-V I-VTEC SE EXEC. AUTO,Petrol,Male,,No tow/articulation,Did not leave carriageway,0.0,Going ahead other,3.0,Car,No,Did not impact,2006.0,Fatal,Fine no high winds,Dry,Daylight,60.0,Rural,2006.0
200406J015606,16 - 20,7.0,Urban area,8.0,1120.0,,,Data missing or out of range,Data missing or out of range,ROVER,100 KNIGHTSBRIDGE,Petrol,Female,Skidded,No tow/articulation,Did not leave carriageway,0.0,Going ahead other,2.0,109,Data missing or out of range,Front,2004.0,,,,,,,
200697EB01810,16 - 20,3.0,Data missing or out of range,,1998.0,,,Other/Not known (2005-10),Approaching junction or waiting/parked at junction approach,FORD,TRANSIT 280 SWB TD,Heavy oil,Male,,No tow/articulation,Did not leave carriageway,0.0,Going ahead other,1.0,Van / Goods 3.5 tonnes mgw or under,No,Front,2006.0,Slight,Fine no high winds,Dry,Darkness - lights lit,30.0,Urban,2006.0
2005160B00920,36 - 45,2.0,Urban area,5.0,1598.0,,,Other/Not known (2005-10),Approaching junction or waiting/parked at junction approach,MERCEDES,A160 CLASSIC SE SWB AUTO,Petrol,Female,,No tow/articulation,Did not leave carriageway,0.0,Waiting to go - held up,1.0,Car,No,Back,2005.0,Slight,Fine no high winds,Dry,Daylight,30.0,Urban,2005.0
2006610095906,46 - 55,3.0,Rural,,2685.0,,,Commuting to/from work,Not at or within 20 metres of junction,MERCEDES,E270 CDI AVANTGARDE AUTO,Heavy oil,Male,,No tow/articulation,Did not leave carriageway,0.0,Waiting to go - held up,2.0,Car,No,Back,2006.0,Slight,Raining no high winds,Wet or damp,Darkness - no lighting,70.0,Rural,2006.0
200801XD80017,36 - 45,3.0,Rural,9.0,2987.0,,,Other/Not known (2005-10),Approaching junction or waiting/parked at junction approach,MERCEDES,E280 CDI AVANTGARDE AUTO,Heavy oil,Male,,No tow/articulation,Did not leave carriageway,0.0,Going ahead other,3.0,Car,No,Front,2008.0,Slight,Fine no high winds,Dry,Daylight,30.0,Urban,2008.0