Accident_Index,Age_Band_of_Driver,Age_of_Vehicle,Driver_Home_Area_Type,Driver_IMD_Decile,Engine_Capacity_.CC.,Hit_Object_in_Carriageway,Hit_Object_off_Carriageway,Journey_Purpose_of_Driver,Junction_Location,make,model,Propulsion_Code,Sex_of_Driver,Skidding_and_Overturning,Towing_and_Articulation,Vehicle_Leaving_Carriageway,Vehicle_Location.Restricted_Lane,Vehicle_Manoeuvre,Vehicle_Reference,Vehicle_Type,Was_Vehicle_Left_Hand_Drive,X1st_Point_of_Impact,Year_x,Severity_Label,Weather_Conditions,Road_Surface_Conditions,Light_Conditions,Speed_limit,Urban_or_Rural_Area,Year_y
200743N094107,26 - 35,,Urban area,5.0,,,,Journey as part of work,Approaching junction or waiting/parked at junction approach,NISSAN,CABSTAR 34.10 SWB,,Male,,No tow/articulation,Did not leave carriageway,0.0,Slowing or stopping,1.0,Car,No,Front,2007.0,Slight,Raining no high winds,Wet or damp,Daylight,60.0,Rural,2007.0
2007530193314,26 - 35,4.0,Urban area,7.0,1360.0,,,Other/Not known (2005-10),Not at or within 20 metres of junction,PEUGEOT,206 LX AUTO,Petrol,Male,,No tow/articulation,Did not leave carriageway,0.0,Overtaking moving vehicle - offside,2.0,Car,No,Back,2007.0,Slight,Fine no high winds,Dry,Daylight,60.0,Rural,2007.0
200701VW40034,26 - 35,,Urban area,2.0,,,,Journey as part of work,Not at or within 20 metres of junction,KIA,SEDONA SE AUTO,,Male,,No tow/articulation,Did not leave carriageway,0.0,Going ahead other,3.0,Van / Goods 3.5 tonnes mgw or under,No,Back,2007.0,Slight,Raining no high winds,Wet or damp,Daylight,30.0,Urban,2007.0
200801JI69379,46 - 55,7.0,Urban area,7.0,1796.0,,,Other/Not known (2005-10),Not at or within 20 metres of junction,ROVER,75 CLASSIC SE,Petrol,Male,,No tow/articulation,Did not leave carriageway,0.0,Parked,1.0,Car,No,Back,2008.0,Slight,Raining no high winds,Wet or damp,Daylight,30.0,Urban,2008.0
200701CP00265,36 - 45,7.0,Urban area,2.0,2362.0,,,Journey as part of work,Mid Junction - on roundabout or on main road,TOYOTA,PREVIA GLS VVTI AUTO,Petrol,Male,,No tow/articulation,Did not leave carriageway,0.0,Turning right,1.0,Car,No,Front,2007.0,Slight,Fine no high winds,Dry,Daylight,30.0,Urban,2007.0
200497AB06210,26 - 35,1.0,Data missing or out of range,,1149.0,,,Data missing or out of range,Data missing or out of range,RENAULT,CLIO DYNAMIQUE 16V,Petrol,Female,,No tow/articulation,Did not leave carriageway,0.0,Going ahead other,1.0,109,Data missing or out of range,Front,2004.0,,,,,,,
200522DJ48266,66 - 75,2.0,Urban area,7.0,1896.0,,,Other/Not known (2005-10),Approaching junction or waiting/parked at junction approach,SKODA,SUPERB ELEGANCE TDI,Heavy oil,Male,,No tow/articulation,Did not leave carriageway,0.0,Waiting to go - held up,2.0,Car,No,Back,2005.0,Slight,Fine no high winds,Wet or damp,Daylight,40.0,Urban,2005.0
200711CG15470,46 - 55,,Urban area,4.0,,,,Journey as part of work,Not at or within 20 metres of junction,FIAT,DUCATO COMBI JTD 16V MWB,,Male,Skidded,No tow/articulation,Did not leave carriageway,0.0,Going ahead left-hand bend,1.0,Minibus (8 - 16 passenger seats),No,Front,2007.0,Slight,Raining no high winds,Wet or damp,Daylight,60.0,Rural,2007.0
200643P033076,26 - 35,6.0,Urban area,6.0,1596.0,,,Journey as part of work,Entering roundabout,FORD,,Petrol,Male,Skidded,No tow/articulation,Did not leave carriageway,0.0,Going ahead other,1.0,Car,No,Nearside,2006.0,Slight,Fine no high winds,Dry,Daylight,30.0,Rural,2006.0
200806K005026,46 - 55,3.0,Data missing or out of range,,1363.0,,,Other/Not known (2005-10),Approaching junction or waiting/parked at junction approach,TOYOTA,YARIS T3 D-4D,Heavy oil,Female,,No tow/articulation,Did not leave carriageway,0.0,Parked,1.0,Car,No,Nearside,2008.0,Slight,Fine no high winds,Dry,Daylight,30.0,Urban,2008.0
2004214M24437,21 - 25,13.0,Urban area,2.0,1396.0,,Other permanent object,Data missing or out of range,Data missing or out of range,ROVER,214 GSI,Petrol,Male,Skidded and overturned,No tow/articulation,Nearside,0.0,Overtaking moving vehicle - offside,1.0,109,Data missing or out of range,Front,2004.0,,,,,,,
2005330507869,26 - 35,,Rural,7.0,1988.0,,,Commuting to/from work,Not at or within 20 metres of junction,JAGUAR,X-TYPE SE D,Heavy oil,Male,,No tow/articulation,Did not leave carriageway,0.0,Going ahead other,2.0,Car,No,Front,2005.0,Serious,Fine no high winds,Dry,Darkness - no lighting,60.0,Rural,2005.0
20044100B0797,16 - 20,7.0,Urban area,5.0,1595.0,,,Data missing or out of range,Data missing or out of range,AUDI,A3 1.6,Petrol,Male,,No tow/articulation,Did not leave carriageway,0.0,Turning left,1.0,109,Data missing or out of range,Nearside,2004.0,,,,,,,
2004600WR6040,26 - 35,6.0,Small town,,899.0,,Other permanent object,Data missing or out of range,Data missing or out of range,KAWASAKI,ZX 900-C1,Petrol,Male,,No tow/articulation,Nearside,0.0,Going ahead right-hand bend,1.0,106,Data missing or out of range,Front,2004.0,,,,,,,
2006100869606,36 - 45,5.0,Data missing or out of range,,1497.0,,,Other/Not known (2005-10),Entering main road,NISSAN,ALMERA ACTIV,Petrol,Female,,No tow/articulation,Did not leave carriageway,0.0,Turning right,2.0,Car,No,Offside,2006.0,Slight,Fine no high winds,Dry,Daylight,30.0,Urban,2006.0
200601CW10789,36 - 45,,Urban area,5.0,,,,Other/Not known (2005-10),Approaching junction or waiting/parked at junction approach,MERCEDES,208D SWB,,Male,,No tow/articulation,Did not leave carriageway,0.0,Waiting to go - held up,1.0,Car,No,Back,2006.0,Slight,Fine no high winds,Dry,Darkness - lights lit,30.0,Urban,2006.0
200420G024701,36 - 45,11.0,Urban area,2.0,1299.0,,,Data missing or out of range,Data missing or out of range,PROTON,GE,Petrol,Male,,No tow/articulation,Did not leave carriageway,0.0,Waiting to go - held up,2.0,109,Data missing or out of range,Back,2004.0,,,,,,,
200704DF07277,46 - 55,8.0,Urban area,4.0,2664.0,,,Journey as part of work,Mid Junction - on roundabout or on main road,LONDON TAXIS INT,TX1 SILVER,Heavy oil,Male,,No tow/articulation,Did not leave carriageway,0.0,Going ahead other,2.0,Taxi/Private hire car,No,Front,2007.0,Slight,Fine no high winds,Dry,Darkness - lights lit,30.0,Urban,2007.0
2005520160008,36 - 45,15.0,Urban area,9.0,1390.0,,,Taking pupil to/from school,Not at or within 20 metres of junction,RENAULT,19 CHAMADE TSE,Petrol,Female,Skidded,No tow/articulation,Did not leave carriageway,0.0,Slowing or stopping,1.0,Car,No,Back,2005.0,Slight,Snowing no high winds,Snow,Daylight,30.0,Urban,2005.0
200720Z042501,36 - 45,,Urban area,1.0,1598.0,,,Commuting to/from work,Not at or within 20 metres of junction,VAUXHALL,ASTRA LIFE A/C S-A,Petrol,Male,,No tow/articulation,Did not leave carriageway,0.0,Going ahead other,1.0,Car,No,Front,2007.0,Slight,Fine no high winds,Dry,Darkness - no lighting,70.0,Urban,2007.0
20073102B3563,16 - 20,13.0,Small town,6.0,1590.0,,,Other/Not known (2005-10),Not at or within 20 metres of junction,HONDA,CIVIC ESI AUTO,Petrol,Male,Skidded,No tow/articulation,Did not leave carriageway,0.0,Going ahead other,2.0,Car,No,Front,2007.0,Slight,Fine no high winds,Dry,Darkness - no lighting,60.0,Rural,2007.0
20053102D0171,56 - 65,3.0,Urban area,,1783.0,,,Journey as part of work,Not at or within 20 metres of junction,VOLVO,V40 S BI-FUEL,Gas/Bi-fuel,Male,,No tow/articulation,Did not leave carriageway,0.0,Going ahead other,3.0,Car,No,Front,2005.0,Slight,Fine + high winds,Wet or damp,Darkness - no lighting,60.0,Rural,2005.0
200804FA08111,36 - 45,6.0,Urban area,1.0,1598.0,,,Other/Not known (2005-10),Not at or within 20 metres of junction,RENAULT,MEGANE SCENIC EXPRESSION+,Petrol,Female,,No tow/articulation,Did not leave carriageway,0.0,Slowing or stopping,1.0,Car,No,Front,2008.0,Slight,Fine no high winds,Dry,Daylight,30.0,Urban,2008.0
2007350157707,36 - 45,1.0,Rural,7.0,1998.0,,,Other/Not known (2005-10),Mid Junction - on roundabout or on main road,VOLVO,V50 SPORT D (E4),Heavy oil,Male,Skidded,No tow/articulation,Did not leave carriageway,0.0,Going ahead other,3.0,Car,No,Front,2007.0,Slight,Fine no high winds,Dry,Daylight,70.0,Urban,2007.0
2004170M30914,16 - 20,11.0,Urban area,9.0,1389.0,,,Data missing or out of range,Data missing or out of range,VAUXHALL,ASTRA CALIFORNIA,Petrol,Male,,No tow/articulation,Did not leave carriageway,0.0,Going ahead other,2.0,109,Data missing or out of range,Front,2004.0,,,,,,,
200401LX00323,21 - 25,14.0,Urban area,4.0,400.0,,,Data missing or out of range,Data missing or out of range,HONDA,,Petrol,Female,,No tow/articulation,Did not leave carriageway,0.0,Going ahead other,2.0,106,Data missing or out of range,Front,2004.0,,,,,,,
200601CP00351,46 - 55,1.0,Data missing or out of range,,1896.0,,,Journey as part of work,Not at or within 20 metres of junction,FORD,GALAXY ZETEC TDI AUTO,Heavy oil,Male,,No tow/articulation,Did not leave carriageway,0.0,Waiting to go - held up,1.0,Taxi/Private hire car,No,Back,2006.0,Slight,Fine no high winds,Dry,Darkness - lights lit,30.0,Urban,2006.0
2007440566935,46 - 55,9.0,Data missing or out of range,,1597.0,,,Other/Not known (2005-10),Cleared junction or waiting/parked at junction exit,FORD,ESCORT FINESSE 16V,Petrol,Female,Skidded,No tow/articulation,Did not leave carriageway,0.0,Going ahead other,1.0,Car,No,Front,2007.0,Slight,Fine no high winds,Dry,Daylight,40.0,Urban,2007.0
200511DJ09150,36 - 45,5.0,Urban area,8.0,1396.0,,,Other/Not known (2005-10),Approaching junction or waiting/parked at junction approach,ROVER,25 IE 16V,Petrol,Female,,No tow/articulation,Did not leave carriageway,0.0,Waiting to go - held up,2.0,Car,No,Back,2005.0,Slight,Raining no high winds,Wet or damp,Daylight,30.0,Urban,2005.0
200643R102106,Over 75,7.0,Urban area,10.0,1597.0,,,Other/Not known (2005-10),Not at or within 20 metres of junction,NISSAN,,Petrol,Male,,No tow/articulation,Did not leave carriageway,0.0,Going ahead other,1.0,Car,No,Nearside,2006.0,Slight,Raining no high winds,Wet or damp,Darkness - lights lit,40.0,Rural,2006.0
20063102D3620,26 - 35,2.0,Urban area,5.0,998.0,,Other permanent object,Other/Not known (2005-10),Mid Junction - on roundabout or on main road,VAUXHALL,CORSA LIFE ECO TPORT S-A,Petrol,Male,,No tow/articulation,Offside,0.0,Going ahead other,2.0,Car,No,Front,2006.0,Slight,Fog or mist,Wet or damp,Darkness - lights lit,30.0,Urban,2006.0
200401JI00288,16 - 20,2.0,Urban area,5.0,1299.0,,,Data missing or out of range,Data missing or out of range,FORD,KA STYLE,Petrol,Male,,No tow/articulation,Did not leave carriageway,0.0,Going ahead other,1.0,109,Data missing or out of range,Front,2004.0,,,,,,,
200650C21J295,16 - 20,2.0,Small town,8.0,1199.0,,,Data missing or out of range,Data missing or out of range,VAUXHALL,CORSA ENERGY 16V,Petrol,Female,Skidded and overturned,No tow/articulation,Did not leave carriageway,0.0,Going ahead left-hand bend,1.0,Car,Data missing or out of range,Front,2006.0,Slight,Fine no high winds,Dry,Daylight,60.0,Rural,2006.0
200497UA00409,36 - 45,,Urban area,,,,Entered ditch,Data missing or out of range,Data missing or out of range,RENAULT,,,Male,,No tow/articulation,Nearside,0.0,Going ahead other,2.0,Van / Goods 3.5 tonnes mgw or under,Data missing or out of range,Nearside,2004.0,,,,,,,
20073102D2140,66 - 75,7.0,Urban area,5.0,1753.0,,,Other/Not known (2005-10),Leaving main road,FORD,MONDEO GHIA TD,Heavy oil,Male,,No tow/articulation,Did not leave carriageway,0.0,Turning right,1.0,Car,No,Front,2007.0,Slight,Fine no high winds,Dry,Daylight,30.0,Urban,2007.0
2005230596079,36 - 45,2.0,Urban area,2.0,6174.0,,,Journey as part of work,Not at or within 20 metres of junction,RENAULT,,Heavy oil,Male,Skidded,No tow/articulation,Did not leave carriageway,0.0,Slowing or stopping,1.0,Goods 7.5 tonnes mgw and over,No,Front,2005.0,Slight,Fine no high winds,Dry,Daylight,70.0,Rural,2005.0
2005460108281,Data missing or out of range,9.0,Data missing or out of range,,1753.0,,,Other/Not known (2005-10),Not at or within 20 metres of junction,FORD,MONDEO GHIA DSL TURBO,Heavy oil,Not known,,No tow/articulation,Did not leave carriageway,0.0,Parked,2.0,Car,No,Back,2005.0,Slight,Fine no high winds,Dry,Darkness - lights lit,30.0,Urban,2005.0
200501MM70095,26 - 35,5.0,Urban area,2.0,1998.0,,,Other/Not known (2005-10),Mid Junction - on roundabout or on main road,KIA,CLARUS EXECUTIVE,Petrol,Male,,No tow/articulation,Did not leave carriageway,0.0,Slowing or stopping,2.0,Car,No,Back,2005.0,Slight,Fine no high winds,Dry,Darkness - lights lit,30.0,Urban,2005.0
200420F067301,46 - 55,6.0,Urban area,7.0,12130.0,,,Data missing or out of range,Data missing or out of range,VOLVO,,Heavy oil,Male,,Articulated vehicle,Did not leave carriageway,0.0,Going ahead other,1.0,Goods 7.5 tonnes mgw and over,Data missing or out of range,Front,2004.0,,,,,,,
200445RE53023,46 - 55,15.0,Urban area,6.0,1986.0,,,Data missing or out of range,Data missing or out of range,VOLVO,740 SE,Petrol,Male,,No tow/articulation,Did not leave carriageway,0.0,Going ahead other,1.0,109,Data missing or out of range,Nearside,2004.0,,,,,,,
200697AC01005,36 - 45,10.0,Data missing or out of range,,1795.0,,,Commuting to/from work,Mid Junction - on roundabout or on main road,HYUNDAI,LANTRA 1.8 SI,Petrol,Male,,No tow/articulation,Did not leave carriageway,0.0,Going ahead other,1.0,Car,No,Offside,2006.0,Slight,Fine no high winds,Dry,Daylight,30.0,Urban,2006.0
200705BB20879,16 - 20,2.0,Urban area,2.0,1598.0,,Other permanent object,Other/Not known (2005-10),Cleared junction or waiting/parked at junction exit,VAUXHALL,ASTRA DESIGN TWINPORT,Petrol,Female,Overturned,No tow/articulation,Straight ahead at junction,0.0,Turning right,1.0,Car,No,Offside,2007.0,Serious,Fine no high winds,Wet or damp,Darkness - lights lit,30.0,Urban,2007.0
200801JC73451,26 - 35,3.0,Urban area,2.0,4580.0,,,Journey as part of work,Not at or within 20 metres of junction,MAN,,Heavy oil,Male,,No tow/articulation,Did not leave carriageway,0.0,Parked,2.0,Goods 7.5 tonnes mgw and over,No,Back,2008.0,Slight,Raining no high winds,Dry,Daylight,30.0,Urban,2008.0
200701ZT80074,46 - 55,3.0,Urban area,6.0,2720.0,,,Other/Not known (2005-10),Cleared junction or waiting/parked at junction exit,JAGUAR,S-TYPE SE DIESEL AUTO,Heavy oil,Male,,No tow/articulation,Did not leave carriageway,0.0,Going ahead other,1.0,Car,No,Back,2007.0,Slight,Fine no high winds,Dry,Darkness - lights lit,30.0,Urban,2007.0
200801MM70655,21 - 25,7.0,Urban area,2.0,2254.0,,,Other/Not known (2005-10),Mid Junction - on roundabout or on main road,HONDA,ACCORD TYPE-V AUTO,Petrol,Male,,No tow/articulation,Did not leave carriageway,0.0,Turning left,1.0,Car,No,Nearside,2008.0,Slight,Fine no high winds,Dry,Daylight,30.0,Urban,2008.0
200704TA07054,26 - 35,,Urban area,1.0,,,,Taking pupil to/from school,Not at or within 20 metres of junction,TOYOTA,HIACE 280 SE,,Male,Skidded,No tow/articulation,Did not leave carriageway,0.0,Going ahead other,1.0,Minibus (8 - 16 passenger seats),No,Front,2007.0,Slight,Fine no high winds,Wet or damp,Daylight,70.0,Rural,2007.0
200763CP16407,16 - 20,1.0,Rural,,645.0,,Bus stop or bus shelter,Other/Not known (2005-10),Cleared junction or waiting/parked at junction exit,SUZUKI,SV 650 SK6,Petrol,Male,Skidded,No tow/articulation,Did not leave carriageway,0.0,Going ahead other,2.0,Motorcycle over 500cc,No,Front,2007.0,Fatal,Fine no high winds,Dry,Daylight,60.0,Rural,2007.0
2005520001023,16 - 20,,Urban area,4.0,49.0,,,Journey as part of work,Mid Junction - on roundabout or on main road,PEUGEOT,LOOXOR 50,Petrol,Male,Skidded,No tow/articulation,Did not leave carriageway,0.0,Going ahead other,1.0,Motorcycle 50cc and under,No,Did not impact,2005.0,Slight,Other,Wet or damp,Darkness - lights lit,30.0,Urban,2005.0
2005470501980,56 - 65,2.0,Urban area,7.0,1998.0,,Entered ditch,Other/Not known (2005-10),Not at or within 20 metres of junction,FORD,TRANSIT 280 SWB TD,Heavy oil,Male,Overturned,No tow/articulation,Nearside,0.0,Going ahead left-hand bend,1.0,Van / Goods 3.5 tonnes mgw or under,No,Front,2005.0,Slight,Fine no high winds,Dry,Daylight,60.0,Rural,2005.0
200706G072915,11 - 15,6.0,Urban area,3.0,49.0,,,Other/Not known (2005-10),Entering main road,PEUGEOT,VIVACITY 50,Petrol,Male,,No tow/articulation,Did not leave carriageway,0.0,Going ahead other,1.0,Motorcycle 50cc and under,No,Front,2007.0,Serious,Fine no high winds,Dry,Daylight,30.0,Urban,2007.0
200701RY10149,36 - 45,14.0,Urban area,3.0,1389.0,,Other permanent object,Other/Not known (2005-10),Cleared junction or waiting/parked at junction exit,VAUXHALL,ASTRA CALIFORNIA,Petrol,Male,Overturned,No tow/articulation,Nearside,0.0,Going ahead right-hand bend,1.0,Car,No,Nearside,2007.0,Slight,Fine no high winds,Dry,Darkness - lights lit,30.0,Urban,2007.0
2007130823307,21 - 25,2.0,Urban area,1.0,1870.0,,,Journey as part of work,Approaching junction or waiting/parked at junction approach,VAUXHALL,VIVARO 2900 DTI LWB,Heavy oil,Male,,No tow/articulation,Did not leave carriageway,0.0,Slowing or stopping,3.0,Van / Goods 3.5 tonnes mgw or under,No,Back,2007.0,Slight,Raining no high winds,Wet or damp,Daylight,70.0,Rural,2007.0
200406N010623,56 - 65,3.0,Urban area,4.0,1997.0,,,Data missing or out of range,Data missing or out of range,HONDA,ACCORD VTEC SE EXEC,Petrol,Male,Skidded,No tow/articulation,Did not leave carriageway,0.0,Going ahead other,2.0,109,Data missing or out of range,Front,2004.0,,,,,,,
2007070700192,46 - 55,2.0,Urban area,10.0,4966.0,,,Other/Not known (2005-10),Approaching junction or waiting/parked at junction approach,MERCEDES,CLS 500 AUTO,Petrol,Male,,No tow/articulation,Did not leave carriageway,0.0,Going ahead left-hand bend,2.0,Car,No,Offside,2007.0,Slight,Fine no high winds,Dry,Daylight,60.0,Rural,2007.0
200614C128706,26 - 35,11.0,Urban area,7.0,1998.0,,,Other/Not known (2005-10),Approaching junction or waiting/parked at junction approach,VAUXHALL,CAVALIER LS 16V AUTO,Petrol,Female,,No tow/articulation,Did not leave carriageway,0.0,Going ahead other,2.0,Car,No,Front,2006.0,Slight,Fine no high winds,Dry,Darkness - lights lit,40.0,Urban,2006.0
200450A61E794,36 - 45,2.0,Data missing or out of range,,1995.0,,,Data missing or out of range,Data missing or out of range,VAUXHALL,ASTRA SRI DTI,Heavy oil,Male,,No tow/articulation,Did not leave carriageway,0.0,Going ahead other,1.0,109,Data missing or out of range,Front,2004.0,,,,,,,
2007440224110,66 - 75,8.0,Urban area,9.0,1587.0,,Tree,Other/Not known (2005-10),Not at or within 20 metres of junction,CITROEN,XSARA SX AUTO,Petrol,Female,,No tow/articulation,Nearside,0.0,Going ahead left-hand bend,1.0,Car,No,Offside,2007.0,Slight,Raining no high winds,Wet or damp,Daylight,30.0,Rural,2007.0
2008070195461,26 - 35,1.0,Urban area,,1986.0,,,Commuting to/from work,Not at or within 20 metres of junction,AUDI,A4 AVANT SE TDI 140,Heavy oil,Male,,No tow/articulation,Did not leave carriageway,0.0,Going ahead other,3.0,Car,No,Back,2008.0,Slight,Fine no high winds,Dry,Daylight,70.0,Rural,2008.0
200542G064509,Data missing or out of range,5.0,Data missing or out of range,,1796.0,,,Other/Not known (2005-10),Not at or within 20 metres of junction,FORD,MONDEO VERONA,Petrol,Female,,No tow/articulation,Did not leave carriageway,0.0,Parked,3.0,Car,No,Front,2005.0,Serious,Fine no high winds,Dry,Daylight,30.0,Rural,2005.0
200801QA10424,21 - 25,6.0,Urban area,5.0,1998.0,Kerb,,Other/Not known (2005-10),Mid Junction - on roundabout or on main road,HONDA,CIVIC TYPE-R,Petrol,Male,,No tow/articulation,Nearside,0.0,Going ahead other,2.0,Car,No,Front,2008.0,Slight,Fine no high winds,Dry,Daylight,30.0,Urban,2008.0
200504FL05025,16 - 20,11.0,Urban area,4.0,1196.0,,,Other/Not known (2005-10),Not at or within 20 metres of junction,VAUXHALL,CORSA SWING,Petrol,Male,,No tow/articulation,Did not leave carriageway,0.0,Slowing or stopping,2.0,Car,No,Back,2005.0,Slight,Raining no high winds,Wet or damp,Daylight,70.0,Rural,2005.0
200701QK50197,Data missing or out of range,3.0,Data missing or out of range,,1396.0,,,Other/Not known (2005-10),Approaching junction or waiting/parked at junction approach,MG,ZR 105,Petrol,Male,,No tow/articulation,Did not leave carriageway,0.0,Parked,3.0,Car,No,Front,2007.0,Slight,Raining no high winds,Wet or damp,Daylight,30.0,Urban,2007.0
2006530186778,26 - 35,7.0,Data missing or out of range,,1052.0,Central island of roundabout,Near/Offside crash barrier,Other/Not known (2005-10),Approaching junction or waiting/parked at junction approach,KAWASAKI,ZX1100-D7,Petrol,Male,Skidded,No tow/articulation,Offside,0.0,Going ahead other,1.0,Motorcycle over 500cc,No,Offside,2006.0,Serious,Raining no high winds,Wet or damp,Daylight,70.0,Rural,2006.0
2006070600508,16 - 20,1.0,Rural,8.0,999.0,,,Commuting to/from work,Mid Junction - on roundabout or on main road,KIA,PICANTO GS,Petrol,Female,,No tow/articulation,Did not leave carriageway,0.0,Going ahead other,1.0,Car,No,Offside,2006.0,Slight,Fine no high winds,Dry,Daylight,40.0,Rural,2006.0
200620K085302,Over 75,7.0,Urban area,2.0,973.0,,,Other/Not known (2005-10),Mid Junction - on roundabout or on main road,VAUXHALL,CORSA GLS 12V,Petrol,Female,,No tow/articulation,Did not leave carriageway,0.0,Parked,3.0,Car,No,Back,2006.0,Slight,Raining no high winds,Wet or damp,Darkness - lights lit,30.0,Urban,2006.0
2007130528307,26 - 35,10.0,Urban area,1.0,1998.0,,,Other/Not known (2005-10),Approaching junction or waiting/parked at junction approach,MERCEDES,E200 ELEGANCE A,Petrol,Male,,No tow/articulation,Did not leave carriageway,0.0,Going ahead other,1.0,Car,No,Front,2007.0,Slight,Fine no high winds,Wet or damp,Darkness - lights lit,30.0,Urban,2007.0
2007470703195,36 - 45,7.0,Small town,5.0,1598.0,,,Other/Not known (2005-10),Leaving main road,RENAULT,LAGUNA ALIZE,Petrol,Male,,No tow/articulation,Did not leave carriageway,0.0,Turning right,2.0,Car,No,Back,2007.0,Slight,Fine no high winds,Dry,Daylight,40.0,Urban,2007.0
200637L013285,Over 75,,Rural,5.0,1461.0,,,Other/Not known (2005-10),Mid Junction - on roundabout or on main road,RENAULT,SCENIC SL OASIS 85 DCI,Heavy oil,Female,,No tow/articulation,Did not leave carriageway,0.0,Turning right,1.0,Car,No,Nearside,2006.0,Slight,Fine no high winds,Dry,Daylight,30.0,Urban,2006.0
200630A000632,21 - 25,8.0,Urban area,9.0,1905.0,,,Commuting to/from work,Approaching junction or waiting/parked at junction approach,PEUGEOT,306 GLX DT,Heavy oil,Female,,No tow/articulation,Did not leave carriageway,0.0,Changing lane to left,1.0,Car,No,Front,2006.0,Slight,Raining no high winds,Wet or damp,Darkness - lights lit,70.0,Rural,2006.0
2004440DR0178,36 - 45,,Data missing or out of range,,,,,Data missing or out of range,Data missing or out of range,MAN,,,Male,Skidded,No tow/articulation,Did not leave carriageway,0.0,Going ahead other,3.0,Goods 7.5 tonnes mgw and over,Data missing or out of range,Did not impact,2004.0,,,,,,,
2006460027629,36 - 45,2.0,Urban area,1.0,11000.0,,,Journey as part of work,Not at or within 20 metres of junction,SCANIA,,Heavy oil,Male,,No tow/articulation,Did not leave carriageway,0.0,Going ahead right-hand bend,2.0,Bus or coach (17 or more pass seats),No,Front,2006.0,Slight,Fine no high winds,Wet or damp,Daylight,60.0,Rural,2006.0
200504BA05061,46 - 55,4.0,Urban area,2.0,2000.0,,,Other/Not known (2005-10),Not at or within 20 metres of junction,DAEWOO,,Petrol,Male,,No tow/articulation,Did not leave carriageway,0.0,Going ahead other,1.0,Car,No,Nearside,2005.0,Slight,Fine no high winds,Dry,Daylight,30.0,Urban,2005.0
200604DL06028,36 - 45,3.0,Urban area,1.0,1686.0,,,Other/Not known (2005-10),Not at or within 20 metres of junction,VAUXHALL,ASTRA LS DTI 16V ECO,Heavy oil,Female,,No tow/articulation,Did not leave carriageway,0.0,Going ahead other,2.0,Car,No,Offside,2006.0,Slight,Fine no high winds,Wet or damp,Daylight,40.0,Rural,2006.0
200714A235207,56 - 65,4.0,Urban area,7.0,1339.0,,,Other/Not known (2005-10),Mid Junction - on roundabout or on main road,HONDA,JAZZ SE,Petrol,Female,,No tow/articulation,Did not leave carriageway,0.0,Going ahead other,1.0,Car,No,Nearside,2007.0,Slight,Fine no high winds,Dry,Daylight,40.0,Urban,2007.0
200801PY20012,36 - 45,2.0,Data missing or out of range,,2402.0,,,Journey as part of work,Mid Junction - on roundabout or on main road,FORD,TRANSIT 115 T350L RWD,Heavy oil,Male,,No tow/articulation,Did not leave carriageway,0.0,Slowing or stopping,1.0,Van / Goods 3.5 tonnes mgw or under,No,Front,2008.0,Slight,Fine no high winds,Dry,Daylight,30.0,Urban,2008.0
2006440479747,36 - 45,14.0,Urban area,10.0,249.0,,,Other/Not known (2005-10),Approaching junction or waiting/parked at junction approach,SUZUKI,,Petrol,Male,,No tow/articulation,Did not leave carriageway,0.0,Going ahead right-hand bend,2.0,Motorcycle over 125cc and up to 500cc,No,Front,2006.0,Slight,Fine no high winds,Dry,Daylight,30.0,Rural,2006.0
200501KG70628,21 - 25,12.0,Urban area,5.0,2088.0,,,Other/Not known (2005-10),Mid Junction - on roundabout or on main road,PEUGEOT,605 SVDT AUTO,Heavy oil,Male,,No tow/articulation,Did not leave carriageway,0.0,Going ahead left-hand bend,3.0,Car,No,Front,2005.0,Slight,Fine no high winds,Wet or damp,Darkness - lights lit,50.0,Urban,2005.0
200801CW11566,21 - 25,,Urban area,4.0,599.0,,,Commuting to/from work,Approaching junction or waiting/parked at junction approach,KAWASAKI,ZX 600 P7F,Petrol,Male,,No tow/articulation,Did not leave carriageway,0.0,Going ahead other,1.0,Motorcycle over 500cc,No,Nearside,2008.0,Slight,Fine no high winds,Dry,Daylight,30.0,Urban,2008.0
200501BS70079,36 - 45,3.0,Urban area,7.0,645.0,,,Other/Not known (2005-10),Mid Junction - on roundabout or on main road,SUZUKI,SV 650S K2,Petrol,Male,,No tow/articulation,Did not leave carriageway,0.0,Going ahead other,1.0,Motorcycle over 500cc,No,Front,2005.0,Slight,Fine no high winds,Dry,Daylight,30.0,Urban,2005.0
200806G007136,21 - 25,,Urban area,7.0,,,,Journey as part of work,Mid Junction - on roundabout or on main road,VOLKSWAGEN,T-PORTER SHUT SE130 LWB,,Male,,No tow/articulation,Did not leave carriageway,0.0,Going ahead other,1.0,Minibus (8 - 16 passenger seats),No,Offside,2008.0,Serious,Unknown,Dry,Darkness - lighting unknown,30.0,Urban,2008.0
200432D089604,36 - 45,3.0,Rural,6.0,3125.0,,,Data missing or out of range,Data missing or out of range,JEEP,GRAND CHEROKEE LTD TD A,Heavy oil,Female,,No tow/articulation,Did not leave carriageway,0.0,Slowing or stopping,1.0,109,Data missing or out of range,Back,2004.0,,,,,,,
200701YR90383,26 - 35,15.0,Urban area,6.0,1998.0,,,Other/Not known (2005-10),Cleared junction or waiting/parked at junction exit,VAUXHALL,CARLTON DIPLOMAT I A,Petrol,Female,,No tow/articulation,Did not leave carriageway,0.0,Parked,3.0,Car,No,Offside,2007.0,Slight,Fine no high winds,Dry,Darkness - lights lit,30.0,Urban,2007.0