Accident_Index,Age_Band_of_Driver,Age_of_Vehicle,Driver_Home_Area_Type,Driver_IMD_Decile,Engine_Capacity_.CC.,Hit_Object_in_Carriageway,Hit_Object_off_Carriageway,Journey_Purpose_of_Driver,Junction_Location,make,model,Propulsion_Code,Sex_of_Driver,Skidding_and_Overturning,Towing_and_Articulation,Vehicle_Leaving_Carriageway,Vehicle_Location.Restricted_Lane,Vehicle_Manoeuvre,Vehicle_Reference,Vehicle_Type,Was_Vehicle_Left_Hand_Drive,X1st_Point_of_Impact,Year_x,Severity_Label,Weather_Conditions,Road_Surface_Conditions,Light_Conditions,Speed_limit,Urban_or_Rural_Area,Year_y
200543P369015,36 - 45,,Urban area,10.0,,,,Journey as part of work,Mid Junction - on roundabout or on main road,FORD,ESCORT 55TD,,Male,,No tow/articulation,Did not leave carriageway,6.0,Parked,1.0,Car,No,Offside,2005.0,Slight,Fine no high winds,Wet or damp,Darkness - lights lit,30.0,Urban,2005.0
2006520083461,36 - 45,15.0,Rural,4.0,1200.0,,,Other/Not known (2005-10),Approaching junction or waiting/parked at junction approach,YAMAHA,,Petrol,Male,Overturned,No tow/articulation,Did not leave carriageway,0.0,Overtaking moving vehicle - offside,2.0,Motorcycle over 500cc,No,Offside,2006.0,Serious,Fine no high winds,Dry,Daylight,60.0,Rural,2006.0
200737B029035,21 - 25,12.0,Urban area,1.0,1796.0,,,Other/Not known (2005-10),Entering main road,FORD,MONDEO VERONA,Petrol,Male,,No tow/articulation,Did not leave carriageway,0.0,Turning left,1.0,Car,No,Offside,2007.0,Slight,Fine no high winds,Dry,Darkness - lights lit,30.0,Rural,2007.0
200406K913413,36 - 45,7.0,Urban area,2.0,1781.0,,,Data missing or out of range,Data missing or out of range,AUDI,A6 1.8 T AUTO,Petrol,Male,,No tow/articulation,Did not leave carriageway,0.0,Going ahead other,1.0,109,Data missing or out of range,Did not impact,2004.0,,,,,,,
200701FH10646,26 - 35,9.0,Urban area,3.0,2494.0,,,Other/Not known (2005-10),Not at or within 20 metres of junction,BMW,523I SE TOURING AUTO,Petrol,Female,,No tow/articulation,Did not leave carriageway,0.0,Overtaking static vehicle - offside,1.0,Car,No,Offside,2007.0,Slight,Fine no high winds,Dry,Darkness - lights lit,30.0,Urban,2007.0
200601CW11547,Data missing or out of range,1.0,Data missing or out of range,,1248.0,,,Other/Not known (2005-10),Approaching junction or waiting/parked at junction approach,VAUXHALL,COMBO 2000 CDTI 16V,Heavy oil,Male,,No tow/articulation,Did not leave carriageway,0.0,Moving off,2.0,Van / Goods 3.5 tonnes mgw or under,No,Front,2006.0,Slight,Fine no high winds,Dry,Daylight,30.0,Urban,2006.0
200601PL60375,Data missing or out of range,4.0,Data missing or out of range,,1242.0,,,Other/Not known (2005-10),Cleared junction or waiting/parked at junction exit,FIAT,PUNTO DYNAMIC,Petrol,Not known,,No tow/articulation,Did not leave carriageway,0.0,Parked,3.0,Car,No,Back,2006.0,Slight,Fine no high winds,Dry,Daylight,30.0,Urban,2006.0
200806A096870,21 - 25,6.0,Urban area,7.0,1390.0,,,Other/Not known (2005-10),Mid Junction - on roundabout or on main road,RENAULT,KANGOO AUTHENTIQUE AUTO,Petrol,Female,Overturned,No tow/articulation,Did not leave carriageway,0.0,Going ahead other,2.0,Car,No,Front,2008.0,Slight,Raining no high winds,Wet or damp,Darkness - lights lit,30.0,Urban,2008.0
2005130495805,21 - 25,2.0,Urban area,2.0,1598.0,,,Other/Not known (2005-10),Entering roundabout,VAUXHALL,MERIVA LIFE 8V,Petrol,Male,,No tow/articulation,Did not leave carriageway,0.0,Going ahead other,2.0,Car,No,Front,2005.0,Slight,Fine no high winds,Dry,Darkness - lights lit,30.0,Urban,2005.0
200606M062174,36 - 45,,Urban area,6.0,2488.0,,,Other/Not known (2005-10),Cleared junction or waiting/parked at junction exit,NISSAN,PATHFINDER AVENTURA DCI A,Heavy oil,Male,,No tow/articulation,Did not leave carriageway,0.0,Going ahead other,1.0,Car,No,Front,2006.0,Serious,Fine no high winds,Dry,Darkness - lights lit,30.0,Urban,2006.0
2004101020704,26 - 35,3.0,Data missing or out of range,,1390.0,,,Data missing or out of range,Data missing or out of range,RENAULT,KANGOO RN HELIOS,Petrol,Male,,No tow/articulation,Did not leave carriageway,0.0,Going ahead other,1.0,109,Data missing or out of range,Front,2004.0,,,,,,,
200601PL60500,36 - 45,7.0,Urban area,2.0,498.0,,,Journey as part of work,Mid Junction - on roundabout or on main road,KAWASAKI,ER500-A3,Petrol,Male,,No tow/articulation,Did not leave carriageway,0.0,Going ahead other,1.0,Motorcycle over 125cc and up to 500cc,No,Front,2006.0,Slight,Fine no high winds,Dry,Daylight,30.0,Urban,2006.0
200720F091903,Data missing or out of range,4.0,Data missing or out of range,,1951.0,,Other permanent object,Other/Not known (2005-10),Entering main road,MG,ZT+ CDTI,Heavy oil,Male,,No tow/articulation,Nearside,0.0,Turning right,1.0,Car,No,Front,2007.0,Slight,Fine no high winds,Dry,Darkness - lights lit,30.0,Urban,2007.0
200697UC04307,36 - 45,,Small town,,1364.0,,,Other/Not known (2005-10),Not at or within 20 metres of junction,VAUXHALL,ASTRA LIFE 16V,Petrol,Male,,No tow/articulation,Did not leave carriageway,0.0,Going ahead left-hand bend,1.0,Car,No,Nearside,2006.0,Serious,Fine no high winds,Dry,Daylight,60.0,Rural,2006.0
200804CM08038,36 - 45,,Urban area,4.0,,,,Commuting to/from work,Entering roundabout,JCB,,,Male,,No tow/articulation,Did not leave carriageway,0.0,Moving off,1.0,Car,No,Front,2008.0,Slight,Fine no high winds,Dry,Daylight,50.0,Rural,2008.0
200806A099348,26 - 35,,Urban area,4.0,1910.0,,,Other/Not known (2005-10),Approaching junction or waiting/parked at junction approach,VAUXHALL,ASTRA SRI XP CDTI 8V,Heavy oil,Female,,No tow/articulation,Did not leave carriageway,0.0,Going ahead other,2.0,Car,No,Offside,2008.0,Slight,Fine no high winds,Wet or damp,Daylight,30.0,Urban,2008.0
200754DE18307,46 - 55,2.0,Urban area,8.0,2500.0,,,Journey as part of work,Approaching junction or waiting/parked at junction approach,LDV,MAXUS 3.5 CDI 95 LWB,Heavy oil,Male,,No tow/articulation,Did not leave carriageway,0.0,Reversing,1.0,Van / Goods 3.5 tonnes mgw or under,No,Offside,2007.0,Slight,Raining no high winds,Wet or damp,Daylight,30.0,Rural,2007.0
2005330507574,36 - 45,1.0,Rural,7.0,1998.0,,,Commuting to/from work,Not at or within 20 metres of junction,RENAULT,,Petrol,Male,,No tow/articulation,Did not leave carriageway,0.0,Waiting to go - held up,2.0,Car,No,Back,2005.0,Slight,Fine no high winds,Dry,Daylight,30.0,Rural,2005.0
20043102A3091,46 - 55,3.0,Data missing or out of range,,6370.0,Parked vehicle,,Data missing or out of range,Data missing or out of range,OPTARE,EXCEL LL1180,Heavy oil,Male,,No tow/articulation,Did not leave carriageway,0.0,Turning left,1.0,Bus or coach (17 or more pass seats),Data missing or out of range,Front,2004.0,,,,,,,
200801CW11829,36 - 45,11.0,Urban area,2.0,1700.0,,,Other/Not known (2005-10),Mid Junction - on roundabout or on main road,VAUXHALL,ASTRA MERIT 1.7D TURBO,Heavy oil,Male,,No tow/articulation,Did not leave carriageway,0.0,Turning right,1.0,Car,No,Front,2008.0,Slight,Fine no high winds,Dry,Darkness - lights lit,30.0,Urban,2008.0
2005131194605,26 - 35,7.0,Urban area,1.0,1984.0,,,Journey as part of work,Not at or within 20 metres of junction,VOLKSWAGEN,SHARAN SE,Petrol,Male,,No tow/articulation,Offside - crossed central reservation,0.0,Changing lane to right,1.0,Car,No,Did not impact,2005.0,Slight,Fine no high winds,Wet or damp,Daylight,50.0,Urban,2005.0
2007520708580,26 - 35,8.0,Rural,9.0,805.0,,,Other/Not known (2005-10),Approaching junction or waiting/parked at junction approach,SUZUKI,VZ 800 W,Petrol,Female,,No tow/articulation,Did not leave carriageway,0.0,Waiting to go - held up,1.0,Motorcycle over 500cc,No,Back,2007.0,Slight,Fine no high winds,Dry,Daylight,40.0,Urban,2007.0
200597UD08510,46 - 55,1.0,Urban area,,1299.0,,,Other/Not known (2005-10),Not at or within 20 metres of junction,TOYOTA,YARIS BLUE,Petrol,Male,,No tow/articulation,Did not leave carriageway,0.0,Slowing or stopping,2.0,Car,No,Back,2005.0,Serious,Fine no high winds,Dry,Daylight,60.0,Urban,2005.0
200701LX64922,36 - 45,3.0,Urban area,3.0,9200.0,,,Journey as part of work,Not at or within 20 metres of junction,DAF,,Heavy oil,Male,,No tow/articulation,Did not leave carriageway,0.0,Slowing or stopping,1.0,Bus or coach (17 or more pass seats),No,Back,2007.0,Slight,Unknown,Flood over 3cm. deep,Daylight,30.0,Urban,2007.0
200514A118705,36 - 45,12.0,Urban area,1.0,1590.0,,,Other/Not known (2005-10),Not at or within 20 metres of junction,ROVER,216 GSI AUTO,Petrol,Male,,No tow/articulation,Did not leave carriageway,0.0,Going ahead other,1.0,Car,No,Front,2005.0,Slight,Fine no high winds,Dry,Daylight,30.0,Urban,2005.0
2005950002140,56 - 65,10.0,Urban area,,9600.0,,,Other/Not known (2005-10),Entering roundabout,VOLVO,,Petrol,Male,,No tow/articulation,Did not leave carriageway,2.0,Parked,1.0,Bus or coach (17 or more pass seats),No,Did not impact,2005.0,Slight,Fine no high winds,Dry,Daylight,30.0,Urban,2005.0
200743S057057,16 - 20,19.0,Urban area,3.0,49.0,,,Other/Not known (2005-10),Approaching junction or waiting/parked at junction approach,YAMAHA,,Petrol,Male,Skidded,No tow/articulation,Did not leave carriageway,0.0,Waiting to turn right,2.0,Motorcycle 50cc and under,No,Back,2007.0,Slight,Fine no high winds,Dry,Daylight,30.0,Urban,2007.0
2004950003086,56 - 65,8.0,Urban area,,9600.0,,,Data missing or out of range,Data missing or out of range,VOLVO,,Heavy oil,Female,,No tow/articulation,Did not leave carriageway,0.0,Going ahead other,2.0,Bus or coach (17 or more pass seats),Data missing or out of range,Front,2004.0,,,,,,,
2006556W05622,56 - 65,2.0,Urban area,10.0,1995.0,,,Other/Not known (2005-10),Mid Junction - on roundabout or on main road,TOYOTA,COROLLA TSPIRIT D4D,Heavy oil,Female,,No tow/articulation,Did not leave carriageway,0.0,Turning right,1.0,Car,No,Nearside,2006.0,Slight,Raining no high winds,Wet or damp,Darkness - lights lit,30.0,Urban,2006.0
200443N018124,36 - 45,6.0,Urban area,10.0,4164.0,,,Data missing or out of range,Data missing or out of range,TOYOTA,LANDCRUISER AMAZON GX TDA,Petrol,Female,,No tow/articulation,Did not leave carriageway,0.0,Going ahead other,2.0,109,Data missing or out of range,Front,2004.0,,,,,,,
200750F41N621,36 - 45,6.0,Rural,8.0,6370.0,,,Data missing or out of range,Not at or within 20 metres of junction,MERCEDES,,Heavy oil,Male,,No tow/articulation,Did not leave carriageway,0.0,Going ahead right-hand bend,1.0,Goods 7.5 tonnes mgw and over,No,Did not impact,2007.0,Slight,Fine no high winds,Dry,Daylight,70.0,Rural,2007.0
2005555B00166,Data missing or out of range,12.0,Data missing or out of range,,1396.0,,,Data missing or out of range,Approaching junction or waiting/parked at junction approach,ROVER,METRO SI AUTO,Petrol,Male,,No tow/articulation,Did not leave carriageway,0.0,Going ahead other,1.0,Car,Data missing or out of range,Front,2005.0,Slight,Fine no high winds,Dry,Daylight,30.0,Urban,2005.0
200501VK30054,16 - 20,1.0,Urban area,4.0,1149.0,Kerb,Entered ditch,Other/Not known (2005-10),Mid Junction - on roundabout or on main road,RENAULT,CLIO DYNAMIQUE 16V,Petrol,Male,,No tow/articulation,Offside,0.0,Going ahead other,1.0,Car,No,Offside,2005.0,Slight,Fine no high winds,Dry,Darkness - lights lit,30.0,Urban,2005.0
200601LX50579,26 - 35,2.0,Data missing or out of range,,1242.0,,,Commuting to/from work,Not at or within 20 metres of junction,FIAT,PUNTO ACTIVE 8V,Petrol,Female,,No tow/articulation,Did not leave carriageway,0.0,Slowing or stopping,3.0,Car,No,Back,2006.0,Slight,Fine no high winds,Dry,Daylight,30.0,Urban,2006.0
200806F090941,16 - 20,4.0,Urban area,4.0,1360.0,,,Other/Not known (2005-10),Mid Junction - on roundabout or on main road,PEUGEOT,206 S,Petrol,Female,,No tow/articulation,Did not leave carriageway,0.0,Going ahead other,1.0,Car,No,Back,2008.0,Slight,Fine + high winds,Dry,Daylight,30.0,Urban,2008.0
2004100165204,36 - 45,9.0,Urban area,3.0,,,Lamp post,Data missing or out of range,Data missing or out of range,VOLVO,,Heavy oil,Male,,No tow/articulation,Nearside,0.0,Moving off,1.0,Bus or coach (17 or more pass seats),Data missing or out of range,Nearside,2004.0,,,,,,,
200514A165705,56 - 65,8.0,Urban area,3.0,1597.0,,,Other/Not known (2005-10),Not at or within 20 metres of junction,FORD,ESCORT LX AUTO,Petrol,Male,,No tow/articulation,Did not leave carriageway,0.0,Going ahead other,2.0,Car,No,Front,2005.0,Fatal,Fine no high winds,Dry,Daylight,60.0,Rural,2005.0
200750D21B961,16 - 20,9.0,Rural,,1195.0,,,Data missing or out of range,Not at or within 20 metres of junction,VAUXHALL,CORSA MERIT 1.2,Petrol,Male,,No tow/articulation,Did not leave carriageway,0.0,Going ahead other,2.0,Car,No,Front,2007.0,Slight,Fine no high winds,Wet or damp,Daylight,70.0,Rural,2007.0
20044200H0495,46 - 55,2.0,Urban area,4.0,2188.0,,,Data missing or out of range,Data missing or out of range,RENAULT,,Heavy oil,Male,,No tow/articulation,Did not leave carriageway,0.0,Going ahead other,2.0,Minibus (8 - 16 passenger seats),Data missing or out of range,Front,2004.0,,,,,,,
200505DH00746,Data missing or out of range,6.0,Urban area,9.0,1392.0,,,Other/Not known (2005-10),Not at or within 20 metres of junction,NISSAN,ALMERA 1.4I 16V,Petrol,Male,,No tow/articulation,Did not leave carriageway,0.0,Going ahead other,3.0,Car,No,Front,2005.0,Fatal,Fine no high winds,Dry,Darkness - no lighting,70.0,Rural,2005.0
2004100062404,56 - 65,2.0,Data missing or out of range,,1328.0,,,Data missing or out of range,Data missing or out of range,SUZUKI,IGNIS GL,Petrol,Male,,No tow/articulation,Did not leave carriageway,0.0,Waiting to go - held up,4.0,109,Data missing or out of range,Back,2004.0,,,,,,,
200663AC19306,21 - 25,10.0,Rural,,1997.0,,Other permanent object,Other/Not known (2005-10),Not at or within 20 metres of junction,PROTON,PERSONA SDI,Heavy oil,Male,Skidded,No tow/articulation,Offside,0.0,Going ahead other,1.0,Car,No,Front,2006.0,Slight,Raining no high winds,Wet or damp,Darkness - lights lit,30.0,Rural,2006.0
200601TD00302,46 - 55,15.0,Urban area,6.0,1272.0,,,Other/Not known (2005-10),Approaching junction or waiting/parked at junction approach,VOLKSWAGEN,POLO COUPE G40,Petrol,Female,,No tow/articulation,Did not leave carriageway,0.0,Waiting to turn right,1.0,Car,No,Did not impact,2006.0,Serious,Fine no high winds,Dry,Daylight,30.0,Urban,2006.0
2007600AN6024,Over 75,2.0,Urban area,,1360.0,,,Other/Not known (2005-10),Leaving main road,CITROEN,C3 SX AUTO,Petrol,Female,Skidded,No tow/articulation,Did not leave carriageway,0.0,Turning right,1.0,Car,No,Nearside,2007.0,Slight,Raining no high winds,Wet or damp,Daylight,40.0,Rural,2007.0
2006030000333,36 - 45,1.0,Small town,3.0,1995.0,,,Other/Not known (2005-10),Cleared junction or waiting/parked at junction exit,BMW,118D SPORT,Heavy oil,Female,,No tow/articulation,Did not leave carriageway,8.0,Turning left,1.0,Car,No,Front,2006.0,Slight,Fine no high winds,Dry,Daylight,30.0,Urban,2006.0
200601XD80229,56 - 65,1.0,Urban area,10.0,1399.0,,,Journey as part of work,Not at or within 20 metres of junction,KIA,RIO GS,Petrol,Male,,No tow/articulation,Did not leave carriageway,0.0,Slowing or stopping,2.0,Car,No,Back,2006.0,Slight,Fine no high winds,Dry,Daylight,30.0,Urban,2006.0
2005160A01300,46 - 55,1.0,Rural,7.0,12130.0,,,Journey as part of work,Mid Junction - on roundabout or on main road,VOLVO,,Heavy oil,Male,Skidded,Articulated vehicle,Did not leave carriageway,0.0,Going ahead other,2.0,Goods 7.5 tonnes mgw and over,No,Front,2005.0,Slight,Fine no high winds,Dry,Daylight,30.0,Urban,2005.0
200604FJ06003,26 - 35,6.0,Urban area,6.0,1298.0,,,Other/Not known (2005-10),Mid Junction - on roundabout or on main road,MITSUBISHI,COLT RESOLUTION,Petrol,Female,,No tow/articulation,Did not leave carriageway,0.0,Going ahead right-hand bend,1.0,Car,No,Front,2006.0,Serious,Raining no high winds,Wet or damp,Darkness - lights lit,30.0,Urban,2006.0
200797NE04610,26 - 35,2.0,Urban area,,1299.0,,,Journey as part of work,Approaching junction or waiting/parked at junction approach,TOYOTA,YARIS BLUE,Petrol,Female,,No tow/articulation,Did not leave carriageway,0.0,Slowing or stopping,1.0,Car,No,Front,2007.0,Slight,Fine no high winds,Dry,Daylight,60.0,Rural,2007.0
200620E025802,26 - 35,2.0,Urban area,3.0,1299.0,Parked vehicle,,Other/Not known (2005-10),Not at or within 20 metres of junction,FORD,KA SUBLIME,Petrol,Female,Overturned,No tow/articulation,Did not leave carriageway,0.0,Going ahead other,1.0,Car,No,Front,2006.0,Slight,Fine no high winds,Dry,Darkness - lights lit,30.0,Urban,2006.0
2006330608586,16 - 20,5.0,Urban area,10.0,1461.0,,Tree,Other/Not known (2005-10),Not at or within 20 metres of junction,RENAULT,CLIO DYNAMIQUE DCI 65,Heavy oil,Male,Skidded,No tow/articulation,Nearside,0.0,Going ahead right-hand bend,1.0,Car,No,Offside,2006.0,Slight,Raining + high winds,Wet or damp,Darkness - no lighting,60.0,Rural,2006.0
200401EO00236,36 - 45,1.0,Data missing or out of range,,2171.0,,,Data missing or out of range,Data missing or out of range,BMW,320CI AUTO,Petrol,Male,,No tow/articulation,Did not leave carriageway,0.0,Going ahead other,2.0,109,Data missing or out of range,Front,2004.0,,,,,,,
200801KD72028,56 - 65,3.0,Urban area,8.0,12580.0,,,Journey as part of work,Not at or within 20 metres of junction,DAF TRUCKS,FT CF85.430,Heavy oil,Male,,Articulated vehicle,Did not leave carriageway,0.0,Overtaking static vehicle - offside,1.0,Goods 7.5 tonnes mgw and over,No,Nearside,2008.0,Slight,Fine no high winds,Wet or damp,Darkness - lights lit,70.0,Rural,2008.0
2007350343807,26 - 35,,Urban area,4.0,1248.0,,,Other/Not known (2005-10),Not at or within 20 metres of junction,VAUXHALL,ASTRA CLUB CDTI,Heavy oil,Female,,No tow/articulation,Did not leave carriageway,0.0,Going ahead other,1.0,Car,No,Offside,2007.0,Serious,Fine no high winds,Dry,Daylight,30.0,Urban,2007.0
200701CW11374,56 - 65,3.0,Urban area,1.0,6370.0,,,Journey as part of work,Approaching junction or waiting/parked at junction approach,MERCEDES,,Heavy oil,Male,,No tow/articulation,Did not leave carriageway,0.0,Going ahead other,1.0,Bus or coach (17 or more pass seats),No,Did not impact,2007.0,Serious,Fine no high winds,Dry,Darkness - lighting unknown,30.0,Urban,2007.0
2006556W01113,36 - 45,12.0,Urban area,7.0,5861.0,,,Other/Not known (2005-10),Not at or within 20 metres of junction,IVECO-FORD,,Heavy oil,Male,,No tow/articulation,Did not leave carriageway,0.0,Going ahead other,2.0,Goods 7.5 tonnes mgw and over,No,Back,2006.0,Slight,Raining no high winds,Wet or damp,Daylight,70.0,Rural,2006.0
200446SW97647,Data missing or out of range,10.0,Data missing or out of range,,2663.0,,,Data missing or out of range,Data missing or out of range,NISSAN,TERRANO II SLX TD,Heavy oil,Male,,No tow/articulation,Nearside,0.0,Turning right,1.0,109,Data missing or out of range,Front,2004.0,,,,,,,
2004930005339,46 - 55,,Rural,,1998.0,,,Data missing or out of range,Data missing or out of range,JAGUAR,X-TYPE CLASSIC D,Heavy oil,Male,,No tow/articulation,Did not leave carriageway,0.0,Going ahead other,2.0,109,Data missing or out of range,Offside,2004.0,,,,,,,
2007400D03788,26 - 35,15.0,Data missing or out of range,,5900.0,,,Journey as part of work,Leaving main road,DENNIS,,Heavy oil,Male,,No tow/articulation,Did not leave carriageway,2.0,Slowing or stopping,1.0,Bus or coach (17 or more pass seats),No,Front,2007.0,Slight,Fine no high winds,Dry,Daylight,30.0,Urban,2007.0
20044100F4939,36 - 45,,Rural,8.0,2494.0,,,Data missing or out of range,Data missing or out of range,BMW,325 CI SPORT,Petrol,Male,,No tow/articulation,Did not leave carriageway,0.0,Slowing or stopping,2.0,109,Data missing or out of range,Back,2004.0,,,,,,,
200701FH10195,36 - 45,7.0,Urban area,3.0,2151.0,,,Other/Not known (2005-10),Mid Junction - on roundabout or on main road,MERCEDES,E220 CDI ELEGANCE AUTO,Heavy oil,Male,,No tow/articulation,Did not leave carriageway,0.0,Turning right,1.0,Car,No,Offside,2007.0,Slight,Raining no high winds,Wet or damp,Daylight,30.0,Urban,2007.0
2006170L32506,46 - 55,6.0,Data missing or out of range,,,,Other permanent object,Journey as part of work,Mid Junction - on roundabout or on main road,DENNIS,,Heavy oil,Male,,No tow/articulation,Offside,0.0,Going ahead other,2.0,Bus or coach (17 or more pass seats),No,Nearside,2006.0,Slight,Fine no high winds,Dry,Darkness - lights lit,30.0,Urban,2006.0
200754ER14307,Data missing or out of range,,Data missing or out of range,,,,,Other/Not known (2005-10),Not at or within 20 metres of junction,VAUXHALL,VIVARO 2700 DI SWB,,Not known,,No tow/articulation,Did not leave carriageway,0.0,Parked,3.0,Car,No,Offside,2007.0,Slight,Fine no high winds,Dry,Darkness - lights lit,30.0,Urban,2007.0
20074100F4261,66 - 75,,Urban area,6.0,,,,Journey as part of work,Mid Junction - on roundabout or on main road,CITROEN,BERLINGO 1.9D 600,,Male,,No tow/articulation,Did not leave carriageway,0.0,Going ahead other,3.0,Other vehicle,No,Front,2007.0,Slight,Fine no high winds,Dry,Daylight,30.0,Urban,2007.0
2005520034762,46 - 55,1.0,Urban area,7.0,1229.0,,Near/Offside crash barrier,Journey as part of work,Not at or within 20 metres of junction,VAUXHALL,CORSA DESIGN TWINPORT S-A,Petrol,Male,,No tow/articulation,Nearside,0.0,Changing lane to right,1.0,Car,No,Back,2005.0,Slight,Fine no high winds,Dry,Daylight,70.0,Rural,2005.0
200422EG28691,36 - 45,3.0,Rural,5.0,11116.0,,,Data missing or out of range,Data missing or out of range,RENAULT,,Heavy oil,Male,,Articulated vehicle,Did not leave carriageway,0.0,Going ahead right-hand bend,2.0,Goods 7.5 tonnes mgw and over,Data missing or out of range,Front,2004.0,,,,,,,
200554CE18905,46 - 55,2.0,Rural,7.0,1299.0,,,Other/Not known (2005-10),Approaching junction or waiting/parked at junction approach,SUZUKI,GSX 1300 RZK3,Petrol,Male,,No tow/articulation,Did not leave carriageway,0.0,Going ahead left-hand bend,1.0,Motorcycle over 500cc,No,Offside,2005.0,Serious,Fine no high winds,Dry,Daylight,60.0,Rural,2005.0
200745SU13274,36 - 45,,Urban area,3.0,,,,Other/Not known (2005-10),Approaching junction or waiting/parked at junction approach,LONDON TAXIS INT,TX1 BRONZE,,Male,,No tow/articulation,Did not leave carriageway,0.0,Going ahead other,2.0,Car,No,Offside,2007.0,Slight,Fine no high winds,Dry,Daylight,40.0,Urban,2007.0
200750E21F856,21 - 25,9.0,Data missing or out of range,,1597.0,,,Data missing or out of range,Not at or within 20 metres of junction,FORD,ESCORT FINESSE 16V,Petrol,Female,,No tow/articulation,Did not leave carriageway,0.0,U-turn,3.0,Car,Yes,Did not impact,2007.0,Slight,Fine no high winds,Wet or damp,Daylight,60.0,Urban,2007.0
200501EO41336,26 - 35,3.0,Urban area,6.0,124.0,,,Other/Not known (2005-10),Approaching junction or waiting/parked at junction approach,PIAGGIO,VESPA ET4,Petrol,Female,,No tow/articulation,Did not leave carriageway,0.0,Going ahead other,1.0,Motorcycle 125cc and under,No,Front,2005.0,Slight,Fine no high winds,Dry,Daylight,30.0,Urban,2005.0
2004530AI3614,21 - 25,1.0,Urban area,7.0,1124.0,,,Data missing or out of range,Data missing or out of range,CITROEN,SAXO FORTE,Petrol,Male,,No tow/articulation,Did not leave carriageway,0.0,Overtaking static vehicle - offside,1.0,109,Data missing or out of range,Nearside,2004.0,,,,,,,
2006470610620,16 - 20,,Small town,5.0,1587.0,,,Other/Not known (2005-10),Approaching junction or waiting/parked at junction approach,CITROEN,C2 VTS,Petrol,Male,,No tow/articulation,Did not leave carriageway,0.0,Going ahead other,2.0,Car,No,Front,2006.0,Slight,Fine no high winds,Wet or damp,Daylight,60.0,Rural,2006.0
200754MB01407,26 - 35,8.0,Urban area,9.0,11705.0,,,Journey as part of work,Not at or within 20 metres of junction,SCANIA,,Heavy oil,Male,Skidded,No tow/articulation,Did not leave carriageway,0.0,Going ahead other,1.0,Goods 7.5 tonnes mgw and over,No,Front,2007.0,Slight,Fine no high winds,Dry,Daylight,70.0,Rural,2007.0
2004030002475,16 - 20,,Data missing or out of range,,,,,Data missing or out of range,Data missing or out of range,APRILIA,,,Male,,No tow/articulation,Did not leave carriageway,0.0,Going ahead other,1.0,109,Data missing or out of range,Front,2004.0,,,,,,,
200801BS70637,Data missing or out of range,2.0,Data missing or out of range,,3824.0,,,Other/Not known (2005-10),Mid Junction - on roundabout or on main road,PORSCHE,911 CARRERA 4 S,Petrol,Male,,No tow/articulation,Did not leave carriageway,0.0,Turning right,2.0,Car,No,Front,2008.0,Slight,Raining no high winds,Wet or damp,Daylight,30.0,Urban,2008.0
2007470710515,26 - 35,3.0,Urban area,6.0,1686.0,,,Other/Not known (2005-10),Approaching junction or waiting/parked at junction approach,VAUXHALL,ASTRA CLUB CDTI,Heavy oil,Male,,No tow/articulation,Did not leave carriageway,0.0,Going ahead other,1.0,Car,No,Front,2007.0,Serious,Fine no high winds,Dry,Daylight,30.0,Urban,2007.0
200630M010030,36 - 45,2.0,Urban area,7.0,11967.0,,,Journey as part of work,Not at or within 20 metres of junction,MERCEDES,,Heavy oil,Male,,Articulated vehicle,Did not leave carriageway,0.0,Going ahead other,1.0,Goods 7.5 tonnes mgw and over,No,Back,2006.0,Slight,Fine no high winds,Dry,Daylight,70.0,Rural,2006.0
2005070503842,21 - 25,3.0,Small town,9.0,3199.0,,,Other/Not known (2005-10),Not at or within 20 metres of junction,MERCEDES,E320 AVANTGARDE AUTO,Petrol,Male,Skidded,No tow/articulation,Did not leave carriageway,0.0,Going ahead left-hand bend,1.0,Car,No,Front,2005.0,Slight,Fine no high winds,Dry,Darkness - lights lit,40.0,Rural,2005.0
200620E189901,Data missing or out of range,6.0,Data missing or out of range,,1360.0,,,Commuting to/from work,Approaching junction or waiting/parked at junction approach,CITROEN,SAXO FURIO,Petrol,Male,Skidded,No tow/articulation,Did not leave carriageway,0.0,Going ahead other,1.0,Car,No,Front,2006.0,Slight,Fine no high winds,Wet or damp,Daylight,30.0,Urban,2006.0
2007100113407,46 - 55,5.0,Urban area,2.0,1997.0,,,Journey as part of work,Leaving main road,PEUGEOT,307 SW SE HDI,Heavy oil,Male,,No tow/articulation,Did not leave carriageway,0.0,Turning right,1.0,Car,No,Front,2007.0,Slight,Raining no high winds,Wet or damp,Darkness - lights lit,30.0,Urban,2007.0
20074100J2340,26 - 35,,Urban area,3.0,,,,Other/Not known (2005-10),Approaching junction or waiting/parked at junction approach,VAUXHALL,CORSA COMFORT 16V,,Female,,No tow/articulation,Did not leave carriageway,0.0,Waiting to go - held up,2.0,Other vehicle,No,Back,2007.0,Slight,Fine no high winds,Dry,Daylight,60.0,Urban,2007.0