Accident_Index,Age_Band_of_Driver,Age_of_Vehicle,Driver_Home_Area_Type,Driver_IMD_Decile,Engine_Capacity_.CC.,Hit_Object_in_Carriageway,Hit_Object_off_Carriageway,Journey_Purpose_of_Driver,Junction_Location,make,model,Propulsion_Code,Sex_of_Driver,Skidding_and_Overturning,Towing_and_Articulation,Vehicle_Leaving_Carriageway,Vehicle_Location.Restricted_Lane,Vehicle_Manoeuvre,Vehicle_Reference,Vehicle_Type,Was_Vehicle_Left_Hand_Drive,X1st_Point_of_Impact,Year_x,Severity_Label,Weather_Conditions,Road_Surface_Conditions,Light_Conditions,Speed_limit,Urban_or_Rural_Area,Year_y
2007070244532,36 - 45,5.0,Urban area,6.0,1796.0,,,Other/Not known (2005-10),Not at or within 20 metres of junction,MG,ZR+,Petrol,Female,,No tow/articulation,Did not leave carriageway,0.0,Waiting to go - held up,2.0,Car,No,Offside,2007.0,Slight,Fine no high winds,Dry,Daylight,30.0,Urban,2007.0
200463DP31504,16 - 20,7.0,Small town,,1195.0,,,Data missing or out of range,Data missing or out of range,VAUXHALL,CORSA MERIT 1.2,Petrol,Male,,No tow/articulation,Nearside,0.0,Going ahead other,1.0,109,Data missing or out of range,Front,2004.0,,,,,,,
200701VW65601,36 - 45,9.0,Urban area,4.0,1527.0,,,Other/Not known (2005-10),Cleared junction or waiting/parked at junction exit,ROVER,100 ASCOT SE DIESEL,Heavy oil,Not known,,No tow/articulation,Did not leave carriageway,0.0,Parked,3.0,Car,No,Back,2007.0,Serious,Fine no high winds,Dry,Darkness - lights lit,30.0,Urban,2007.0
200446NK03157,26 - 35,,Data missing or out of range,,749.0,,,Data missing or out of range,Data missing or out of range,SUZUKI,GSXR 750 K4,Petrol,Male,Skidded,No tow/articulation,Did not leave carriageway,0.0,Going ahead left-hand bend,1.0,106,Data missing or out of range,Nearside,2004.0,,,,,,,
200701KF60042,36 - 45,7.0,Urban area,1.0,3199.0,Kerb,,Other/Not known (2005-10),Not at or within 20 metres of junction,MERCEDES,SLK 320,Petrol,Male,,No tow/articulation,Did not leave carriageway,0.0,Going ahead other,1.0,Car,No,Nearside,2007.0,Slight,Fine no high winds,Dry,Darkness - lights lit,30.0,Urban,2007.0
200406J902448,21 - 25,2.0,Data missing or out of range,,498.0,,,Data missing or out of range,Data missing or out of range,KAWASAKI,EX500 E9,Petrol,Male,,No tow/articulation,Did not leave carriageway,0.0,Going ahead left-hand bend,1.0,106,Data missing or out of range,Front,2004.0,,,,,,,
200801PY20583,36 - 45,4.0,Urban area,10.0,3200.0,,,Other/Not known (2005-10),Entering main road,MITSUBISHI,SHOGUN DI-D ELEG-CE LWB A,Heavy oil,Female,,No tow/articulation,Did not leave carriageway,0.0,Turning right,1.0,Car,No,Offside,2008.0,Slight,Fine no high winds,Dry,Daylight,30.0,Urban,2008.0
200401PL60310,56 - 65,5.0,Urban area,4.0,1834.0,,,Data missing or out of range,Data missing or out of range,MITSUBISHI,CARISMA GLSI AUTO,Petrol,Male,,No tow/articulation,Did not leave carriageway,0.0,Going ahead other,1.0,109,Data missing or out of range,Back,2004.0,,,,,,,
200643R101096,46 - 55,,Urban area,9.0,1596.0,,,Other/Not known (2005-10),Mid Junction - on roundabout or on main road,FORD,FOCUS ZETEC CLIMATE AUTO,Petrol,Female,,No tow/articulation,Did not leave carriageway,0.0,Waiting to go - held up,2.0,Car,No,Back,2006.0,Slight,Fine no high winds,Dry,Daylight,30.0,Urban,2006.0
2005620141138,36 - 45,,Rural,,1968.0,,,Other/Not known (2005-10),Mid Junction - on roundabout or on main road,AUDI,A3 SPORT TDI,Heavy oil,Female,,No tow/articulation,Did not leave carriageway,0.0,Going ahead other,2.0,Car,No,Back,2005.0,Slight,Fine no high winds,Dry,Daylight,30.0,Urban,2005.0
200614A087406,26 - 35,8.0,Urban area,4.0,1581.0,,,Other/Not known (2005-10),Approaching junction or waiting/parked at junction approach,FIAT,BRAVA 1.6 SX,Petrol,Female,,No tow/articulation,Did not leave carriageway,0.0,Going ahead other,1.0,Car,No,Front,2006.0,Slight,Raining no high winds,Wet or damp,Daylight,30.0,Urban,2006.0
2004131167804,Data missing or out of range,,Data missing or out of range,,2401.0,,,Data missing or out of range,Data missing or out of range,VOLVO,V70 D5 SE AUTO,Heavy oil,Not known,,No tow/articulation,Did not leave carriageway,0.0,Going ahead other,2.0,109,Data missing or out of range,Front,2004.0,,,,,,,
200801ZD30275,26 - 35,12.0,Urban area,2.0,1108.0,,,Other/Not known (2005-10),Not at or within 20 metres of junction,FIAT,PUNTO 55 SX,Petrol,Male,,No tow/articulation,Did not leave carriageway,1.0,Going ahead other,1.0,Car,No,Nearside,2008.0,Slight,Raining no high winds,Wet or damp,Darkness - lights lit,30.0,Urban,2008.0
200597NC01002,56 - 65,1.0,Small town,,1461.0,,,Other/Not known (2005-10),Not at or within 20 metres of junction,RENAULT,MEGANE DYNAMIQUE DCI 80,Heavy oil,Male,,No tow/articulation,Did not leave carriageway,0.0,Going ahead other,2.0,Car,No,Front,2005.0,Slight,Fine no high winds,Wet or damp,Darkness - no lighting,60.0,Rural,2005.0
200637G020647,46 - 55,8.0,Urban area,3.0,1970.0,,,Other/Not known (2005-10),Leaving roundabout,ALFA ROMEO,156 2.0 T SPARK,Petrol,Male,,No tow/articulation,Did not leave carriageway,0.0,Turning left,1.0,Car,No,Front,2006.0,Slight,Raining no high winds,Wet or damp,Darkness - lights lit,30.0,Urban,2006.0
2004530AI0786,46 - 55,21.0,Rural,8.0,,,,Data missing or out of range,Data missing or out of range,LEYLAND NATIONAL,,Heavy oil,Male,,No tow/articulation,Did not leave carriageway,0.0,Going ahead other,2.0,Bus or coach (17 or more pass seats),Data missing or out of range,Front,2004.0,,,,,,,
200701TX20189,26 - 35,3.0,Urban area,4.0,1794.0,,,Other/Not known (2005-10),Mid Junction - on roundabout or on main road,TOYOTA,AVENSIS T2 SEMI-AUTO,Petrol,Male,,No tow/articulation,Did not leave carriageway,0.0,Turning right,1.0,Car,No,Nearside,2007.0,Slight,Fine no high winds,Dry,Daylight,40.0,Urban,2007.0
2007440196057,26 - 35,1.0,Urban area,3.0,636.0,Kerb,,Other/Not known (2005-10),Not at or within 20 metres of junction,KAWASAKI,ZX 636 C6F,Petrol,Male,,No tow/articulation,Did not leave carriageway,0.0,Going ahead other,2.0,Motorcycle over 500cc,No,Nearside,2007.0,Slight,Fine no high winds,Dry,Daylight,50.0,Urban,2007.0
200805EE27729,36 - 45,8.0,Urban area,1.0,1850.0,,,Other/Not known (2005-10),Mid Junction - on roundabout or on main road,HONDA,ACCORD VTEC S,Petrol,Male,,No tow/articulation,Did not leave carriageway,0.0,Going ahead other,1.0,Car,No,Front,2008.0,Slight,Fine no high winds,Wet or damp,Daylight,30.0,Urban,2008.0
2007230790040,36 - 45,2.0,Urban area,,1299.0,,Tree,Commuting to/from work,Approaching junction or waiting/parked at junction approach,TOYOTA,YARIS COLOUR COLLECTION,Petrol,Female,Skidded,No tow/articulation,Nearside,0.0,Going ahead other,2.0,Car,No,Nearside,2007.0,Slight,Raining + high winds,Wet or damp,Darkness - no lighting,60.0,Rural,2007.0
200730C000483,36 - 45,4.0,Small town,10.0,2401.0,,,Other/Not known (2005-10),Not at or within 20 metres of junction,VOLVO,V70 D5 SE,Heavy oil,Male,,No tow/articulation,Did not leave carriageway,0.0,U-turn,2.0,Car,No,Offside,2007.0,Slight,Fine no high winds,Dry,Daylight,40.0,Urban,2007.0
200604FE06069,56 - 65,,Rural,8.0,2521.0,,,Other/Not known (2005-10),Approaching junction or waiting/parked at junction approach,FORD,FOCUS ST-3,Petrol,Female,,No tow/articulation,Did not leave carriageway,0.0,Going ahead other,2.0,Car,No,Offside,2006.0,Serious,Fine no high winds,Dry,Daylight,30.0,Urban,2006.0
2005520154202,36 - 45,3.0,Data missing or out of range,,954.0,,,Other/Not known (2005-10),Mid Junction - on roundabout or on main road,HONDA,CBR 900RR-2,Petrol,Male,,No tow/articulation,Did not leave carriageway,0.0,Overtaking static vehicle - offside,2.0,Motorcycle over 500cc,No,Front,2005.0,Slight,Fine no high winds,Frost or ice,Daylight,20.0,Urban,2005.0
2004440BB0849,26 - 35,2.0,Urban area,,1590.0,,,Data missing or out of range,Data missing or out of range,HONDA,CIVIC SE EXECUTIVE,Petrol,Female,,No tow/articulation,Did not leave carriageway,0.0,Moving off,2.0,109,Data missing or out of range,Back,2004.0,,,,,,,
20043108D0098,21 - 25,1.0,Urban area,2.0,1396.0,,Entered ditch,Data missing or out of range,Data missing or out of range,ROVER,25 IMPRESSION S3,Petrol,Male,Skidded,No tow/articulation,Offside,0.0,Going ahead other,1.0,109,Data missing or out of range,Front,2004.0,,,,,,,
2005330503597,16 - 20,8.0,Small town,10.0,1840.0,,Road sign or traffic signal,Other/Not known (2005-10),Not at or within 20 metres of junction,MAZDA,323 EXECUTIVE AUTO,Petrol,Female,Skidded,No tow/articulation,Nearside,0.0,Going ahead right-hand bend,1.0,Car,No,Offside,2005.0,Slight,Raining no high winds,Wet or damp,Daylight,60.0,Rural,2005.0
2004130160404,21 - 25,,Urban area,1.0,,,,Data missing or out of range,Data missing or out of range,IVECO-FORD,,,Male,,No tow/articulation,Did not leave carriageway,0.0,U-turn,1.0,Goods 7.5 tonnes mgw and over,Data missing or out of range,Offside,2004.0,,,,,,,
200505BB01974,36 - 45,11.0,Urban area,7.0,1580.0,,,Taking pupil to/from school,Mid Junction - on roundabout or on main road,PEUGEOT,205 JUNIOR AUTO,Petrol,Female,,No tow/articulation,Did not leave carriageway,0.0,Going ahead other,2.0,Car,No,Offside,2005.0,Slight,Fine no high winds,Dry,Daylight,30.0,Urban,2005.0
2006950010449,56 - 65,9.0,Rural,,1391.0,,,Other/Not known (2005-10),Not at or within 20 metres of junction,SEAT,IBIZA 1.4 SE,Petrol,Female,,No tow/articulation,Did not leave carriageway,0.0,Going ahead other,1.0,Car,No,Offside,2006.0,Slight,Raining no high winds,Wet or damp,Darkness - lights lit,30.0,Rural,2006.0
200801BS70634,26 - 35,4.0,Urban area,1.0,599.0,,,Other/Not known (2005-10),Mid Junction - on roundabout or on main road,HONDA,CBF 600 N-4,Petrol,Male,,No tow/articulation,Did not leave carriageway,0.0,Going ahead right-hand bend,1.0,Motorcycle over 500cc,No,Front,2008.0,Slight,Fine no high winds,Dry,Daylight,30.0,Urban,2008.0
2007620173060,26 - 35,2.0,Urban area,,101.0,,,Other/Not known (2005-10),Approaching junction or waiting/parked at junction approach,SYM,JET 100 - EURO X,Petrol,Male,,No tow/articulation,Did not leave carriageway,0.0,Going ahead other,2.0,Motorcycle 125cc and under,No,Front,2007.0,Slight,Unknown,Dry,Darkness - lighting unknown,30.0,Urban,2007.0
2007470707990,36 - 45,1.0,Rural,7.0,2231.0,,,Other/Not known (2005-10),Mid Junction - on roundabout or on main road,TOYOTA,RAV4 XT3 D-4D,Heavy oil,Female,,No tow/articulation,Did not leave carriageway,0.0,Going ahead other,2.0,Car,No,Front,2007.0,Slight,Raining no high winds,Dry,Daylight,50.0,Rural,2007.0
2005440548882,56 - 65,2.0,Urban area,6.0,997.0,,,Other/Not known (2005-10),Approaching junction or waiting/parked at junction approach,APRILIA,,Petrol,Male,,No tow/articulation,Did not leave carriageway,0.0,Going ahead left-hand bend,1.0,Motorcycle over 500cc,No,Front,2005.0,Slight,Fine no high winds,Dry,Daylight,60.0,Rural,2005.0
2006130942306,56 - 65,5.0,Urban area,7.0,2172.0,,,Journey as part of work,Approaching junction or waiting/parked at junction approach,VAUXHALL,OMEGA CDX DTI,Heavy oil,Male,,No tow/articulation,Did not leave carriageway,0.0,Waiting to turn right,1.0,Car,No,Offside,2006.0,Slight,Raining no high winds,Wet or damp,Darkness - lights lit,30.0,Urban,2006.0
200732B257407,26 - 35,10.0,Urban area,2.0,1495.0,,,Other/Not known (2005-10),Not at or within 20 metres of junction,HYUNDAI,ACCENT MVI,Petrol,Male,,No tow/articulation,Did not leave carriageway,0.0,Going ahead other,1.0,Car,No,Front,2007.0,Slight,Fine no high winds,Dry,Darkness - lights lit,30.0,Urban,2007.0
200806K092067,16 - 20,2.0,Urban area,9.0,124.0,,,Commuting to/from work,Cleared junction or waiting/parked at junction exit,HONDA,XR 125 L-5,Petrol,Male,,No tow/articulation,Did not leave carriageway,0.0,Overtaking moving vehicle - offside,2.0,Motorcycle 125cc and under,No,Front,2008.0,Slight,Raining no high winds,Wet or damp,Daylight,30.0,Urban,2008.0
200420E043202,56 - 65,2.0,Data missing or out of range,,1951.0,,,Data missing or out of range,Data missing or out of range,ROVER,75 CONNOISSEUR SE CDT TOUR,Heavy oil,Female,Skidded,No tow/articulation,Did not leave carriageway,0.0,Going ahead other,1.0,109,Data missing or out of range,Front,2004.0,,,,,,,
20053102B2694,26 - 35,3.0,Rural,,1396.0,,,Commuting to/from work,Mid Junction - on roundabout or on main road,ROVER,25 IMPRESSION S,Petrol,Female,,No tow/articulation,Did not leave carriageway,0.0,Going ahead other,2.0,Car,No,Front,2005.0,Slight,Fine no high winds,Wet or damp,Daylight,60.0,Rural,2005.0
2007217001919,56 - 65,7.0,Urban area,8.0,4008.0,,,Other/Not known (2005-10),Approaching junction or waiting/parked at junction approach,FORD,EXPLORER NORTH FACE AUTO,Petrol,Female,,No tow/articulation,Did not leave carriageway,0.0,Waiting to go - held up,1.0,Car,No,Back,2007.0,Slight,Fine no high winds,Dry,Darkness - no lighting,70.0,Rural,2007.0
200401TB00372,26 - 35,,Urban area,2.0,,,,Data missing or out of range,Data missing or out of range,YAMAHA,,,Male,,No tow/articulation,Did not leave carriageway,0.0,Parked,1.0,109,Data missing or out of range,Front,2004.0,,,,,,,
2006130979106,26 - 35,2.0,Urban area,,1461.0,,Entered ditch,Commuting to/from work,Not at or within 20 metres of junction,RENAULT,MEGANE DYNAMIQUE DCI 80,Heavy oil,Male,Skidded,No tow/articulation,Offside,0.0,Overtaking moving vehicle - offside,1.0,Car,No,Offside,2006.0,Slight,Fine no high winds,Dry,Darkness - no lighting,60.0,Rural,2006.0
200730C000074,46 - 55,2.0,Rural,9.0,1560.0,,,Journey as part of work,Entering main road,PEUGEOT,307 QUIKSILVER HDI,Heavy oil,Female,,No tow/articulation,Did not leave carriageway,0.0,Going ahead other,2.0,Car,No,Front,2007.0,Slight,Fine no high winds,Wet or damp,Daylight,60.0,Rural,2007.0
200514B136605,21 - 25,2.0,Urban area,4.0,1896.0,,,Journey as part of work,Approaching junction or waiting/parked at junction approach,SKODA,FABIA COMFORT SDI,Heavy oil,Male,,No tow/articulation,Did not leave carriageway,0.0,Going ahead other,1.0,Car,No,Front,2005.0,Slight,Fine no high winds,Dry,Daylight,30.0,Urban,2005.0
20044100C0069,36 - 45,,Urban area,10.0,,,,Data missing or out of range,Data missing or out of range,FORD,RANGER SUPER CAB,,Male,,No tow/articulation,Did not leave carriageway,0.0,Turning right,4.0,109,Data missing or out of range,Front,2004.0,,,,,,,
2004440DH0237,36 - 45,,Urban area,8.0,,,,Data missing or out of range,Data missing or out of range,SKODA,OCTAVIA LX SDI,,Male,,No tow/articulation,Did not leave carriageway,0.0,Going ahead other,1.0,108,Data missing or out of range,Front,2004.0,,,,,,,
200701YE80689,Data missing or out of range,,Data missing or out of range,,1364.0,,,Other/Not known (2005-10),Not at or within 20 metres of junction,VAUXHALL,ASTRA SXI TWINPORT,Petrol,Not known,,No tow/articulation,Did not leave carriageway,0.0,Going ahead other,2.0,Car,No,Front,2007.0,Slight,Fine no high winds,Wet or damp,Darkness - lights lit,30.0,Urban,2007.0
2005130134305,26 - 35,1.0,Urban area,3.0,1124.0,,,Other/Not known (2005-10),Approaching junction or waiting/parked at junction approach,PEUGEOT,206 S,Petrol,Female,,No tow/articulation,Did not leave carriageway,0.0,Waiting to go - held up,1.0,Car,No,Back,2005.0,Slight,Fine no high winds,Dry,Daylight,30.0,Urban,2005.0
2005360030050,36 - 45,15.0,Urban area,5.0,1388.0,,,Other/Not known (2005-10),Not at or within 20 metres of junction,VAUXHALL,ASTRA STARLIGHT,Petrol,Male,,No tow/articulation,Did not leave carriageway,0.0,Going ahead right-hand bend,2.0,Car,No,Front,2005.0,Slight,Fine no high winds,Dry,Daylight,50.0,Rural,2005.0
200804TA08114,36 - 45,6.0,Urban area,10.0,1840.0,,,Commuting to/from work,Approaching junction or waiting/parked at junction approach,MAZDA,MX-5 1.8I,Petrol,Female,,No tow/articulation,Did not leave carriageway,0.0,Going ahead other,2.0,Car,No,Back,2008.0,Slight,Fine no high winds,Dry,Daylight,70.0,Rural,2008.0
200701KG67693,26 - 35,7.0,Urban area,2.0,1998.0,,Central crash barrier,Other/Not known (2005-10),Not at or within 20 metres of junction,MERCEDES,C200 CLASSIC AUTO,Petrol,Male,Skidded,No tow/articulation,Did not leave carriageway,0.0,Overtaking - nearside,2.0,Car,No,Offside,2007.0,Slight,Fine no high winds,Dry,Daylight,40.0,Urban,2007.0
2004100883504,26 - 35,1.0,Urban area,2.0,1390.0,,Central crash barrier,Data missing or out of range,Data missing or out of range,VOLKSWAGEN,GOLF MATCH,Petrol,Male,Skidded,No tow/articulation,Offside on to central reservation,0.0,Going ahead other,6.0,109,Data missing or out of range,Front,2004.0,,,,,,,
200501TC00416,26 - 35,1.0,Urban area,9.0,124.0,,,Other/Not known (2005-10),Mid Junction - on roundabout or on main road,PIAGGIO,VESPA GT 125,Petrol,Male,,No tow/articulation,Did not leave carriageway,0.0,Going ahead other,1.0,Motorcycle 125cc and under,No,Offside,2005.0,Serious,Fine no high winds,Dry,Darkness - lights lit,40.0,Urban,2005.0
2007520714921,16 - 20,2.0,Data missing or out of range,,7300.0,,,Other/Not known (2005-10),Not at or within 20 metres of junction,VOLVO,,Heavy oil,Not known,,No tow/articulation,Did not leave carriageway,0.0,Going ahead other,1.0,Bus or coach (17 or more pass seats),No,Did not impact,2007.0,Slight,Fine no high winds,Dry,Daylight,30.0,Urban,2007.0
200601ZT80395,36 - 45,12.0,Urban area,3.0,2398.0,,,Taking pupil to/from school,Mid Junction - on roundabout or on main road,TOYOTA,,Petrol,Male,,No tow/articulation,Did not leave carriageway,0.0,Reversing,1.0,Car,No,Back,2006.0,Slight,Fine no high winds,Dry,Daylight,30.0,Urban,2006.0
2004520164411,16 - 20,15.0,Urban area,2.0,400.0,,,Data missing or out of range,Data missing or out of range,SUZUKI,,Petrol,Male,Skidded and overturned,No tow/articulation,Did not leave carriageway,0.0,Turning right,1.0,106,Data missing or out of range,Nearside,2004.0,,,,,,,
200450A31M266,56 - 65,6.0,Data missing or out of range,,1389.0,,,Data missing or out of range,Data missing or out of range,VAUXHALL,TIGRA CHEQUERS,Petrol,Female,,No tow/articulation,Did not leave carriageway,0.0,Going ahead other,1.0,109,Data missing or out of range,Front,2004.0,,,,,,,
200606A042778,16 - 20,8.0,Data missing or out of range,,1242.0,,,Other/Not known (2005-10),Approaching junction or waiting/parked at junction approach,FIAT,PUNTO SX 60,Petrol,Female,,No tow/articulation,Did not leave carriageway,0.0,Waiting to turn right,3.0,Car,No,Offside,2006.0,Slight,Fine no high winds,Dry,Daylight,30.0,Urban,2006.0
2004360025955,36 - 45,7.0,Urban area,,1002.0,,,Data missing or out of range,Data missing or out of range,YAMAHA,,Petrol,Male,Skidded,No tow/articulation,Nearside,0.0,Overtaking moving vehicle - offside,2.0,106,Data missing or out of range,Front,2004.0,,,,,,,
200514A178205,36 - 45,14.0,Urban area,6.0,1769.0,,,Journey as part of work,Approaching junction or waiting/parked at junction approach,FORD,SIERRA CHASSEUR,Petrol,Female,,No tow/articulation,Did not leave carriageway,0.0,Going ahead other,1.0,Car,No,Front,2005.0,Slight,Fine no high winds,Dry,Daylight,30.0,Urban,2005.0
200801YR90623,Data missing or out of range,6.0,Data missing or out of range,,1998.0,,,Other/Not known (2005-10),Cleared junction or waiting/parked at junction exit,TOYOTA,AVENSIS VERSO GLS VVTI,Petrol,Male,,No tow/articulation,Did not leave carriageway,0.0,Going ahead other,2.0,Car,No,Front,2008.0,Slight,Fine no high winds,Dry,Daylight,30.0,Urban,2008.0
2005160D07180,56 - 65,9.0,Urban area,6.0,12130.0,,,Other/Not known (2005-10),Approaching junction or waiting/parked at junction approach,VOLVO,,Heavy oil,Male,,No tow/articulation,Did not leave carriageway,0.0,Going ahead other,1.0,Goods 7.5 tonnes mgw and over,No,Front,2005.0,Fatal,Raining + high winds,Wet or damp,Darkness - lights lit,40.0,Urban,2005.0
200750C21F245,21 - 25,7.0,Rural,5.0,1984.0,,Other permanent object,Data missing or out of range,Not at or within 20 metres of junction,SKODA,OCTAVIA GLXI,Petrol,Male,,No tow/articulation,Offside,0.0,Going ahead other,1.0,Car,No,Front,2007.0,Slight,Raining no high winds,Wet or damp,Daylight,60.0,Rural,2007.0
200745WA08392,Data missing or out of range,8.0,Urban area,10.0,3996.0,,,Other/Not known (2005-10),Not at or within 20 metres of junction,JAGUAR,XK8 COUPE AUTO,Petrol,Male,,No tow/articulation,Did not leave carriageway,0.0,Slowing or stopping,3.0,Car,No,Back,2007.0,Slight,Fine no high winds,Dry,Daylight,70.0,Rural,2007.0
2004360026542,66 - 75,9.0,Data missing or out of range,,2663.0,,,Data missing or out of range,Data missing or out of range,NISSAN,TERRANO II SLX,Heavy oil,Male,,Single trailer,Did not leave carriageway,0.0,Waiting to turn right,2.0,109,Data missing or out of range,Back,2004.0,,,,,,,
2007520713639,16 - 20,15.0,Urban area,4.0,1390.0,,,Other/Not known (2005-10),Not at or within 20 metres of junction,RENAULT,CLIO BACCARA AUTO,Petrol,Female,,No tow/articulation,Did not leave carriageway,0.0,Slowing or stopping,1.0,Car,No,Back,2007.0,Slight,Fine no high winds,Dry,Darkness - lighting unknown,40.0,Rural,2007.0
2006950008830,46 - 55,1.0,Urban area,,1157.0,,,Other/Not known (2005-10),Not at or within 20 metres of junction,SUZUKI,GSF 1200 SZ K5,Petrol,Male,Overturned,No tow/articulation,Did not leave carriageway,0.0,Going ahead other,2.0,Motorcycle over 125cc and up to 500cc,No,Offside,2006.0,Slight,Fine no high winds,Dry,Daylight,30.0,Urban,2006.0
200605BB10559,36 - 45,5.0,Urban area,9.0,1898.0,,,Other/Not known (2005-10),Mid Junction - on roundabout or on main road,MERCEDES,A190 AVANTGARDE,Petrol,Female,,No tow/articulation,Did not leave carriageway,0.0,Turning right,2.0,Car,No,Front,2006.0,Slight,Fine no high winds,Dry,Daylight,30.0,Urban,2006.0
200597KA03509,26 - 35,2.0,Urban area,,1598.0,,,Other/Not known (2005-10),Not at or within 20 metres of junction,RENAULT,MEGANE SCENIC FIDJI 16V,Petrol,Male,,No tow/articulation,Did not leave carriageway,0.0,Parked,2.0,Car,No,Back,2005.0,Slight,Fine no high winds,Dry,Daylight,30.0,Urban,2005.0
200791NE25750,46 - 55,2.0,Rural,,1896.0,,Entered ditch,Other/Not known (2005-10),Not at or within 20 metres of junction,VOLKSWAGEN,PASSAT TRENDLINE TDI 100,Heavy oil,Female,,No tow/articulation,Nearside,0.0,Going ahead left-hand bend,1.0,Car,No,Front,2007.0,Serious,Fine no high winds,Wet or damp,Daylight,60.0,Rural,2007.0
200805BB28851,46 - 55,1.0,Urban area,7.0,2993.0,,,Other/Not known (2005-10),Not at or within 20 metres of junction,BMW,535D M SPORT A,Heavy oil,Male,,No tow/articulation,Did not leave carriageway,0.0,Moving off,1.0,Car,No,Offside,2008.0,Slight,Fine no high winds,Dry,Darkness - lights lit,30.0,Urban,2008.0
2005440682807,46 - 55,3.0,Urban area,10.0,954.0,Kerb,Entered ditch,Other/Not known (2005-10),Not at or within 20 metres of junction,HONDA,CBR 900RR-2,Petrol,Male,Skidded,No tow/articulation,Nearside,0.0,Going ahead right-hand bend,1.0,Motorcycle over 500cc,No,Front,2005.0,Serious,Fine no high winds,Dry,Daylight,40.0,Rural,2005.0
200620K090602,Data missing or out of range,6.0,Urban area,1.0,1769.0,,,Other/Not known (2005-10),Approaching junction or waiting/parked at junction approach,NISSAN,PRIMERA S,Petrol,Male,,No tow/articulation,Did not leave carriageway,0.0,Going ahead other,1.0,Car,No,Front,2006.0,Slight,Fine no high winds,Dry,Daylight,30.0,Urban,2006.0
200606L050258,26 - 35,7.0,Urban area,7.0,1799.0,,,Other/Not known (2005-10),Mid Junction - on roundabout or on main road,VAUXHALL,VECTRA ARCTIC 16V,Petrol,Male,,No tow/articulation,Did not leave carriageway,0.0,Turning right,1.0,Car,No,Did not impact,2006.0,Slight,Fine no high winds,Wet or damp,Daylight,40.0,Rural,2006.0
200501SX20843,26 - 35,4.0,Urban area,10.0,1497.0,,,Other/Not known (2005-10),Not at or within 20 metres of junction,NISSAN,ALMERA ELEGANCE,Petrol,Male,,No tow/articulation,Did not leave carriageway,0.0,Going ahead other,2.0,Car,No,Back,2005.0,Slight,Fine no high winds,Dry,Daylight,30.0,Urban,2005.0
200637G020345,16 - 20,2.0,Urban area,,49.0,,,Other/Not known (2005-10),Approaching junction or waiting/parked at junction approach,SUZUKI,AY 50 WK3,Petrol,Male,Skidded,No tow/articulation,Did not leave carriageway,0.0,Going ahead left-hand bend,3.0,Motorcycle 50cc and under,No,Front,2006.0,Slight,Fine no high winds,Dry,Darkness - lights lit,30.0,Urban,2006.0
200801ZT80467,21 - 25,10.0,Urban area,7.0,1596.0,,,Other/Not known (2005-10),Approaching junction or waiting/parked at junction approach,BMW,316I SE TOURING,Petrol,Male,,No tow/articulation,Did not leave carriageway,0.0,Going ahead other,1.0,Car,No,Nearside,2008.0,Slight,Raining no high winds,Wet or damp,Darkness - lights lit,30.0,Urban,2008.0
200730B000472,36 - 45,7.0,Small town,7.0,955.0,,,Other/Not known (2005-10),Not at or within 20 metres of junction,TRIUMPH,SPEED TRIPLE 955I,Petrol,Male,Skidded,No tow/articulation,Offside,0.0,Going ahead other,1.0,Motorcycle over 500cc,No,Nearside,2007.0,Slight,Fine no high winds,Dry,Daylight,60.0,Rural,2007.0
2005555W05736,16 - 20,7.0,Urban area,8.0,1994.0,,,Data missing or out of range,Not at or within 20 metres of junction,ROVER,220 SDI,Heavy oil,Male,Skidded,No tow/articulation,Did not leave carriageway,0.0,Going ahead left-hand bend,1.0,Car,Data missing or out of range,Front,2005.0,Slight,Fine no high winds,Frost or ice,Daylight,60.0,Rural,2005.0
2007030002532,66 - 75,3.0,Rural,5.0,2495.0,,,Journey as part of work,Entering main road,LAND ROVER,,Heavy oil,Male,,No tow/articulation,Did not leave carriageway,0.0,Waiting to turn right,1.0,Car,No,Front,2007.0,Slight,Fine no high winds,Dry,Daylight,60.0,Rural,2007.0
200642I346307,21 - 25,4.0,Urban area,3.0,1870.0,,,Other/Not known (2005-10),Not at or within 20 metres of junction,RENAULT,LAGUNA AUTHENTIQUE DCI,Heavy oil,Male,,No tow/articulation,Did not leave carriageway,0.0,Going ahead other,1.0,Car,No,Nearside,2006.0,Slight,Fine no high winds,Dry,Daylight,30.0,Urban,2006.0
2004610086504,36 - 45,5.0,Small town,4.0,11021.0,,,Data missing or out of range,Data missing or out of range,SCANIA,,Heavy oil,Male,,Articulated vehicle,Did not leave carriageway,0.0,Going ahead left-hand bend,2.0,Goods 7.5 tonnes mgw and over,Data missing or out of range,Offside,2004.0,,,,,,,
200597EA04412,26 - 35,10.0,Urban area,,1343.0,,,Other/Not known (2005-10),Entering main road,HONDA,CIVIC GLACIER,Petrol,Male,,No tow/articulation,Did not leave carriageway,0.0,Turning right,1.0,Car,No,Front,2005.0,Serious,Fine no high winds,Wet or damp,Darkness - lights lit,30.0,Urban,2005.0